outlier_method,time_window,phase,n_obs,r2_ofi_only,r2_tfi_only,r2_combined,r2_gain_from_tfi,beta_ofi_combined,beta_tfi_combined,p_ofi_combined,p_tfi_combined,beta_ofi_solo,p_ofi_solo,beta_tfi_solo,p_tfi_solo
Z-Score (3),1,Phase 1: Early,7386,0.044886437345816654,0.0003406266513377165,0.04517756923804539,0.00029113189222873537,2.1633093053176656e-06,9.167722079223649e-07,3.956465954341511e-12,0.01458505684300863,2.164456152747824e-06,3.982602170151395e-12,9.916227024411802e-07,0.011588218956975444
Z-Score (3),1,Phase 2: Middle,7435,0.07262199988536033,3.092122253800511e-06,0.07264585665581125,2.3856770450914055e-05,2.71794355060411e-06,1.4764811766412e-07,5.1992710083342995e-37,0.7187900361090357,2.71737227605441e-06,4.496012254887396e-37,5.315219487505959e-08,0.9007487655716975
Z-Score (3),1,Phase 3: Near Expiry,7411,0.12789801799544143,0.00012358996685635226,0.12800014658260606,0.00010212858716462936,2.515578472448475e-06,-1.0820522169091704e-07,7.627381756824983e-89,0.3334915545325404,2.5157794987852246e-06,7.617494652257434e-89,-1.1903219129922673e-07,0.3290037323729156
Z-Score (3),5,Phase 1: Early,1765,0.06121444304126533,2.5664446052786616e-06,0.06133587899403514,0.00012143595276981056,2.27057094490135e-06,-3.4002288443742537e-07,6.04029931045499e-12,0.41026107597270145,2.2667284390328134e-06,5.341885387025423e-12,-4.939535703356042e-08,0.9127897637111845
Z-Score (3),5,Phase 2: Middle,1774,0.11828187410155955,0.00032732912094723954,0.11920955748381612,0.0009276833822565722,2.7925972316703054e-06,5.536962614807867e-07,6.730359520235004e-20,0.11404882372711099,2.7837416361735206e-06,7.337539101710906e-20,3.286881271275384e-07,0.35443867869212964
Z-Score (3),5,Phase 3: Near Expiry,1774,0.25699608178954303,0.00020576405682970478,0.25704269563100035,4.661384145732139e-05,2.779087187976786e-06,-4.915491026438467e-08,1.0318272694515393e-39,0.771894787568091,2.777524020325017e-06,2.2047377888695533e-39,1.0318471142517211e-07,0.6420197416559179
Z-Score (3),10,Phase 1: Early,889,0.10356644013021588,0.00013546149267940066,0.10381657328586757,0.00025013315565169947,2.459055374938365e-06,-4.4831546582733487e-07,1.755872890306438e-09,0.7150240153097132,2.4574882614698113e-06,1.4080741837052212e-09,-3.2989023518459066e-07,0.7952704147697153
Z-Score (3),10,Phase 2: Middle,894,0.15784423134960313,0.0029932973472587276,0.1616512160645519,0.00380698471494878,2.820221588247803e-06,9.87354914008814e-07,6.515047019456958e-16,0.2187772052330752,2.812546259455411e-06,6.251531768926247e-16,8.75367899277094e-07,0.2931139067523266
Z-Score (3),10,Phase 3: Near Expiry,899,0.33953359620425616,0.0013794869868459791,0.3398677832428135,0.0003341870385573653,2.8992816626241855e-06,1.0248276311844208e-07,7.548058125599539e-32,0.6118358985267291,2.9022318505316017e-06,2.0824984228037985e-31,2.081071378804696e-07,0.4168585673603775
Z-Score (3),15,Phase 1: Early,596,0.06774153430326124,0.00010371347531890063,0.06810921552030191,0.0003676812170406718,1.9951247161460196e-06,-4.561419222755652e-07,8.993211658221621e-09,0.4735736379837978,1.990063392347458e-06,7.989062426547983e-09,-2.4211585648246595e-07,0.7218790131853907
Z-Score (3),15,Phase 2: Middle,602,0.18041051160476318,0.0014884577428747603,0.18140161138624178,0.0009910997814785993,2.419159900593134e-06,3.497490768730547e-07,4.630577997579749e-13,0.3640045478498306,2.4221626217096532e-06,4.5216880758298e-13,4.2855385230347386e-07,0.30116159956091515
Z-Score (3),15,Phase 3: Near Expiry,598,0.35904775403393074,0.0012607521794953946,0.36370048728032744,0.004652733246396701,2.7618694244325833e-06,-3.8029275611149713e-07,3.1057585447738985e-33,0.035069506250607445,2.74484319292366e-06,5.691929872471354e-32,-1.976673917530478e-07,0.40524623328583775
Z-Score (3),20,Phase 1: Early,443,0.09109949014286745,0.000549563821384158,0.09223650339201883,0.0011370132491513862,2.368964456437675e-06,8.059447355024318e-07,1.1918583305180955e-10,0.18663657199536,2.3599991384452216e-06,2.664014625177885e-10,5.599904650250727e-07,0.4173790110911255
Z-Score (3),20,Phase 2: Middle,450,0.17926862922024256,0.002893917690232839,0.181436340550862,0.0021677113306194373,2.127326294516587e-06,4.3726043885538076e-07,1.1502935327520551e-12,0.17341249306013928,2.1313363166714086e-06,8.00456763315344e-13,5.051484094773864e-07,0.10281291983729678
Z-Score (3),20,Phase 3: Near Expiry,448,0.40455671985542807,2.731856668880539e-06,0.4069958222051486,0.0024391023497205566,2.8988843833989323e-06,-2.4082885289984464e-07,3.1533742558872502e-30,0.18048790108319612,2.8809318671038855e-06,4.850799338659695e-29,8.03393587285411e-09,0.9641841875369299
Z-Score (3),30,Phase 1: Early,295,0.10018641717147425,0.00021941148124138277,0.10096469549146125,0.0007782783199870025,2.487276033044072e-06,-6.073408498373442e-07,6.810318875619434e-13,0.5652585552634178,2.4782548775612624e-06,4.570102082576859e-13,-3.2219932443136735e-07,0.774671105678356
Z-Score (3),30,Phase 2: Middle,298,0.20601538970282218,0.00027994617843984937,0.20601818223382873,2.792531006545751e-06,2.642572025719992e-06,-1.757200711477457e-08,3.883069951056041e-10,0.9720138921496917,2.6421773257221368e-06,3.630644380193036e-10,1.7579334990298605e-07,0.7590002746969046
Z-Score (3),30,Phase 3: Near Expiry,300,0.3445228075073904,0.00026563932779244404,0.34714015743314464,0.002617349925754242,2.5643764637306534e-06,-1.9209362876376251e-07,7.389103530894815e-19,0.2140528761821212,2.5511804123292632e-06,1.9180230899430678e-18,-6.108925820870959e-08,0.7213466706569718
Z-Score (3),45,Phase 1: Early,197,0.14574349876378279,1.51546544245873e-05,0.1495908652676169,0.0038473665038341043,3.0586053211916136e-06,-1.2058321024212252e-06,6.352520435733065e-15,0.1964022931783781,2.9848137106446287e-06,3.70571284193478e-15,-7.481829615239813e-08,0.9415417111938958
Z-Score (3),45,Phase 2: Middle,199,0.23747119368773106,0.0009516834162324184,0.23762330556223998,0.00015211187450892005,2.2924777799149815e-06,-1.09969861985086e-07,3.299473512723428e-07,0.8150722391675502,2.294687129320097e-06,2.909083937364132e-07,-2.748681013037407e-07,0.6351951768875306
Z-Score (3),45,Phase 3: Near Expiry,200,0.4336062037535131,0.0016551477566096873,0.4382086907323548,0.004602486978841691,2.6249460806669803e-06,-2.894481551566686e-07,5.465661365701652e-18,0.2582832690982574,2.613853571590886e-06,1.6701252792927842e-17,-1.7343021770380034e-07,0.6101702900788277
Z-Score (3),60,Phase 1: Early,148,0.09975153551340088,2.7606227852028375e-05,0.10183836220689135,0.0020868266934904733,2.4708608168578077e-06,-7.715364864566601e-07,6.529657259206854e-14,0.3835423147958189,2.4144647295474863e-06,2.359730487432659e-12,8.760450316067489e-08,0.9335176388389996
Z-Score (3),60,Phase 2: Middle,150,0.3638970217353322,0.010243264755638526,0.3643434764532667,0.00044645471793447467,2.7293145812155387e-06,-1.6455699671527474e-07,9.00704763341812e-07,0.8323814901818027,2.7422098172548385e-06,2.3358401672602143e-06,-7.812099600483734e-07,0.5396482575014161
Z-Score (3),60,Phase 3: Near Expiry,151,0.297191096816914,0.0013899923469041786,0.3014284171421231,0.004237320325209071,1.9193582059914962e-06,-1.9932249355892767e-07,2.8106156812614273e-08,0.27684335843072794,1.90775677672987e-06,3.175640580693318e-08,-1.1401300179391977e-07,0.5749163520224329
Z-Score (3),90,Phase 1: Early,101,0.14755035267948413,0.08827355621672373,0.21330911902195315,0.06575876634246902,2.7295140702162156e-06,3.6180772726930685e-06,1.7535469696729222e-06,0.28044712867099375,2.9471236804017287e-06,5.777133986451219e-10,4.1665442292794074e-06,0.21611697482074366
Z-Score (3),90,Phase 2: Middle,101,0.4469465702965205,0.0025792182001217467,0.44775171433553806,0.0008051440390175468,2.884304079676635e-06,2.2919871797231234e-07,7.047902022944289e-09,0.6918792490932753,2.8698161452711154e-06,5.463002729784961e-09,-4.0735103453815296e-07,0.6542069700427176
Z-Score (3),90,Phase 3: Near Expiry,101,0.3823232755869317,0.0014082006487544652,0.39169536803043814,0.009372092443506452,2.232432450733916e-06,-3.102995893633898e-07,6.7745979170280676e-06,0.4991520346960442,2.1585241424155496e-06,5.589898963609974e-05,1.1750342874103349e-07,0.7974641391773479
