time_window,outlier_method,r_squared,beta,p_value,n_windows,phase
1,Raw,0.003225979607072634,-1.2957582128411698e-06,1.6969715757841047e-06,7093,Phase 1: Early
1,IQR (1.5x),0.001089749770213022,-3.513412671896087e-05,0.019604053419834115,4998,Phase 1: Early
1,Pctl (1%-99%),0.0007089027924079203,-1.5490545996191005e-06,0.026431645846354147,6951,Phase 1: Early
1,Z-Score (3),0.0012170704049549966,-1.7660035532186831e-06,0.0034674725459238314,7018,Phase 1: Early
1,Winsorized,0.0005157866216589349,-1.0490578655529706e-06,0.055796272474318856,7093,Phase 1: Early
1,Abs (200k),0.003225979607072634,-1.2957582128411698e-06,1.6969715757841047e-06,7093,Phase 1: Early
1,Abs (100k),0.00035138370807215997,-4.952131042309219e-07,0.11448286729382709,7091,Phase 1: Early
1,MAD (3),0.0007478682468400494,-5.163665171500405e-05,0.06496193485137129,4555,Phase 1: Early
1,Pctl (5%-95%),0.002124769207133198,-6.246385118981942e-06,0.00022964414650201314,6383,Phase 1: Early
5,Raw,0.0005222598748312755,3.5792050212058693e-07,0.3106724697136026,1970,Phase 1: Early
5,IQR (1.5x),0.00011261152204306097,-9.825819436032945e-07,0.6743737158920327,1570,Phase 1: Early
5,Pctl (1%-99%),9.256531316142535e-05,2.7965969544339386e-07,0.6727277689178051,1930,Phase 1: Early
5,Z-Score (3),0.00019139620995486253,3.850897127218218e-07,0.5421163984949476,1944,Phase 1: Early
5,Winsorized,0.0007443033736632594,6.915907163874531e-07,0.22614222801654293,1970,Phase 1: Early
5,Abs (200k),0.0005222598748312755,3.5792050212058693e-07,0.3106724697136026,1970,Phase 1: Early
5,Abs (100k),0.0044377870066461406,1.19522646172934e-06,0.0031098319419060345,1968,Phase 1: Early
5,MAD (3),0.001809492659911728,6.308074350473095e-06,0.10997352966994323,1413,Phase 1: Early
5,Pctl (5%-95%),0.00014665110887457665,-5.757315863329139e-07,0.6104513661633582,1772,Phase 1: Early
10,Raw,0.0023696925937179794,6.232304429259917e-07,0.12358259136199418,1002,Phase 1: Early
10,IQR (1.5x),4.2901878715056885e-07,2.619370505435887e-08,0.9846349508593568,867,Phase 1: Early
10,Pctl (1%-99%),0.0029449913774207055,1.0992054595598013e-06,0.0895203749261774,980,Phase 1: Early
10,Z-Score (3),0.001817991198207532,8.609138248919792e-07,0.181194157952686,985,Phase 1: Early
10,Winsorized,0.005417761285311411,1.2715669498478176e-06,0.019796215503325398,1002,Phase 1: Early
10,Abs (200k),0.0023696925937179794,6.232304429259917e-07,0.12358259136199418,1002,Phase 1: Early
10,Abs (100k),0.010658506078500904,1.4976942300692442e-06,0.0010777842918895156,1000,Phase 1: Early
10,MAD (3),0.00017686121591261735,-6.699300672068995e-07,0.7053117554537037,811,Phase 1: Early
10,Pctl (5%-95%),0.004049697125589343,2.047490401045298e-06,0.05633976315279042,900,Phase 1: Early
15,Raw,0.005146365276176367,7.349813085370127e-07,0.06347910885060122,670,Phase 1: Early
15,IQR (1.5x),0.0027339846649295017,-1.3429265062976625e-06,0.20548690798511568,588,Phase 1: Early
15,Pctl (1%-99%),0.004899480238899076,-9.807667920168545e-07,0.07320372751427484,656,Phase 1: Early
15,Z-Score (3),0.000322949399478702,-2.8997233533882403e-07,0.6461734828176269,655,Phase 1: Early
15,Winsorized,0.002604684724966988,5.921189262557079e-07,0.1870253309572757,670,Phase 1: Early
15,Abs (200k),0.005146365276176367,7.349813085370127e-07,0.06347910885060122,670,Phase 1: Early
15,Abs (100k),0.0003629513651997904,2.1374578879838418e-07,0.6230614852866874,668,Phase 1: Early
15,MAD (3),0.0007031341147761197,-7.578365488648726e-07,0.5271551012403495,571,Phase 1: Early
15,Pctl (5%-95%),0.00035999561889720535,4.2400470722744826e-07,0.6422155041862598,602,Phase 1: Early
20,Raw,0.0009164921319448315,3.054801693661496e-07,0.4985611034528834,502,Phase 1: Early
20,IQR (1.5x),0.0037679577410337246,1.4111079533914085e-06,0.19518746093216513,447,Phase 1: Early
20,Pctl (1%-99%),0.0008475849144830885,3.834272680734013e-07,0.5202623979527903,490,Phase 1: Early
20,Z-Score (3),0.007992804878839233,1.3639472736850585e-06,0.04816762858944798,489,Phase 1: Early
20,Winsorized,0.001797300062312805,4.6949804069297994e-07,0.3431682026947098,502,Phase 1: Early
20,Abs (200k),0.0009164921319448315,3.054801693661496e-07,0.4985611034528834,502,Phase 1: Early
20,Abs (100k),0.007877680888233485,9.879068555826537e-07,0.047300440207100045,500,Phase 1: Early
20,MAD (3),0.0028387736507445634,1.2953943730397264e-06,0.2647532490014762,440,Phase 1: Early
20,Pctl (5%-95%),0.0038225709533925654,1.26959877352243e-06,0.19048273526156023,450,Phase 1: Early
30,Raw,0.020631786853524434,1.2322480593214314e-06,0.008467398695013548,335,Phase 1: Early
30,IQR (1.5x),0.009436975593300354,1.7010645931043025e-06,0.0947126507456463,297,Phase 1: Early
30,Pctl (1%-99%),0.001854711379817482,4.4439060598316824e-07,0.4376586358099571,327,Phase 1: Early
30,Z-Score (3),0.016965933658386438,1.525980537780471e-06,0.01881661387148727,325,Phase 1: Early
30,Winsorized,0.019272233029215966,1.302302954164446e-06,0.010967387061133498,335,Phase 1: Early
30,Abs (200k),0.020631786853524434,1.2322480593214314e-06,0.008467398695013548,335,Phase 1: Early
30,Abs (100k),0.0030416893328525894,5.320673019069811e-07,0.31640107410479473,332,Phase 1: Early
30,MAD (3),0.016500990656437026,2.2661163266660334e-06,0.026597672250786547,298,Phase 1: Early
30,Pctl (5%-95%),0.0030970374617404965,8.156153037345317e-07,0.33593008357006926,301,Phase 1: Early
45,Raw,0.06679715329789994,2.0485201847403486e-06,9.108130804552301e-05,224,Phase 1: Early
45,IQR (1.5x),0.012378713100410183,1.5099868669014228e-06,0.1158517629194156,201,Phase 1: Early
45,Pctl (1%-99%),0.06888527891960916,2.388257667847892e-06,8.786324886116878e-05,218,Phase 1: Early
45,Z-Score (3),0.03567410807589176,1.7709236627254265e-06,0.005041056987914997,219,Phase 1: Early
45,Winsorized,0.06772254726053964,2.0904045513029977e-06,8.1082152605034e-05,224,Phase 1: Early
45,Abs (200k),0.06679715329789994,2.0485201847403486e-06,9.108130804552301e-05,224,Phase 1: Early
45,Abs (100k),0.06054804044148892,2.271075688845344e-06,0.0002280070472842384,220,Phase 1: Early
45,MAD (3),0.013845446919642694,1.7003524986311773e-06,0.09874389408162104,198,Phase 1: Early
45,Pctl (5%-95%),0.005726139495566731,8.795069710579725e-07,0.28688807099663133,200,Phase 1: Early
60,Raw,0.05320895254571276,1.9567121664980585e-06,0.0026281184905412296,168,Phase 1: Early
60,IQR (1.5x),0.012467374813251858,1.2480362102589467e-06,0.16660347761757432,155,Phase 1: Early
60,Pctl (1%-99%),0.04079103871349709,1.8704853480334764e-06,0.009501812248749067,164,Phase 1: Early
60,Z-Score (3),0.011141742316353814,9.30438648643629e-07,0.17722893274778606,165,Phase 1: Early
60,Winsorized,0.05586592078909905,2.090242214118397e-06,0.0020387747416261894,168,Phase 1: Early
60,Abs (200k),0.05320895254571276,1.9567121664980585e-06,0.0026281184905412296,168,Phase 1: Early
60,Abs (100k),0.036824162403917816,1.7575787150449934e-06,0.01325696831202913,166,Phase 1: Early
60,MAD (3),0.025102614189472974,1.764040438534165e-06,0.04821467961831215,156,Phase 1: Early
60,Pctl (5%-95%),0.003446945014784787,6.404233173760931e-07,0.4754394001558506,150,Phase 1: Early
90,Raw,0.13909541065464126,2.9311682450840908e-06,5.125561337227537e-05,112,Phase 1: Early
90,IQR (1.5x),0.07335029653501128,2.331443724436313e-06,0.004779314615636445,107,Phase 1: Early
90,Pctl (1%-99%),0.12542394681966906,3.006653220394468e-06,0.000169733075452508,108,Phase 1: Early
90,Z-Score (3),0.13909541065464126,2.9311682450840908e-06,5.125561337227537e-05,112,Phase 1: Early
90,Winsorized,0.1419395071683487,2.9947272651490206e-06,4.234027817919796e-05,112,Phase 1: Early
90,Abs (200k),0.13909541065464126,2.9311682450840908e-06,5.125561337227537e-05,112,Phase 1: Early
90,Abs (100k),0.10489495425794042,2.8376693221802277e-06,0.0006278488752396471,108,Phase 1: Early
90,MAD (3),0.07335029653501128,2.331443724436313e-06,0.004779314615636445,107,Phase 1: Early
90,Pctl (5%-95%),0.038032022910428044,1.6608091238139906e-06,0.051850414151039206,100,Phase 1: Early
1,Raw,8.441221349494757e-05,-1.613863438849034e-07,0.4056574157558539,8194,Phase 2: Middle
1,IQR (1.5x),0.001197869580641445,2.1134071286137737e-05,0.007096190011682594,6050,Phase 2: Middle
1,Pctl (1%-99%),0.0008610620840850282,-1.4192438287399943e-06,0.008546830241165095,8030,Phase 2: Middle
1,Z-Score (3),0.0005732947803730334,-1.0218105326598897e-06,0.031013999238252644,8115,Phase 2: Middle
1,Winsorized,0.0006548126788131686,-1.0050732540661375e-06,0.02053707380483972,8194,Phase 2: Middle
1,Abs (200k),0.0001080173110052562,-2.0504540211373683e-07,0.34690028587769883,8193,Phase 2: Middle
1,Abs (100k),0.0007188360881449867,-6.004692946662034e-07,0.015247981012247737,8190,Phase 2: Middle
1,MAD (3),3.5736959474194416e-05,8.621043171276745e-06,0.6674473463748529,5168,Phase 2: Middle
1,Pctl (5%-95%),0.00019231706798762457,1.650739415331867e-06,0.23376558649317716,7374,Phase 2: Middle
5,Raw,0.0070355390234980355,-1.1140651925810144e-06,0.00018034847213202205,1989,Phase 2: Middle
5,IQR (1.5x),0.0012320303852638597,-2.7475774118092054e-06,0.15817657477301073,1618,Phase 2: Middle
5,Pctl (1%-99%),0.009402477320661776,-2.2994796677553922e-06,1.8014085713388465e-05,1949,Phase 2: Middle
5,Z-Score (3),0.006388291915859609,-2.0457427752070983e-06,0.0004054854746490305,1954,Phase 2: Middle
5,Winsorized,0.011193808793376453,-2.17031714909469e-06,2.258095770208126e-06,1989,Phase 2: Middle
5,Abs (200k),0.017713283102876835,-1.9366670629949285e-06,2.570286423556124e-09,1988,Phase 2: Middle
5,Abs (100k),0.012973171936344893,-1.9525665433498848e-06,3.693040551473268e-07,1982,Phase 2: Middle
5,MAD (3),0.0008232592095109419,-2.9174337721007507e-06,0.26707836954930636,1498,Phase 2: Middle
5,Pctl (5%-95%),2.7111278848327758e-05,-2.2054916799488741e-07,0.8258092898728341,1789,Phase 2: Middle
10,Raw,0.04276167357038071,-2.3765713327282645e-06,3.696018535595111e-11,1004,Phase 2: Middle
10,IQR (1.5x),6.363065243544205e-06,-9.410178095277448e-08,0.940536391698758,877,Phase 2: Middle
10,Pctl (1%-99%),0.01416804797138814,-1.9721359350075714e-06,0.0001850743479890767,982,Phase 2: Middle
10,Z-Score (3),0.015647335030161937,-2.3307123936459418e-06,8.272090236193648e-05,985,Phase 2: Middle
10,Winsorized,0.03556589017780887,-2.6955478269647086e-06,1.719516533732425e-09,1004,Phase 2: Middle
10,Abs (200k),0.06386169494073392,-3.1484697995659923e-06,4.451859800788955e-16,1003,Phase 2: Middle
10,Abs (100k),0.03445369395961331,-2.674777724096216e-06,3.527533566352782e-09,997,Phase 2: Middle
10,MAD (3),0.0005977419639814849,-1.0445646419460745e-06,0.4789046511280829,841,Phase 2: Middle
10,Pctl (5%-95%),0.006997796267171916,-2.392810129204384e-06,0.011960952818868541,902,Phase 2: Middle
15,Raw,0.09085683434652948,-3.3680588870310726e-06,1.6148438436472999e-15,669,Phase 2: Middle
15,IQR (1.5x),0.0014896286478134353,-1.1244086322725883e-06,0.34935193822238353,590,Phase 2: Middle
15,Pctl (1%-99%),0.005700885862706581,-1.1047649500242064e-06,0.05342822631178761,655,Phase 2: Middle
15,Z-Score (3),0.020055644163162176,-2.415396151026351e-06,0.00028008689585995363,654,Phase 2: Middle
15,Winsorized,0.04563621359880974,-2.9768857973023783e-06,2.4099612430586406e-08,669,Phase 2: Middle
15,Abs (200k),0.03653366722102713,-2.4003513849206513e-06,6.590687032149168e-07,667,Phase 2: Middle
15,Abs (100k),0.01737066157131301,-1.974776646873024e-06,0.0006879263504396061,660,Phase 2: Middle
15,MAD (3),7.314191077130162e-05,-2.934233908909878e-07,0.8389789145999631,567,Phase 2: Middle
15,Pctl (5%-95%),0.006107962948378944,-1.795375527178701e-06,0.05550570710028569,601,Phase 2: Middle
20,Raw,0.054058406676270314,-2.4724422252711056e-06,1.3347638412952522e-07,503,Phase 2: Middle
20,IQR (1.5x),0.00026925203262426444,3.406956731838076e-07,0.7284857034365307,450,Phase 2: Middle
20,Pctl (1%-99%),0.006241305562643697,-9.448058189381516e-07,0.0803189808891309,491,Phase 2: Middle
20,Z-Score (3),0.028113158404823375,-2.40260246512458e-06,0.00019857600136354098,488,Phase 2: Middle
20,Winsorized,0.044725126283214074,-2.560932793651649e-06,1.7055832609824725e-06,503,Phase 2: Middle
20,Abs (200k),0.08173517689087025,-3.330019961972241e-06,6.742030742236901e-11,502,Phase 2: Middle
20,Abs (100k),0.020562055684791202,-1.9184850679080224e-06,0.001427388451658761,492,Phase 2: Middle
20,MAD (3),0.008513275553750865,2.1597054692820057e-06,0.056477735715078706,428,Phase 2: Middle
20,Pctl (5%-95%),0.011822189705033842,-1.927533626309575e-06,0.020915103050630723,451,Phase 2: Middle
30,Raw,0.06102770168473725,-2.441584705449537e-06,4.745185269566698e-06,335,Phase 2: Middle
30,IQR (1.5x),0.0036196204265473014,-1.1040142166634765e-06,0.2941454718882965,306,Phase 2: Middle
30,Pctl (1%-99%),0.0006373499744750882,-3.110179296754297e-07,0.649218941109586,327,Phase 2: Middle
30,Z-Score (3),0.006696494559500505,-1.0388045511482682e-06,0.13857037695166383,329,Phase 2: Middle
30,Winsorized,0.0446045251595556,-2.3667408064568004e-06,9.814541408210796e-05,335,Phase 2: Middle
30,Abs (200k),0.013682137072202848,-1.3546402797101438e-06,0.03312314443017244,332,Phase 2: Middle
30,Abs (100k),0.025772910147780218,-2.408536561298337e-06,0.003872921995033923,322,Phase 2: Middle
30,MAD (3),5.6589752863517306e-05,1.606589435078082e-07,0.8978021008795637,294,Phase 2: Middle
30,Pctl (5%-95%),0.009403541983413213,-1.6732157171463085e-06,0.09308213925374569,301,Phase 2: Middle
45,Raw,0.09359150704479992,-2.8784074318232332e-06,3.24164950727115e-06,223,Phase 2: Middle
45,IQR (1.5x),0.00037111400191801417,3.245996023858032e-07,0.7865786345003529,200,Phase 2: Middle
45,Pctl (1%-99%),0.06981127257242799,-3.0147559253014383e-06,8.150103667138252e-05,217,Phase 2: Middle
45,Z-Score (3),0.02254625618226373,-1.6350388500464103e-06,0.02628507328400601,219,Phase 2: Middle
45,Winsorized,0.09610283553619402,-3.034187294820248e-06,2.3568106448886173e-06,223,Phase 2: Middle
45,Abs (200k),0.02254625618226373,-1.6350388500464103e-06,0.02628507328400601,219,Phase 2: Middle
45,Abs (100k),0.004849767654838995,-9.760490620475873e-07,0.3175390984734456,208,Phase 2: Middle
45,MAD (3),0.00037111400191801417,3.245996023858032e-07,0.7865786345003529,200,Phase 2: Middle
45,Pctl (5%-95%),0.01677818442153773,-1.8438406380209976e-06,0.06823785887744904,199,Phase 2: Middle
60,Raw,0.07305808313426307,-2.4360112272527273e-06,0.00039496774834166996,168,Phase 2: Middle
60,IQR (1.5x),0.0168050163544653,1.9654565355292093e-06,0.11385857379472082,150,Phase 2: Middle
60,Pctl (1%-99%),0.1363686218443647,-3.941666815422529e-06,1.1385311561101523e-06,164,Phase 2: Middle
60,Z-Score (3),0.012510650882621092,-1.0797933782926236e-06,0.15389308276819771,164,Phase 2: Middle
60,Winsorized,0.07955761402653122,-2.6273782715916314e-06,0.00021213283521908784,168,Phase 2: Middle
60,Abs (200k),0.012510650882621092,-1.0797933782926236e-06,0.15389308276819771,164,Phase 2: Middle
60,Abs (100k),0.008244544905623404,1.2633196336972718e-06,0.2659189740598383,152,Phase 2: Middle
60,MAD (3),0.0168050163544653,1.9654565355292093e-06,0.11385857379472082,150,Phase 2: Middle
60,Pctl (5%-95%),0.00034834706835462886,-2.3012967251757266e-07,0.8206612220223195,150,Phase 2: Middle
90,Raw,0.09253905566423394,-2.244249424769392e-06,0.0011105889878801302,112,Phase 2: Middle
90,IQR (1.5x),4.4724574354691825e-05,-6.410668778111369e-08,0.9470799612677618,101,Phase 2: Middle
90,Pctl (1%-99%),0.16408426057137598,-3.3850107776530995e-06,1.3702906388897018e-05,108,Phase 2: Middle
90,Z-Score (3),0.14336180485117275,-3.0351265091053153e-06,4.529077915373485e-05,110,Phase 2: Middle
90,Winsorized,0.1007878125396261,-2.3862442383890167e-06,0.0006477593555907087,112,Phase 2: Middle
90,Abs (200k),0.00022537365575350695,-1.2467787714541182e-07,0.8791877652619429,105,Phase 2: Middle
90,Abs (100k),0.020903185915656913,1.6975485903119518e-06,0.16675926754350068,93,Phase 2: Middle
90,MAD (3),0.0029799441508362038,5.67013520295176e-07,0.5934336603551299,98,Phase 2: Middle
90,Pctl (5%-95%),0.04326733659881186,-2.0241529022603573e-06,0.03782915322695416,100,Phase 2: Middle
1,Raw,0.0007880172013389404,-1.6029523723535198e-07,0.010550062624937526,8298,Phase 3: Near Expiry
1,IQR (1.5x),8.764004347510593e-08,-3.483953227074905e-08,0.9807521456841677,6644,Phase 3: Near Expiry
1,Pctl (1%-99%),0.0003079680126811261,-3.1158479054139254e-07,0.11355671285407277,8132,Phase 3: Near Expiry
1,Z-Score (3),0.0007433986478994599,-4.204061989176303e-07,0.013393662917655947,8227,Phase 3: Near Expiry
1,Winsorized,0.0019365775242470768,-6.252891898867139e-07,6.0707379323941256e-05,8298,Phase 3: Near Expiry
1,Abs (200k),0.00402657520076295,-5.678468083807688e-07,7.404657463909161e-09,8287,Phase 3: Near Expiry
1,Abs (100k),0.0034680909622608453,-7.049015906234144e-07,8.398802111205664e-08,8267,Phase 3: Near Expiry
1,MAD (3),0.0001708747320923316,-2.71441210221616e-06,0.31554882137385265,5897,Phase 3: Near Expiry
1,Pctl (5%-95%),2.4674287408899626e-05,1.9913422473805793e-07,0.6677814759451949,7468,Phase 3: Near Expiry
5,Raw,8.457127042554896e-06,1.0370850803342102e-08,0.9023632795201924,1782,Phase 3: Near Expiry
5,IQR (1.5x),0.00012867491108685975,2.192243833619935e-07,0.6563570272779597,1541,Phase 3: Near Expiry
5,Pctl (1%-99%),0.0012339776563038663,-2.6488661830960573e-07,0.1423130509215227,1746,Phase 3: Near Expiry
5,Z-Score (3),0.00817648738852158,-6.811151816887879e-07,0.00014426104201433883,1762,Phase 3: Near Expiry
5,Winsorized,0.002954342152072509,-3.602208856145585e-07,0.02175800246769692,1782,Phase 3: Near Expiry
5,Abs (200k),0.010192705070461784,-6.835700058621539e-07,2.098427675360673e-05,1769,Phase 3: Near Expiry
5,Abs (100k),0.003651293532454168,-5.303770116023797e-07,0.01155642946138765,1746,Phase 3: Near Expiry
5,MAD (3),0.002719856483689226,1.446061344364723e-06,0.05190144223373095,1390,Phase 3: Near Expiry
5,Pctl (5%-95%),0.002868287563774531,-6.897832654060688e-07,0.032076217754847314,1602,Phase 3: Near Expiry
10,Raw,0.0020880695250889494,1.3361864624407338e-07,0.17270790458350105,892,Phase 3: Near Expiry
10,IQR (1.5x),0.0022540193958692696,-5.339146669784963e-07,0.18362754616618016,786,Phase 3: Near Expiry
10,Pctl (1%-99%),0.01935555284928968,-8.035057466194597e-07,3.672091357090598e-05,874,Phase 3: Near Expiry
10,Z-Score (3),0.031162908664517618,-1.0259624002141915e-06,1.3367332670717444e-07,881,Phase 3: Near Expiry
10,Winsorized,0.007182209936936079,-4.377755755443355e-07,0.011337520174722277,892,Phase 3: Near Expiry
10,Abs (200k),0.01700834052817242,-7.90191992600131e-07,0.00010643953415445709,878,Phase 3: Near Expiry
10,Abs (100k),0.0021847573431971632,-3.822696894798653e-07,0.17412729400091054,847,Phase 3: Near Expiry
10,MAD (3),0.0015597256813210771,-5.43908237300969e-07,0.2869182777023709,729,Phase 3: Near Expiry
10,Pctl (5%-95%),0.0002856608009750682,1.4775613005625165e-07,0.63269898549199,802,Phase 3: Near Expiry
15,Raw,0.0019416923649390645,1.1249826682260148e-07,0.2828144953996679,596,Phase 3: Near Expiry
15,IQR (1.5x),1.0843102304412406e-05,3.012778185411656e-08,0.9396001758462627,532,Phase 3: Near Expiry
15,Pctl (1%-99%),0.020128412610004594,-7.182467640037891e-07,0.0005846907139421067,584,Phase 3: Near Expiry
15,Z-Score (3),0.03518014378567818,-9.91778430205183e-07,4.66755087876559e-06,588,Phase 3: Near Expiry
15,Winsorized,0.004503935420429375,-3.0479453179806686e-07,0.10167155891604499,596,Phase 3: Near Expiry
15,Abs (200k),0.0047137729375115525,-4.400992062652362e-07,0.09914818437537985,578,Phase 3: Near Expiry
15,Abs (100k),0.00019702427848714005,-1.1711764787765215e-07,0.7421159987489729,552,Phase 3: Near Expiry
15,MAD (3),0.0024813133484429973,5.370908787764788e-07,0.2657655974023621,501,Phase 3: Near Expiry
15,Pctl (5%-95%),0.0002724998192116235,1.2640907574278703e-07,0.7029720514103328,536,Phase 3: Near Expiry
20,Raw,0.01739008240169531,3.132989368822761e-07,0.005180134215375624,448,Phase 3: Near Expiry
20,IQR (1.5x),0.0005225325089025932,-1.7663044633647208e-07,0.6468835798772463,404,Phase 3: Near Expiry
20,Pctl (1%-99%),0.03536163469496805,-8.364308432147724e-07,7.505545233106933e-05,438,Phase 3: Near Expiry
20,Z-Score (3),0.030678679561760475,-8.286833531389649e-07,0.0002186840001737864,441,Phase 3: Near Expiry
20,Winsorized,0.0022212634784147985,-1.7711152874869138e-07,0.31957760331444784,448,Phase 3: Near Expiry
20,Abs (200k),0.0073381067826033845,-5.225963370199749e-07,0.07599159353118572,430,Phase 3: Near Expiry
20,Abs (100k),0.0031381168279664405,-4.516343820000533e-07,0.26427544813485737,399,Phase 3: Near Expiry
20,MAD (3),0.0008613448407343324,-2.7513679284761054e-07,0.5684409363251186,380,Phase 3: Near Expiry
20,Pctl (5%-95%),0.002363536724418111,-3.0780139293443686e-07,0.3309053568714555,402,Phase 3: Near Expiry
30,Raw,0.03292599808736516,3.600420306779836e-07,0.0016586562927092992,298,Phase 3: Near Expiry
30,IQR (1.5x),0.0006205921502175832,-1.529576509766442e-07,0.6814096146898025,274,Phase 3: Near Expiry
30,Pctl (1%-99%),0.01076139858898159,-4.1524034943160124e-07,0.07675449399505739,292,Phase 3: Near Expiry
30,Z-Score (3),0.010548584191477906,-3.875094147114238e-07,0.07820294264794679,295,Phase 3: Near Expiry
30,Winsorized,9.83032413336397e-05,-3.60653482623273e-08,0.8646634615205036,298,Phase 3: Near Expiry
30,Abs (200k),0.004450295488773268,-3.717503650639278e-07,0.2659116950132485,280,Phase 3: Near Expiry
30,Abs (100k),0.0005809656155300843,-1.9412899434327594e-07,0.7090955567796084,242,Phase 3: Near Expiry
30,MAD (3),0.0019936036168889323,-3.505636920736851e-07,0.47866956813609296,254,Phase 3: Near Expiry
30,Pctl (5%-95%),0.003753464149817611,-3.3420782748717913e-07,0.31769263138915527,268,Phase 3: Near Expiry
45,Raw,0.03365134379572068,3.644528743476384e-07,0.009319187439444968,200,Phase 3: Near Expiry
45,IQR (1.5x),0.0069016168332969785,-4.046287424654907e-07,0.25831418992076527,187,Phase 3: Near Expiry
45,Pctl (1%-99%),0.09859538212410103,-1.0607233790290783e-06,7.403594721078761e-06,196,Phase 3: Near Expiry
45,Z-Score (3),0.12772481142486028,-1.5106313442394244e-06,2.714719970230211e-07,196,Phase 3: Near Expiry
45,Winsorized,1.7119745278816695e-05,-1.284933549581147e-08,0.953630743461662,200,Phase 3: Near Expiry
45,Abs (200k),0.014570696218588626,-6.92208150318129e-07,0.108496247826938,178,Phase 3: Near Expiry
45,Abs (100k),0.005928260306350517,7.975741219827369e-07,0.36071396493279506,143,Phase 3: Near Expiry
45,MAD (3),0.005891097051925698,-4.629433380819882e-07,0.3127028895698057,175,Phase 3: Near Expiry
45,Pctl (5%-95%),0.06874102675923399,-1.374765438324697e-06,0.00037729045160017887,180,Phase 3: Near Expiry
60,Raw,0.06209349668244561,4.4473282823421734e-07,0.0021049225439163863,150,Phase 3: Near Expiry
60,IQR (1.5x),0.0008761579230317932,-1.2742563817663372e-07,0.7294156914626533,139,Phase 3: Near Expiry
60,Pctl (1%-99%),0.07697929359623518,-8.679096936895037e-07,0.000697759519186819,146,Phase 3: Near Expiry
60,Z-Score (3),0.07094322116505684,-7.966967009855858e-07,0.0010673279683692217,148,Phase 3: Near Expiry
60,Winsorized,0.006282115464046007,2.3411250810298146e-07,0.3349820123816948,150,Phase 3: Near Expiry
60,Abs (200k),1.4281038732617124e-05,2.285297272401985e-08,0.96718592710036,121,Phase 3: Near Expiry
60,Abs (100k),0.013182367057237871,-1.050317927152953e-06,0.25779084980470357,99,Phase 3: Near Expiry
60,MAD (3),0.00428648715932058,3.408380258636794e-07,0.45575564039603755,132,Phase 3: Near Expiry
60,Pctl (5%-95%),0.04853470708366591,-1.0226479674318024e-06,0.010532441943746656,134,Phase 3: Near Expiry
90,Raw,0.035658299016907966,3.679299720896488e-07,0.05989513023922126,100,Phase 3: Near Expiry
90,IQR (1.5x),0.013898724537412518,-4.1808492938276284e-07,0.2577724414551999,94,Phase 3: Near Expiry
90,Pctl (1%-99%),0.0050729380068860455,-1.9562987667603265e-07,0.48584889539596776,98,Phase 3: Near Expiry
90,Z-Score (3),0.008129297624985196,-2.7901000055567204e-07,0.37728364477015586,98,Phase 3: Near Expiry
90,Winsorized,0.005477798148108604,1.9426009880984098e-07,0.46427790811052994,100,Phase 3: Near Expiry
90,Abs (200k),0.1146285474076596,-2.081375889542393e-06,0.004433642452396022,69,Phase 3: Near Expiry
90,Abs (100k),0.01401942411247633,-1.3569584270446358e-06,0.3984385065054935,53,Phase 3: Near Expiry
90,MAD (3),0.03167649553826048,-8.231047319442853e-07,0.10111445919160843,86,Phase 3: Near Expiry
90,Pctl (5%-95%),0.08644662241253456,-1.1865062744922476e-06,0.004911748845025613,90,Phase 3: Near Expiry
