window_start,window_end,window_start_ms,window_end_ms,beta,alpha,se_beta,avg_depth,avg_mid_price,r_squared,n_obs
2025-10-15 00:05:29.735000+00:00,2025-10-15 07:55:35.774000+00:00,1760486729735,1760514935774,1.2219760660346046e-07,3.789233689288147e-06,6.481457407147917e-09,13278981.893439999,0.8819750000000001,0.4164868880364799,500
2025-10-15 03:53:14.985000+00:00,2025-10-15 09:58:20.644000+00:00,1760500394985,1760522300644,1.269294845407432e-07,9.324775576787757e-06,5.6515885741089005e-09,13254095.6895,0.8815350000000001,0.5031974487669294,500
2025-10-15 07:55:43.594000+00:00,2025-10-15 11:43:21.267000+00:00,1760514943594,1760528601267,1.1896213745656645e-07,8.106684910378743e-06,5.211468885478403e-09,13273876.819479998,0.8806269999999999,0.5113198051671326,500
2025-10-15 09:58:20.697000+00:00,2025-10-15 13:41:36.661000+00:00,1760522300697,1760535696661,1.0197708753254838e-07,4.220861361288384e-06,4.650500257623224e-09,13298215.631460002,0.8803979999999999,0.49123755791395785,500
2025-10-15 11:43:25.104000+00:00,2025-10-15 16:57:41.620000+00:00,1760528605104,1760547461620,1.0343196148305271e-07,5.331786111551324e-06,4.751699871349217e-09,13295794.826459998,0.8796449999999999,0.48755834850877017,500
2025-10-15 13:41:42.463000+00:00,2025-10-15 19:44:00.959000+00:00,1760535702463,1760557440959,9.942678438491573e-08,3.2075669122042017e-06,4.906621006017725e-09,13268732.352239998,0.8785470000000001,0.45191704015276574,500
2025-10-15 16:57:43.044000+00:00,2025-10-16 01:13:13.522000+00:00,1760547463044,1760577193522,4.7616518897122916e-08,-1.1442403707574659e-06,2.470942818649971e-09,13286326.860459998,0.8791200000000001,0.42716186460423067,500
2025-10-15 19:44:27.326000+00:00,2025-10-16 03:42:09.739000+00:00,1760557467326,1760586129739,4.5505084172939964e-08,-2.5686682610886666e-06,2.3293775725195336e-09,13364212.084220001,0.8798199999999999,0.4338514884312141,500
2025-10-16 01:14:00.185000+00:00,2025-10-17 19:34:22.378000+00:00,1760577240185,1760729662378,3.2641573167112973e-07,7.666006537997224e-05,3.286892829856304e-08,13390074.907060005,0.8795999999999999,0.16529977511327934,500
2025-10-16 03:42:16.481000+00:00,2025-10-17 23:01:18.579000+00:00,1760586136481,1760742078579,5.295814127462983e-07,2.232236648199613e-05,3.864007810358254e-08,13104761.388600003,0.895113,0.2738837610982208,500
2025-10-17 19:35:19.527000+00:00,2025-10-18 02:02:31.173000+00:00,1760729719527,1760752951173,1.4894506089889698e-07,-1.0801984356187162e-05,8.734031197476446e-09,12877542.550680004,0.911548,0.3686764420334851,500
2025-10-17 23:01:27.290000+00:00,2025-10-18 03:39:52.909000+00:00,1760742087290,1760758792909,5.4702508121990564e-08,7.079439908364229e-06,4.549473142637342e-09,12994867.62006,0.914317,0.22499281664364418,500
2025-10-18 02:02:32.078000+00:00,2025-10-18 05:30:36.195000+00:00,1760752952078,1760765436195,4.500709131360197e-08,5.12808338533176e-07,2.6892857827019682e-09,13033598.156460002,0.9172509999999998,0.3599661070012345,500
2025-10-18 03:41:07.292000+00:00,2025-10-18 07:11:30.384000+00:00,1760758867292,1760771490384,9.442685707237126e-08,-4.12933227673919e-06,3.756639059371808e-09,12994498.507320004,0.918583,0.5592211196373584,500
2025-10-18 05:30:54.463000+00:00,2025-10-18 08:19:14.157000+00:00,1760765454463,1760775554157,5.770302111946666e-08,2.5262688961243267e-06,3.366918136412296e-09,12961676.619920002,0.919486,0.370988921766372,500
2025-10-18 07:11:34.811000+00:00,2025-10-18 09:14:21.917000+00:00,1760771494811,1760778861917,5.380935326185559e-08,3.4312577359501636e-06,4.707726761131661e-09,12960124.635780005,0.9204640000000001,0.20782009040605606,500
2025-10-18 08:19:23.633000+00:00,2025-10-18 10:16:00.806000+00:00,1760775563633,1760782560806,9.632650789364578e-08,-5.249530121625353e-06,7.2301612591479486e-09,12972645.785300003,0.9204050000000001,0.2627671187208529,500
2025-10-18 09:14:22.039000+00:00,2025-10-18 11:40:19.487000+00:00,1760778862039,1760787619487,1.2236542899579998e-07,-6.1217682857025025e-06,1.0171799840433985e-08,12945029.41282,0.918801,0.2251653479909176,500
2025-10-18 10:16:12.587000+00:00,2025-10-18 13:17:16.858000+00:00,1760782572587,1760793436858,1.6827222881321097e-07,-1.918841879602788e-07,1.3799634762307711e-08,12924505.227320004,0.918072,0.22992793413305274,500
2025-10-18 11:40:28.022000+00:00,2025-10-18 18:07:43.444000+00:00,1760787628022,1760810863444,2.6841424985202842e-08,-4.786323015289366e-06,9.071323137388636e-10,12932064.787780002,0.917512,0.6374299394057135,500
2025-10-18 13:17:18.314000+00:00,2025-10-18 23:29:04.649000+00:00,1760793438314,1760830144649,4.352112288034163e-08,2.2854397431183017e-06,2.786662443840241e-09,13010552.231100002,0.915492,0.3287604923515673,500
2025-10-18 18:08:01.281000+00:00,2025-10-19 03:11:15.219000+00:00,1760810881281,1760843475219,7.516162470224333e-08,1.2397788112460441e-05,4.574804133095401e-09,12933377.365540002,0.915785,0.3515013737331569,500
2025-10-18 23:30:00.856000+00:00,2025-10-19 04:01:34.315000+00:00,1760830200856,1760846494315,9.520389920477914e-08,1.2653649280870904e-05,8.101549733940507e-09,12757659.676479999,0.917365,0.21709624048950843,500
2025-10-19 03:11:37.546000+00:00,2025-10-19 05:29:52.810000+00:00,1760843497546,1760851792810,1.7347344594280517e-07,3.1295858656890862e-06,1.1954144267858111e-08,12733486.19448,0.9175600000000002,0.29719164629311784,500
2025-10-19 04:04:03.983000+00:00,2025-10-19 08:10:37.541000+00:00,1760846643983,1760861437541,1.3607926754507939e-07,6.6275763497097445e-06,3.829836713459685e-09,12742180.93446,0.9167480000000001,0.7171220905476859,500
2025-10-19 05:31:54.531000+00:00,2025-10-19 08:49:01.859000+00:00,1760851914531,1760863741859,1.3513491403413398e-07,4.4260273238920855e-06,3.8792665013967525e-09,12743866.20332,0.9169189999999998,0.709025329009364,500
2025-10-19 08:10:53.675000+00:00,2025-10-19 09:19:26.167000+00:00,1760861453675,1760865566167,1.1421199400638676e-07,-2.7742512630403376e-06,4.666341591653927e-09,12762146.254360002,0.9171709999999998,0.5460594969954294,500
2025-10-19 08:49:09.060000+00:00,2025-10-19 09:55:44.567000+00:00,1760863749060,1760867744567,1.1851868750505063e-07,1.2935300293207533e-06,6.65413556020042e-09,12763226.873099998,0.9166099999999998,0.38913827523373884,500
2025-10-19 09:19:29.437000+00:00,2025-10-19 11:30:55.740000+00:00,1760865569437,1760873455740,1.34170041496046e-07,3.7119698352366476e-06,6.958729667931146e-09,12760658.009239996,0.9162049999999999,0.4274217857159029,500
2025-10-19 09:55:49.529000+00:00,2025-10-19 12:14:43.801000+00:00,1760867749529,1760876083801,1.8200582085949286e-07,8.824410092940692e-06,9.087306046913144e-09,12749205.835279996,0.9166210000000001,0.44613985301037634,500
2025-10-19 11:31:04.538000+00:00,2025-10-19 12:48:24.802000+00:00,1760873464538,1760878104802,1.7496270475540043e-07,6.565459321617145e-06,9.469379951448568e-09,12712912.595019998,0.9175220000000002,0.40671039849460544,500
2025-10-19 12:14:44.478000+00:00,2025-10-19 13:53:26.428000+00:00,1760876084478,1760882006428,1.650350809854503e-07,2.3211648690007266e-06,1.1280090914121068e-08,12701888.297819998,0.9179250000000002,0.3006167743113008,500
2025-10-19 12:48:30.563000+00:00,2025-10-19 15:46:21.284000+00:00,1760878110563,1760888781284,1.5859655111381922e-07,2.393636639864299e-06,1.077841286506566e-08,12727612.313459998,0.9184289999999999,0.3030187972608906,500
2025-10-19 13:53:40.181000+00:00,2025-10-19 18:31:22.171000+00:00,1760882020181,1760898682171,2.9369320716286847e-08,2.5160205015969006e-06,1.415525000143969e-09,12760469.257739998,0.9186810000000001,0.4636393459861292,500
2025-10-19 15:46:30.028000+00:00,2025-10-19 23:00:34.863000+00:00,1760888790028,1760914834863,3.3379980444951687e-08,4.0095274833448154e-06,1.5408649254195093e-09,12794401.7648,0.9201909999999999,0.48516055696519156,500
2025-10-19 18:32:21.767000+00:00,2025-10-20 01:36:08.993000+00:00,1760898741767,1760924168993,6.474963353138683e-08,-2.1642496562676333e-06,2.955367116978795e-09,12824366.392080002,0.922048,0.49080359889260866,500
2025-10-19 23:01:58.815000+00:00,2025-10-20 02:24:09.754000+00:00,1760914918815,1760927049754,1.05839766960012e-07,1.0157865794200142e-07,5.823411412907671e-09,12849489.20036,0.922335,0.3987874587423071,500
2025-10-20 01:36:45.421000+00:00,2025-10-20 04:00:05.654000+00:00,1760924205421,1760932805654,1.4685241715145468e-07,3.981403301367859e-06,1.0243102711019267e-08,12870412.44068,0.92202,0.2921524506001399,500
2025-10-20 02:24:28.193000+00:00,2025-10-20 06:03:13.128000+00:00,1760927068193,1760940193128,8.72008144176466e-08,9.723889785607968e-07,6.018788471548987e-09,12884178.450520001,0.9226289999999999,0.29651584147293986,500
2025-10-20 04:00:11.902000+00:00,2025-10-20 10:26:40.304000+00:00,1760932811902,1760956000304,1.821166546957018e-07,-3.251969921082898e-07,6.3546685918270534e-09,12923837.977059998,0.9246960000000002,0.6225334245518604,500
2025-10-20 06:03:23.961000+00:00,2025-10-20 11:42:30.566000+00:00,1760940203961,1760960550566,1.7044996683791056e-07,1.0110281059329444e-05,1.4585808035305487e-08,13030483.224720001,0.9296399999999999,0.21520787097467217,500
2025-10-20 10:26:46.525000+00:00,2025-10-20 12:58:02.626000+00:00,1760956006525,1760965082626,1.4859925018759546e-07,6.2317904938929094e-06,1.7945365119598792e-08,13109833.174120001,0.934541,0.12102517806657694,500
2025-10-20 11:42:32.733000+00:00,2025-10-20 13:47:43.021000+00:00,1760960552733,1760968063021,3.1257163293157814e-08,-6.589497448436047e-07,2.1843290182988024e-09,13085828.193540001,0.935665,0.29137397938670345,500
2025-10-20 12:58:10.936000+00:00,2025-10-20 15:09:24.013000+00:00,1760965090936,1760972964013,4.544641744527345e-08,-1.1899686908111484e-05,4.166580886851283e-09,13120815.434400002,0.9322289999999999,0.19283026528383618,500
2025-10-20 13:47:49.312000+00:00,2025-10-20 16:33:51.592000+00:00,1760968069312,1760978031592,9.841772040950283e-08,-9.539470382167676e-06,7.020423588033145e-09,13175663.389899997,0.928523,0.2829641875315617,500
2025-10-20 15:09:24.506000+00:00,2025-10-20 19:33:14.765000+00:00,1760972964506,1760988794765,6.196060582085805e-08,7.233462791436054e-06,3.85078453695996e-09,13131221.3839,0.928885,0.3420535373375742,500
2025-10-20 16:34:21.828000+00:00,2025-10-21 00:10:40.467000+00:00,1760978061828,1761005440467,6.746627634771062e-08,6.609645484780512e-06,4.798599100984756e-09,13173194.45608,0.9305419999999998,0.2841451155837869,500
2025-10-20 19:34:28.295000+00:00,2025-10-21 02:07:16.188000+00:00,1760988868295,1761012436188,9.121205746920162e-08,-4.42990790760703e-06,7.951795422164649e-09,13221067.24512,0.9291939999999999,0.20899046931728046,500
2025-10-21 00:10:40.506000+00:00,2025-10-21 04:15:53.109000+00:00,1761005440506,1761020153109,1.0534520112843433e-07,-9.76803590029022e-06,5.56112078601867e-09,13201910.62828,0.9265709999999999,0.41879688789623554,500
2025-10-21 02:07:16.285000+00:00,2025-10-21 05:50:07.122000+00:00,1761012436285,1761025807122,1.0080713477961654e-07,-4.507306755550277e-06,5.0400557156909805e-09,13230998.47052,0.9257629999999999,0.44546380518424006,500
2025-10-21 04:15:53.802000+00:00,2025-10-21 06:45:18.899000+00:00,1761020153802,1761029118899,1.6059706788253442e-07,-4.794789270642305e-06,8.79870380775948e-09,13252111.01336,0.925183,0.4008290743861119,500
2025-10-21 05:50:49.991000+00:00,2025-10-21 07:18:02.715000+00:00,1761025849991,1761031082715,1.7608710767336263e-07,-4.478295736042901e-06,1.013935278263753e-08,13269567.908459999,0.924818,0.37719038742886024,500
2025-10-21 06:45:24.910000+00:00,2025-10-21 07:58:42.690000+00:00,1761029124910,1761033522690,7.086521833832742e-07,4.206827937317722e-06,4.3079769726522084e-08,13314762.12248,0.924866,0.3520643474260919,500
2025-10-21 07:18:03.368000+00:00,2025-10-21 08:54:24.965000+00:00,1761031083368,1761036864965,1.8956506593651868e-06,1.3529134192624547e-06,9.451559146524575e-08,13372258.3251,0.92577,0.4468280946186272,500
2025-10-21 07:58:43.574000+00:00,2025-10-21 09:33:25.067000+00:00,1761033523574,1761039205067,9.580642630461636e-08,-1.4284868555662204e-07,2.507220840145786e-09,13381879.310899999,0.9267130000000002,0.7456812142181021,500
2025-10-21 08:54:31.009000+00:00,2025-10-21 10:03:00.463000+00:00,1761036871009,1761040980463,9.580642630461677e-08,-1.4284868555663112e-07,2.507220840145786e-09,13357556.254019996,0.9272130000000002,0.7456812142181084,500
2025-10-21 09:33:27.093000+00:00,2025-10-21 11:36:49.247000+00:00,1761039207093,1761046609247,2.7258766708236058e-08,-9.41404062536942e-07,1.1549072370454976e-09,13337373.555259999,0.9274440000000002,0.527998240215365,500
2025-10-21 10:03:19.915000+00:00,2025-10-21 12:44:48.640000+00:00,1761040999915,1761050688640,3.0609043895650035e-08,-9.238676110967097e-07,1.7659055252141026e-09,13311684.804779999,0.92602,0.3762874519947899,500
2025-10-21 11:36:49.888000+00:00,2025-10-21 14:35:54.011000+00:00,1761046609888,1761057354011,4.484872644706044e-08,-1.1911231004760823e-06,2.7305402047513792e-09,13288294.911300004,0.9250769999999998,0.3513731954837026,500
2025-10-21 12:44:50.275000+00:00,2025-10-21 17:15:05.589000+00:00,1761050690275,1761066905589,1.0763667809507185e-07,-3.4701957801288695e-06,7.353607894469302e-09,11275948.97096,0.9247089999999998,0.3008067214162247,500
2025-10-21 14:36:06.143000+00:00,2025-10-21 21:58:21.252000+00:00,1761057366143,1761083901252,9.710195048703718e-08,-6.394278868874811e-06,7.176543054945393e-09,8272175.77192,0.9227739999999999,0.2688013095082063,500
2025-10-21 17:15:24.516000+00:00,2025-10-22 02:25:12.848000+00:00,1761066924516,1761099912848,5.7016538933923266e-08,-1.3541568640448777e-05,1.4324777706176163e-09,7362227.56416,0.9230259999999999,0.7608365577408321,500
2025-10-21 21:59:53.181000+00:00,2025-10-22 03:07:42.180000+00:00,1761083993181,1761102462180,5.708036688300892e-08,-5.875037761358661e-06,1.3871124556456683e-09,7457610.2792799985,0.9248459999999998,0.7727442193880907,500
2025-10-22 02:25:31.284000+00:00,2025-10-22 05:45:38.725000+00:00,1761099931284,1761111938725,1.1005313596852471e-07,1.2049807953480234e-05,1.1625753241581675e-08,7389445.630379999,0.9270719999999999,0.1525009414554072,500
2025-10-22 03:07:59.098000+00:00,2025-10-22 07:22:42.116000+00:00,1761102479098,1761117762116,7.83921156781288e-08,4.942588366756135e-06,8.56081480907898e-09,7348350.525259999,0.9290099999999999,0.14411257245551917,500
2025-10-22 05:45:39.152000+00:00,2025-10-22 08:09:38.997000+00:00,1761111939152,1761120578997,7.27590680523552e-08,5.22874696586127e-07,5.117148654140914e-09,7398920.8411,0.929655,0.2887448607239011,500
2025-10-22 07:22:42.513000+00:00,2025-10-22 08:41:33.839000+00:00,1761117762513,1761122493839,5.839005295228421e-08,1.645670406581294e-06,5.447146246664682e-09,7410396.301860001,0.930616,0.1874762958500625,500
2025-10-22 08:09:39.060000+00:00,2025-10-22 09:09:31.925000+00:00,1761120579060,1761124171925,4.5447197994480436e-08,-5.611050364065148e-07,3.577802802981364e-09,7401261.024599999,0.931367,0.24471600058888207,500
2025-10-22 08:41:49.339000+00:00,2025-10-22 09:38:37.823000+00:00,1761122509339,1761125917823,6.844309638481424e-08,-1.7857830493241813e-06,6.279668838957521e-09,7418954.642399999,0.9317359999999999,0.19259603772716166,500
2025-10-22 09:09:32.152000+00:00,2025-10-22 10:19:13.175000+00:00,1761124172152,1761128353175,7.082186795318591e-08,2.132502413254918e-06,7.302993447227359e-09,7415859.60922,0.9323309999999998,0.15884686798355707,500
2025-10-22 09:38:39.559000+00:00,2025-10-22 11:43:18.077000+00:00,1761125919559,1761133398077,9.75996450369177e-08,4.689637353977073e-06,7.2296643619106785e-09,7371993.650099999,0.9331220000000001,0.26791289607565416,500
2025-10-22 10:19:17.241000+00:00,2025-10-22 13:02:17.621000+00:00,1761128357241,1761138137621,6.224776107027273e-08,6.531887671548579e-07,3.375403120426804e-09,7373944.997939999,0.9335630000000003,0.4057930251884168,500
2025-10-22 11:43:19.810000+00:00,2025-10-22 14:05:10.717000+00:00,1761133399810,1761141910717,4.545597799703648e-08,6.486628710116153e-08,3.729326139435701e-10,7389104.2968999995,0.9341180000000001,0.9675668564494532,500
2025-10-22 13:02:23.698000+00:00,2025-10-22 15:45:07.091000+00:00,1761138143698,1761147907091,8.32619274193436e-08,1.3650726390859455e-06,3.1133203036584518e-09,7364673.383000001,0.9345119999999999,0.5895252530420985,500
2025-10-22 14:05:41.528000+00:00,2025-10-22 17:24:09.376000+00:00,1761141941528,1761153849376,8.145935223950378e-08,-4.990384346096802e-07,3.354565435807699e-09,7358688.07416,0.9339700000000001,0.5421407307811693,500
2025-10-22 15:45:14.190000+00:00,2025-10-22 22:04:50.190000+00:00,1761147914190,1761170690190,1.0925799157485398e-08,-2.4904969893728018e-06,1.0452636374589883e-09,7366510.23346,0.9327820000000001,0.17992073933412422,500
2025-10-22 17:24:16.656000+00:00,2025-10-23 02:30:06.074000+00:00,1761153856656,1761186606074,1.1933317243403024e-08,-1.9203654457203276e-06,1.3163688959805711e-09,7426037.454879999,0.9313250000000001,0.14164597944398788,500
2025-10-22 22:04:53.031000+00:00,2025-10-23 04:15:08.787000+00:00,1761170693031,1761192908787,5.229497016142765e-08,-1.4385731991425971e-05,4.075722654532628e-09,7500133.590879999,0.93039,0.24845005484851043,500
2025-10-23 02:30:19.047000+00:00,2025-10-23 06:37:11.305000+00:00,1761186619047,1761201431305,8.22905466966359e-08,-6.484209486286082e-06,4.0956220480577636e-09,7513476.315939997,0.9278929999999999,0.4477106790871036,500
2025-10-23 04:15:09.280000+00:00,2025-10-23 07:55:49.575000+00:00,1761192909280,1761206149575,5.153419232263098e-07,3.988982766368475e-06,4.2581371785730174e-08,7564070.341799999,0.9261119999999996,0.22727322274570264,500
2025-10-23 06:38:38.162000+00:00,2025-10-23 08:55:05.085000+00:00,1761201518162,1761209705085,1.1717847190798138e-07,5.485865578130117e-06,1.8982405712407044e-08,7629034.105659998,0.9275979999999999,0.07107919563076232,500
2025-10-23 07:55:56.861000+00:00,2025-10-23 09:20:14.882000+00:00,1761206156861,1761211214882,7.949661774572705e-08,5.5662305592170934e-06,1.1484829967038195e-08,7659408.733459999,0.9290660000000001,0.08776577326468854,500
2025-10-23 08:55:06.728000+00:00,2025-10-23 10:07:36.437000+00:00,1761209706728,1761214056437,2.456462911109473e-08,-6.985349730495065e-07,1.3413429070309743e-09,7673333.563619999,0.9290210000000002,0.4024354727178406,500
2025-10-23 09:20:39.501000+00:00,2025-10-23 10:56:26.164000+00:00,1761211239501,1761216986164,2.3436457344539316e-08,-2.4082006180572412e-06,8.236491317129465e-10,7689579.968119999,0.927945,0.6191652997220105,500
2025-10-23 10:07:39.713000+00:00,2025-10-23 12:07:49.569000+00:00,1761214059713,1761221269569,9.58265912203074e-08,-2.3301439365516023e-06,4.607790422908641e-09,7671640.988579999,0.92793,0.4648041734734719,500
2025-10-23 10:56:31.617000+00:00,2025-10-23 12:55:13.602000+00:00,1761216991617,1761224113602,3.139179635050002e-08,2.695956103012619e-07,2.0866498400829324e-09,7589863.238319998,0.9300090000000001,0.31246365181329344,500
2025-10-23 12:07:55.949000+00:00,2025-10-23 14:19:10.134000+00:00,1761221275949,1761229150134,2.463921436421657e-08,-1.1827954099185068e-06,1.263672169557624e-09,7525144.642919999,0.9315789999999999,0.4329155954499364,500
2025-10-23 12:55:19.045000+00:00,2025-10-23 15:54:57.774000+00:00,1761224119045,1761234897774,9.870490581759316e-08,-4.123121752209003e-06,7.89372236051497e-09,7501666.981279999,0.9297489999999999,0.23894606188991938,500
2025-10-23 14:19:30.047000+00:00,2025-10-23 19:23:18.623000+00:00,1761229170047,1761247398623,8.362523321326451e-08,-8.349373845295686e-06,6.3749374112967964e-09,7500763.3853400005,0.9257930000000001,0.25680183350275365,500
2025-10-23 15:55:07.651000+00:00,2025-10-24 01:43:39.432000+00:00,1761234907651,1761270219432,8.109639291847928e-08,1.6557891189520684e-06,5.1759074778526335e-09,7608272.735799999,0.9252040000000001,0.33018411028400224,500
2025-10-23 19:23:19.794000+00:00,2025-10-24 02:56:09.196000+00:00,1761247399794,1761274569196,1.1855666474356845e-07,3.5876037184599193e-06,6.586313946435861e-09,7755665.154959999,0.927723,0.3941727246416199,500
2025-10-24 01:43:41.518000+00:00,2025-10-24 04:23:09.971000+00:00,1761270221518,1761279789971,2.6813733520806184e-08,-1.211806528393025e-05,3.665842190129941e-09,7796095.645539999,0.9278759999999998,0.09701083526717787,500
2025-10-24 02:56:15.770000+00:00,2025-10-24 06:33:52.365000+00:00,1761274575770,1761287632365,2.5936807642267772e-08,-7.665783797119734e-06,3.854298131305663e-09,7781069.161739999,0.924854,0.08335194032795544,500
2025-10-24 04:23:36.336000+00:00,2025-10-24 07:48:24.217000+00:00,1761279816336,1761292104217,4.6891371812380516e-07,3.055436138225155e-06,2.9152906367394373e-08,7760008.80104,0.9232230000000002,0.3418925437762788,500
2025-10-24 06:34:06.851000+00:00,2025-10-24 09:22:54.769000+00:00,1761287646851,1761297774769,2.5665168679291207e-08,5.917145108939614e-06,4.0893582399289945e-09,7771861.07942,0.9248519999999999,0.07329746248539942,500
2025-10-24 07:48:32.832000+00:00,2025-10-24 10:33:40.829000+00:00,1761292112832,1761302020829,2.6289260804479985e-08,4.261853767354062e-06,1.8970894938361453e-09,7819690.1921,0.927442,0.2782978116636984,500
2025-10-24 09:23:21.054000+00:00,2025-10-24 11:14:49.307000+00:00,1761297801054,1761304489307,1.5201525804294662e-07,-1.6683885744990894e-06,4.550131227463989e-09,7845757.04574,0.9292720000000002,0.691480429621184,500
2025-10-24 12:21:35.402000+00:00,2025-10-24 13:09:48.251000+00:00,1761308495402,1761311388251,1.8883578182169558e-07,3.1757646443645495e-07,1.3764465944330551e-09,7747757.270059999,0.9295330000000004,0.9742226819963082,500
2025-10-24 12:57:54.713000+00:00,2025-10-24 13:23:00.675000+00:00,1761310674713,1761312180675,1.4947033778672055e-07,-5.822042667149277e-06,4.898014687328405e-09,7676885.059200001,0.9299410000000002,0.6515673778554327,500
2025-10-24 13:09:48.257000+00:00,2025-10-24 13:44:40.067000+00:00,1761311388257,1761313480067,1.4888838477068732e-07,-1.4099991247525168e-06,6.167699801293498e-09,7567763.328859999,0.9320340000000001,0.5392048208739524,500
2025-10-24 13:23:01.673000+00:00,2025-10-24 14:23:25.571000+00:00,1761312181673,1761315805571,1.3820741377310953e-07,2.713821943100186e-06,1.108941038294718e-08,7542061.12366,0.9330899999999999,0.2377472183725776,500
2025-10-24 13:44:41.043000+00:00,2025-10-24 15:02:56.063000+00:00,1761313481043,1761318176063,1.4070985996065745e-07,-2.9708097345121597e-06,8.467729066982199e-09,7601175.061460001,0.932894,0.35669802028900927,500
2025-10-24 14:23:25.669000+00:00,2025-10-24 15:34:42.493000+00:00,1761315805669,1761320082493,1.5173402152185943e-07,-1.3783488168239406e-06,8.576634814608657e-09,7613652.198959999,0.9333530000000002,0.3859366017810099,500
2025-10-24 15:03:04.033000+00:00,2025-10-24 16:19:20.474000+00:00,1761318184033,1761322760474,5.962299106748888e-08,-1.165146187347632e-06,3.6286334910102482e-09,7612193.775979999,0.932888,0.3515507131875988,500
2025-10-24 15:34:42.978000+00:00,2025-10-24 16:59:53.031000+00:00,1761320082978,1761325193031,3.6005035448304454e-08,-7.702688971835222e-07,1.2769228941875398e-09,7643714.018,0.9319649999999999,0.614865551408256,500
2025-10-24 17:00:30.381000+00:00,2025-10-24 18:08:59.632000+00:00,1761325230381,1761329339632,5.786816729196871e-08,2.384773298276058e-06,3.1508800060283994e-09,6736029.75832,0.932172,0.40380667543096677,500
2025-10-24 17:38:42.215000+00:00,2025-10-24 18:31:33.657000+00:00,1761327522215,1761330693657,5.935233517657579e-08,3.2954317969426392e-06,3.6980443198355606e-09,6496764.01606,0.9331760000000001,0.34091364061143714,500
2025-10-24 18:09:05.692000+00:00,2025-10-24 19:15:24.695000+00:00,1761329345692,1761333324695,3.416122006637105e-07,1.5288906985405836e-06,8.951571348494733e-09,6486934.12512,0.9345290000000002,0.7451848835765144,500
2025-10-24 18:31:44.082000+00:00,2025-10-24 19:59:02.197000+00:00,1761330704082,1761335942197,6.09576729023562e-08,4.317612988154349e-06,2.9350865684194074e-09,6479150.570739999,0.936033,0.4641330862288061,500
2025-10-24 19:15:31.607000+00:00,2025-10-24 20:44:23.502000+00:00,1761333331607,1761338663502,4.8449052634031116e-08,1.1009414442288715e-08,6.845676314566213e-11,6456345.63682,0.936801,0.9990067469522873,500
2025-10-24 19:59:08.042000+00:00,2025-10-24 21:25:55.131000+00:00,1761335948042,1761341155131,6.93606106202407e-08,-3.2393617475946986e-06,2.1077559217673514e-09,6444841.988800001,0.9368420000000001,0.6849879857409592,500
2025-10-24 20:44:27.184000+00:00,2025-10-24 22:15:34.240000+00:00,1761338667184,1761344134240,9.621207790141785e-08,-3.090576500293986e-06,2.2290647626382316e-09,6479462.610740001,0.9360600000000001,0.7890727950460186,500
2025-10-24 21:26:14.099000+00:00,2025-10-24 23:04:00.942000+00:00,1761341174099,1761347040942,9.77863148527117e-08,-1.4491051784338204e-06,1.1840261990495824e-09,6502050.301020001,0.9355109999999999,0.9319557984384627,500
2025-10-24 22:15:50.864000+00:00,2025-10-25 00:21:55.706000+00:00,1761344150864,1761351715706,7.930248184899379e-08,6.256775491927175e-07,2.35843964575162e-09,6501235.9723000005,0.9353929999999999,0.6942232441477385,500
2025-10-24 23:04:05.769000+00:00,2025-10-25 02:36:26.664000+00:00,1761347045769,1761359786664,7.046663766624242e-08,-4.011469924139403e-06,4.967509854547765e-09,6523299.163059999,0.9347359999999999,0.287786530982159,500
2025-10-25 00:23:11.145000+00:00,2025-10-25 03:55:27.496000+00:00,1761351791145,1761364527496,7.426542553603305e-08,-1.6140580230469504e-06,3.418597345861431e-09,6590247.59522,0.9331589999999998,0.4865608051570912,500
2025-10-25 02:36:33.870000+00:00,2025-10-25 05:23:59.333000+00:00,1761359793870,1761369839333,1.6947828294958778e-08,9.373650646874982e-07,7.521049602726256e-10,6661211.49784,0.9327359999999999,0.504859373423333,500
2025-10-25 03:55:53.426000+00:00,2025-10-25 06:12:38.560000+00:00,1761364553426,1761372758560,1.5676364259996933e-08,-7.975176623157644e-06,4.6446861302657726e-10,6666759.43846,0.9341309999999998,0.695811400624114,500
2025-10-25 05:23:59.338000+00:00,2025-10-25 07:23:14.814000+00:00,1761369839338,1761376994814,1.696948106810087e-08,8.906552915352461e-07,6.007632822954135e-10,6620485.881920001,0.9361609999999998,0.6157012250948032,500
2025-10-25 06:13:39.458000+00:00,2025-10-25 08:36:06.559000+00:00,1761372819458,1761381366559,1.7395812726585645e-08,3.4915808630918936e-06,8.241129139774024e-10,6616945.27586,0.93766,0.4722172552726346,500
2025-10-25 07:23:17.011000+00:00,2025-10-25 09:50:46.801000+00:00,1761376997011,1761385846801,1.614552412972865e-08,-8.113255660197065e-20,2.9239062649021485e-23,6636370.536440001,0.9382099999999999,1.0000000000000808,500
2025-10-25 08:36:07.101000+00:00,2025-10-25 11:38:45.727000+00:00,1761381367101,1761392325727,6.53800739840928e-08,-3.255575318782494e-20,4.837731729768302e-23,6604824.28666,0.9387879999999997,1.0000000000000329,500
2025-10-25 09:52:11.327000+00:00,2025-10-25 12:36:00.597000+00:00,1761385931327,1761395760597,5.4178535711409154e-08,2.5617527524492213e-06,1.17111777024289e-09,6552866.816620001,0.9395830000000001,0.8112345890338977,500
2025-10-25 11:38:57.296000+00:00,2025-10-25 13:12:44.437000+00:00,1761392337296,1761397964437,4.425190679194306e-08,3.939909450729084e-06,1.2112978446075937e-09,6505358.017759999,0.940661,0.7282599364643009,500
2025-10-25 12:36:16.306000+00:00,2025-10-25 13:36:06.008000+00:00,1761395776306,1761399366008,4.266115817398284e-08,1.7695512493294527e-06,1.1395236933412173e-09,6454707.898879999,0.9413659999999997,0.737837084425272,500
2025-10-25 13:12:49.092000+00:00,2025-10-25 14:03:58.628000+00:00,1761397969092,1761401038628,2.1156226908255605e-08,-5.170051924193967e-07,4.481812088420589e-10,6454974.934760001,0.9411549999999997,0.8173332973181534,500
2025-10-25 13:36:09.342000+00:00,2025-10-25 14:32:41.753000+00:00,1761399369342,1761402761753,2.1156226908255562e-08,-5.170051924193991e-07,4.481812088420589e-10,6494039.18732,0.940655,0.81733329731815,500
2025-10-25 14:51:13.581000+00:00,2025-10-25 15:53:37.576000+00:00,1761403873581,1761407617576,1.0423953517190139e-07,1.8703553860543034e-06,2.83596015337936e-09,6463689.591399999,0.940268,0.7306694540432911,500
2025-10-25 15:13:17.017000+00:00,2025-10-25 16:18:23.781000+00:00,1761405197017,1761409103781,1.0423953517189886e-07,1.8703553860542578e-06,2.8359601533793606e-09,6483668.2396599995,0.940268,0.7306694540432553,500
2025-10-25 15:53:40.175000+00:00,2025-10-25 16:33:51.140000+00:00,1761407620175,1761410031140,1.5198944292872846e-08,9.387203396789772e-07,6.405483921260559e-10,6513587.701760001,0.9406789999999998,0.5306398301604212,500
2025-10-25 16:18:27.836000+00:00,2025-10-25 16:53:38.358000+00:00,1761409107836,1761411218358,1.9993724548892287e-08,9.385987431156287e-07,7.718005029583429e-10,6531818.193999999,0.9411849999999997,0.5740257073093312,500
2025-10-25 16:33:58.022000+00:00,2025-10-25 17:41:19.344000+00:00,1761410038022,1761414079344,1.0813222644871528e-08,1.8359734993822045e-08,2.4096940725897786e-10,6565304.5430999985,0.9417579999999998,0.8017248759903468,500
2025-10-25 16:53:48.638000+00:00,2025-10-25 18:05:50.217000+00:00,1761411228638,1761415550217,1.0000000000000429e-08,-8.584167342678091e-20,1.9180665578344828e-23,6606115.290099999,0.9422520000000002,1.0000000000000855,500
2025-10-25 17:41:33.381000+00:00,2025-10-25 21:01:21.236000+00:00,1761414093381,1761426081236,4.0363825630127176e-08,4.7777606436058216e-06,3.032677837147836e-09,6597515.967079999,0.9429710000000002,0.26238209499457965,500
2025-10-25 18:06:04.038000+00:00,2025-10-26 01:26:15.301000+00:00,1761415564038,1761441975301,5.577214499067672e-08,-1.3555561906973882e-06,3.7967917034771635e-09,6780305.626499999,0.944848,0.3023011581505144,500
2025-10-25 21:02:29.592000+00:00,2025-10-26 02:26:32.540000+00:00,1761426149592,1761445592540,2.7547090131949102e-08,-8.765505425233963e-06,2.0433637863229493e-09,7030805.276559999,0.946172,0.2673712425811786,500
2025-10-26 01:26:15.711000+00:00,2025-10-26 03:35:02.201000+00:00,1761441975711,1761449702201,2.2913869911598656e-08,-7.007384519297859e-06,1.9005583886154212e-09,7132836.28688,0.9466879999999999,0.22593460860373,500
2025-10-26 02:26:32.547000+00:00,2025-10-26 05:50:01.752000+00:00,1761445592547,1761457801752,2.509355327993444e-08,4.66918858186496e-07,2.8636933572064404e-09,7153616.404259998,0.9477069999999999,0.13358772511148384,500
2025-10-26 03:36:49.150000+00:00,2025-10-26 07:24:59.577000+00:00,1761449809150,1761463499577,1.0495372455322436e-07,3.1620221751982722e-06,5.664339063423279e-09,7105723.417039999,0.9480339999999999,0.4080719839072993,500
2025-10-26 05:50:08.356000+00:00,2025-10-26 09:16:52.309000+00:00,1761457808356,1761470212309,7.548900753157197e-08,3.3048652396869887e-06,5.0765649037965464e-09,7103638.14758,0.9482889999999998,0.3074866929294039,500
2025-10-26 07:25:10.191000+00:00,2025-10-26 10:52:45.565000+00:00,1761463510191,1761475965565,3.4565564669651907e-08,-5.969240372742154e-06,2.4076249863198475e-09,7088542.28398,0.947978,0.2927291848453044,500
2025-10-26 09:16:55.117000+00:00,2025-10-26 12:27:29.847000+00:00,1761470215117,1761481649847,3.1585543542254345e-08,-6.574390465496245e-06,2.3768478460369833e-09,7086562.31642,0.946052,0.26177730707376373,500
2025-10-26 10:53:15.179000+00:00,2025-10-26 13:48:34.247000+00:00,1761475995179,1761486514247,3.975169656216059e-08,7.408774980014879e-07,3.004216531118144e-09,7144791.379199999,0.9457369999999999,0.2601231348358157,500
2025-10-26 12:27:32.851000+00:00,2025-10-26 15:12:56.112000+00:00,1761481652851,1761491576112,2.520904683222493e-08,1.0311949100957045e-06,1.3308457186885357e-09,7205764.753059999,0.946352,0.41877030486257316,500
2025-10-26 13:48:40.371000+00:00,2025-10-26 16:38:07.086000+00:00,1761486520371,1761496687086,3.53134268118938e-08,9.429865192878066e-06,4.375208412674693e-09,7125252.614839998,0.946412,0.11568095649715028,500
2025-10-26 15:13:40.498000+00:00,2025-10-26 18:03:55.838000+00:00,1761491620498,1761501835838,1.901748335188945e-08,1.1209220167315337e-05,3.028858278525245e-09,7163365.7392799985,0.9488139999999998,0.07335539223159028,500
2025-10-26 16:38:16.055000+00:00,2025-10-26 20:09:40.554000+00:00,1761496696055,1761509380554,1.3358534381382991e-08,6.691559619661479e-06,9.91212117746389e-10,7605089.986359999,0.953135,0.2672469293750042,500
2025-10-26 18:04:07.926000+00:00,2025-10-26 22:19:06.121000+00:00,1761501847926,1761517146121,2.7793595239979234e-08,-1.457465005557642e-06,1.6217796376412726e-09,7863720.419559999,0.955424,0.3709748337925374,500
2025-10-26 20:09:56.776000+00:00,2025-10-27 00:40:03.381000+00:00,1761509396776,1761525603381,7.530126323264097e-08,-1.5379905600271154e-06,8.94112854541488e-09,7625201.726799999,0.9547069999999999,0.12467008976952318,500
2025-10-26 22:19:49.675000+00:00,2025-10-27 02:22:26.727000+00:00,1761517189675,1761531746727,2.914957214459199e-07,-1.984328582092912e-05,2.0656475570463345e-08,7445048.14446,0.9531139999999999,0.2856497179275619,500
2025-10-27 00:40:19.009000+00:00,2025-10-27 03:27:08.509000+00:00,1761525619009,1761535628509,1.6517036200198092e-07,-6.48432325041943e-06,1.3283225984973867e-08,7476349.242260001,0.9513299999999999,0.2369183860786364,500
2025-10-27 02:22:32.043000+00:00,2025-10-27 04:24:58.389000+00:00,1761531752043,1761539098389,6.744852082724974e-08,-1.1352498048962995e-06,3.555174621486709e-09,7521468.396959999,0.949521,0.41953583171803904,500
2025-10-27 03:28:36.205000+00:00,2025-10-27 06:16:44.214000+00:00,1761535716205,1761545804214,6.251287011568361e-08,-6.602736689600478e-07,2.2203690770177834e-09,7528619.64764,0.948047,0.6141517693884391,500
2025-10-27 04:25:30.983000+00:00,2025-10-27 07:37:16.704000+00:00,1761539130983,1761550636704,4.158423680200188e-08,1.484980677321076e-06,2.0180098752106607e-09,7508306.029159999,0.9482149999999999,0.46023879284019115,500
2025-10-27 06:16:44.588000+00:00,2025-10-27 09:08:33.054000+00:00,1761545804588,1761556113054,4.560718863532426e-08,7.945414321679237e-07,2.919747987521722e-09,7508840.51542,0.949705,0.32883387696523786,500
2025-10-27 07:37:24.590000+00:00,2025-10-27 11:07:03.185000+00:00,1761550644590,1761563223185,1.0899152670260213e-07,2.9611802441394914e-07,4.481516290422167e-09,7521242.13336,0.950783,0.5428986000760261,500
2025-10-27 09:08:50.408000+00:00,2025-10-27 12:37:39.957000+00:00,1761556130408,1761568659957,6.180840909943197e-08,-2.3309600118825566e-07,3.0620243565615183e-09,7555740.0516800005,0.9517669999999998,0.44999924875365205,500
2025-10-27 11:07:12.103000+00:00,2025-10-27 14:08:53.423000+00:00,1761563232103,1761574133423,4.8317918272739636e-08,-8.225279175197738e-07,3.241270452328972e-09,7694462.648940001,0.9524740000000002,0.3085459604150806,500
2025-10-27 12:37:50.506000+00:00,2025-10-27 15:56:25.885000+00:00,1761568670506,1761580585885,7.131265817294621e-09,7.577931743302269e-06,7.747159987306804e-10,7820230.598040001,0.953627,0.1454049612868837,500
2025-10-27 14:08:56.654000+00:00,2025-10-27 16:54:20.752000+00:00,1761574136654,1761584060752,8.450217060529515e-09,7.19477924535898e-06,9.260617284470061e-10,7910800.74314,0.9564290000000001,0.14324604273575783,500
2025-10-27 15:56:29.222000+00:00,2025-10-27 17:49:21.223000+00:00,1761580589222,1761587361223,1.4751805363773211e-08,-2.37568561249799e-06,1.1373359055526838e-09,8164343.94682,0.958334,0.25251448070312665,500
2025-10-27 16:54:22.856000+00:00,2025-10-27 19:14:44.678000+00:00,1761584062856,1761592484678,5.301204027334091e-09,-1.7428825541061077e-06,5.959115176747171e-10,8437077.13046,0.9581430000000001,0.13712156246889012,500
2025-10-27 17:49:24.005000+00:00,2025-10-27 21:04:19.214000+00:00,1761587364005,1761599059214,8.503533100347581e-09,-2.4975248814715725e-05,2.261539208626641e-09,8250036.54976,0.953916,0.027606000865373643,500
2025-10-27 19:14:44.686000+00:00,2025-10-27 22:08:51.840000+00:00,1761592484686,1761602931840,4.570726161668464e-08,-2.3225662154422054e-05,6.467906711614973e-09,7896028.951500001,0.9467899999999999,0.09114029261456136,500
2025-10-27 21:04:21.158000+00:00,2025-10-27 23:06:40.348000+00:00,1761599061158,1761606400348,9.833363077200111e-08,-4.672637961052733e-06,8.389386282819623e-09,7583474.80782,0.9424600000000001,0.21622497064351037,500
2025-10-27 22:10:22.972000+00:00,2025-10-28 00:07:34.407000+00:00,1761603022972,1761610054407,4.684465924260516e-08,-3.848638916360445e-05,7.824697037658941e-09,7232924.319379999,0.9364819999999999,0.06713868730271133,500
2025-10-27 23:06:52.508000+00:00,2025-10-28 01:04:11.425000+00:00,1761606412508,1761613451425,6.043488234215068e-08,-2.9954669927102702e-05,1.0225953613948927e-08,7320025.49158,0.9252339999999999,0.06553896508870062,500
2025-10-28 00:07:36.382000+00:00,2025-10-28 02:17:07.588000+00:00,1761610056382,1761617827588,1.1017079591518249e-07,1.552953940590288e-06,1.1761345093349437e-08,7633068.22468,0.923913,0.1497996869611961,500
2025-10-28 01:04:13.594000+00:00,2025-10-28 03:14:17.901000+00:00,1761613453594,1761621257901,4.47997439776879e-08,-8.897840636313143e-06,2.776519493982431e-09,7633255.58122,0.919397,0.34330699773163637,500
2025-10-28 02:17:33.739000+00:00,2025-10-28 05:02:32.916000+00:00,1761617853739,1761627752916,3.606715350593677e-08,-3.696830366414518e-05,3.4583428680831823e-09,7410356.83866,0.909137,0.1792533959616552,500
2025-10-28 03:14:32.909000+00:00,2025-10-28 06:18:02.694000+00:00,1761621272909,1761632282694,3.4274849052288345e-08,6.926191016278746e-06,6.209811955789593e-09,7308689.44582,0.905363,0.05764722101003169,500
2025-10-28 05:02:35.815000+00:00,2025-10-28 07:34:41.970000+00:00,1761627755815,1761636881970,1.0111672100056011e-07,1.4853664335098302e-05,1.1557704798428276e-08,7344527.51542,0.90401,0.13322342203563298,500
2025-10-28 06:18:15.006000+00:00,2025-10-28 08:59:10.373000+00:00,1761632295006,1761641950373,1.6113348107676203e-07,-1.106095080770639e-05,7.49781581205417e-09,7440807.363439999,0.9036959999999999,0.4811695627081199,500
2025-10-28 07:34:48.260000+00:00,2025-10-28 10:16:38.716000+00:00,1761636888260,1761646598716,4.2133480274761466e-08,-2.95692781359928e-05,2.0280394085266884e-09,7574867.217199999,0.895112,0.4642974273027389,500
2025-10-28 08:59:38.782000+00:00,2025-10-28 11:34:28.177000+00:00,1761641978782,1761651268177,4.712775936903466e-08,-5.872033409514913e-06,2.7199469638247765e-09,7588047.765519999,0.882633,0.37610811657770415,500
2025-10-28 10:16:46.018000+00:00,2025-10-28 12:45:33.575000+00:00,1761646606018,1761655533575,1.0210526140767817e-07,4.885610487194876e-05,7.30850468562157e-09,7244609.067119999,0.881451,0.28157368866267174,500
2025-10-28 11:34:32.721000+00:00,2025-10-28 13:47:24.669000+00:00,1761651272721,1761659244669,8.30410783129861e-08,4.229091186061434e-05,1.0739363782274848e-08,6872868.949819999,0.8934710000000001,0.10719094416330817,500
2025-10-28 12:46:10.179000+00:00,2025-10-28 16:40:36.391000+00:00,1761655570179,1761669636391,1.920878983505005e-07,-5.59549362013978e-06,3.218215512593537e-08,6827632.62316,0.8979150000000001,0.06676250141577153,500
2025-10-28 13:47:43.220000+00:00,2025-10-28 17:10:12.003000+00:00,1761659263220,1761671412003,4.0491773301428685e-08,-1.8190932841583266e-05,8.674260448301902e-09,6924083.656299999,0.896601,0.04192183436698932,500
2025-10-28 16:41:15.386000+00:00,2025-10-28 17:48:31.055000+00:00,1761669675386,1761673711055,3.9289036217866814e-08,1.5707410852271435e-05,5.504471975374529e-09,6997168.916939999,0.899766,0.0928072005430401,500
2025-10-28 17:10:32.677000+00:00,2025-10-28 18:20:47.029000+00:00,1761671432677,1761675647029,8.624687081338815e-08,2.4539469580326976e-07,1.3256953675767967e-08,7054480.018279999,0.905048,0.07833285910494522,500
2025-10-28 17:48:32.399000+00:00,2025-10-28 19:06:45.682000+00:00,1761673712399,1761678405682,5.3875489768053926e-08,-2.1858043374403715e-05,1.1524307246672462e-08,7240714.07416,0.904645,0.042040753997532404,500
2025-10-28 18:21:36.360000+00:00,2025-10-28 20:24:28.648000+00:00,1761675696360,1761683068648,6.796428362809242e-08,-3.760806006065596e-05,1.2886075654247897e-08,7480159.435140001,0.8989210000000001,0.052903571240491984,500
2025-10-28 19:06:50.917000+00:00,2025-10-28 22:05:33.120000+00:00,1761678410917,1761689133120,3.6823250537687494e-08,-4.105246747232061e-05,5.556923677317729e-09,17576686.85078,0.892393,0.08103026302849577,500
2025-10-28 20:24:56.417000+00:00,2025-10-28 23:14:03.676000+00:00,1761683096417,1761693243676,3.999746127790677e-08,-2.9351466524171078e-05,5.764367280865708e-09,68060324.7753,0.881899,0.08815616476944624,500
2025-10-28 22:05:39.536000+00:00,2025-10-29 00:21:48.358000+00:00,1761689139536,1761697308358,5.8353404804477624e-08,4.045868758344374e-06,8.827248691319808e-09,108766299.96801999,0.877361,0.08067199985550297,500
2025-10-28 23:14:09.036000+00:00,2025-10-29 01:20:02.700000+00:00,1761693249036,1761700802700,4.420082686042825e-08,1.4231583671214955e-05,7.690167912722697e-09,109153054.35903998,0.8807429999999999,0.062210697932331936,500
2025-10-29 00:21:50.814000+00:00,2025-10-29 02:49:18.445000+00:00,1761697310814,1761706158445,7.376425533960245e-08,-9.07979705505391e-06,6.986456382619076e-09,76306277.12884,0.8828619999999999,0.18290350422593643,500
2025-10-29 01:20:19.226000+00:00,2025-10-29 04:46:20.437000+00:00,1761700819226,1761713180437,2.649974534722911e-08,-7.055331909018445e-06,3.871124530321551e-09,26308232.10224,0.8818309999999999,0.08600498069270476,500
2025-10-29 02:49:20.834000+00:00,2025-10-29 06:01:37.611000+00:00,1761706160834,1761717697611,1.2163226601877388e-08,2.787660554981872e-06,1.6551937518881544e-09,9265067.88382,0.8815319999999999,0.09782733861282493,500
2025-10-29 04:46:50.014000+00:00,2025-10-29 07:28:02.927000+00:00,1761713210014,1761722882927,1.2524880034132822e-08,5.187775711264722e-06,1.4541888154090023e-09,9196310.163360002,0.8834379999999998,0.1296493814381105,500
2025-10-29 06:01:53.011000+00:00,2025-10-29 08:52:15.306000+00:00,1761717713011,1761727935306,6.606703094530717e-08,1.9090503336561416e-06,5.136303810310244e-09,9229053.62724,0.8857170000000001,0.24937885358967976,500
2025-10-29 07:28:30.114000+00:00,2025-10-29 10:14:47.567000+00:00,1761722910114,1761732887567,1.7201728087170234e-07,-2.7542758984544753e-07,9.418552797425307e-09,9307480.10516,0.8870459999999998,0.40112661208777634,500
2025-10-29 08:52:50.689000+00:00,2025-10-29 11:28:36.078000+00:00,1761727970689,1761737316078,2.0383446048418327e-08,-7.430633604710237e-07,2.1167250716932223e-09,9314137.776759999,0.8868719999999999,0.15697711105378404,500
2025-10-29 10:15:08.946000+00:00,2025-10-29 12:27:18.008000+00:00,1761732908946,1761740838008,2.038344604841852e-08,-7.430633604710121e-07,2.1167250716932223e-09,9259169.494659998,0.8863719999999999,0.15697711105378703,500
2025-10-29 11:28:36.084000+00:00,2025-10-29 13:17:44.979000+00:00,1761737316084,1761743864979,1.4925352715455273e-07,3.114708673823658e-06,6.08739956719045e-09,9169454.83146,0.88671,0.5469241835212365,500
2025-10-29 12:27:20.434000+00:00,2025-10-29 14:14:23.174000+00:00,1761740840434,1761747263174,3.149345429771082e-08,-2.385049057098075e-06,4.3942194433124945e-09,8967406.91996,0.887849,0.0935007744014919,500
2025-10-29 13:18:32.211000+00:00,2025-10-29 14:49:50.457000+00:00,1761743912211,1761749390457,2.9604026410377282e-08,-8.034915778116044e-06,3.623235141811114e-09,8766250.129880002,0.8881030000000001,0.1182076323848989,500
2025-10-29 14:14:23.182000+00:00,2025-10-29 15:30:03.850000+00:00,1761747263182,1761751803850,2.8857964368227362e-08,-2.081761911750719e-05,3.203115146484194e-09,8775574.412439998,0.8844229999999998,0.1401462635688139,500
2025-10-29 14:49:57.574000+00:00,2025-10-29 16:19:32.568000+00:00,1761749397574,1761754772568,4.588074663248168e-09,-4.157913526187896e-06,4.2358438940876874e-10,9249787.120499996,0.8828619999999999,0.19066821990734817,500
2025-10-29 15:30:57.452000+00:00,2025-10-29 16:56:21.242000+00:00,1761751857452,1761756981242,4.7042334776195196e-09,-4.29603798315985e-06,1.9674316097308025e-10,9464043.136659997,0.887246,0.534454786058212,500
2025-10-29 16:19:33.448000+00:00,2025-10-29 17:50:17.670000+00:00,1761754773448,1761760217670,9.313949661089494e-09,-2.5919749345002597e-05,8.78853064572566e-10,9043440.266379997,0.883325,0.18402704468503553,500
2025-10-29 16:56:25.909000+00:00,2025-10-29 18:45:44.863000+00:00,1761756985909,1761763544863,1.6105658733716935e-07,-1.0250335836058345e-06,1.499240684489759e-08,8799283.449659996,0.8754430000000001,0.18813469948130038,500
2025-10-29 17:50:32.483000+00:00,2025-10-29 20:21:17.205000+00:00,1761760232483,1761769277205,9.975116482156243e-08,1.307167599561522e-05,1.0471447458876862e-08,8779423.298639996,0.8784760000000001,0.1541328869494356,500
2025-10-29 18:46:24.199000+00:00,2025-10-29 21:35:22.017000+00:00,1761763584199,1761773722017,1.282739109840547e-07,1.0613920861648795e-05,1.1321919797222268e-08,8793046.667459996,0.883051,0.20493262931678174,500
2025-10-29 20:21:48.592000+00:00,2025-10-29 22:41:17.899000+00:00,1761769308592,1761777677899,1.1323766208536515e-07,-4.558983009342856e-06,1.0238389905630612e-08,8815398.739119997,0.8867529999999999,0.19719619792807896,500
2025-10-29 21:35:27.323000+00:00,2025-10-29 23:59:05.893000+00:00,1761773727323,1761782345893,9.380036698982541e-08,-2.7077039774237844e-06,8.95960088093543e-09,8910546.280499997,0.891166,0.18038904499201572,500
2025-10-29 22:41:23.960000+00:00,2025-10-30 01:12:58.362000+00:00,1761777683960,1761786778362,2.439662743447722e-08,-1.613101000510434e-06,4.819027239263712e-09,9208544.362639995,0.8924740000000002,0.04894594144480641,500
2025-10-29 23:59:11.171000+00:00,2025-10-30 01:50:32.609000+00:00,1761782351171,1761789032609,2.605253727589476e-08,-3.9377770595043926e-06,5.066599392742596e-09,9781085.702379996,0.8917759999999999,0.050416284210119316,500
2025-10-30 01:13:00.199000+00:00,2025-10-30 02:53:57.639000+00:00,1761786780199,1761792837639,1.5124386435041513e-07,5.364355327806678e-06,1.182458293685895e-08,10096062.700719995,0.8950670000000002,0.24727956615832822,500
2025-10-30 01:50:38.307000+00:00,2025-10-30 03:37:53.166000+00:00,1761789038307,1761795473166,7.48513102105706e-08,-9.805872500860629e-07,4.582874036061479e-09,9708422.604099996,0.902939,0.34881649857260455,500
2025-10-30 02:54:23.219000+00:00,2025-10-30 04:58:02.083000+00:00,1761792863219,1761800282083,4.547955887549897e-08,-9.137678308774723e-06,2.8800503455892843e-09,9292379.113499997,0.907576,0.33365729916919945,500
2025-10-30 03:37:58.832000+00:00,2025-10-30 05:59:13.254000+00:00,1761795478832,1761803953254,1.7315339186799278e-08,3.490456753341827e-06,1.451329912640019e-09,9059632.65632,0.9089529999999998,0.22228925500436655,500
2025-10-30 05:59:15.104000+00:00,2025-10-30 06:55:17.080000+00:00,1761803955104,1761807317080,4.2782615539217025e-08,-3.1435373863229384e-06,3.541999111959648e-09,8750899.29144,0.9095729999999997,0.22658090829388336,500
2025-10-30 06:28:45.421000+00:00,2025-10-30 07:26:52.005000+00:00,1761805725421,1761809212005,5.615140137758866e-08,5.588975706498178e-06,2.9220764504479886e-09,8785455.503360001,0.9125109999999999,0.4257809936056244,500
2025-10-30 06:55:22.534000+00:00,2025-10-30 07:54:33.902000+00:00,1761807322534,1761810873902,6.039144137412802e-08,8.339706368796223e-06,2.8189324111499383e-09,8931630.368980002,0.919439,0.47960588187619446,500
2025-10-30 07:26:54.694000+00:00,2025-10-30 08:13:29.342000+00:00,1761809214694,1761812009342,1.1355284655178639e-07,-1.197327413017049e-06,6.000256759417404e-09,9065796.99066,0.9236400000000002,0.4183214240144251,500
2025-10-30 07:54:34.047000+00:00,2025-10-30 08:27:49.369000+00:00,1761810874047,1761812869369,9.971740124923912e-08,-2.169511612019395e-06,1.049926741643365e-08,9092167.72646,0.9242509999999999,0.1533543942072175,500
2025-10-30 08:13:30.271000+00:00,2025-10-30 08:46:59.359000+00:00,1761812010271,1761814019359,9.900828730066617e-08,-1.1465516099251426e-06,1.4761359352371324e-08,9129195.70218,0.924303,0.08285155805733524,500
2025-10-30 08:27:51.215000+00:00,2025-10-30 09:16:35.771000+00:00,1761812871215,1761815795771,1.1048440101661611e-07,1.8364347977164747e-06,1.1625197408111173e-08,9200383.2792,0.924085,0.1535270783342393,500
2025-10-30 08:46:59.788000+00:00,2025-10-30 10:03:54.029000+00:00,1761814019788,1761818634029,1.3020610032479294e-07,-1.4290015345759763e-06,1.0010888323288857e-08,9257835.203979999,0.9247169999999999,0.25356098014378503,500
2025-10-30 09:16:44.674000+00:00,2025-10-30 10:41:25.407000+00:00,1761815804674,1761820885407,2.2153090889493905e-07,-6.26995214000792e-06,2.902977378199717e-08,9338818.590880001,0.92648,0.10469437008790032,500
2025-10-30 10:04:09.775000+00:00,2025-10-30 11:16:26.015000+00:00,1761818649775,1761822986015,2.4095287212619514e-07,2.9175342853489943e-06,2.843470494404081e-08,9999203.112880003,0.9283030000000001,0.1260198577238488,500
2025-10-30 10:41:27.559000+00:00,2025-10-30 11:49:12.393000+00:00,1761820887559,1761824952393,1.1007686220513091e-07,-6.41840500877288e-06,1.6323879077102278e-08,10657442.914660003,0.9295980000000001,0.08366967131871321,500
2025-10-30 11:16:40.816000+00:00,2025-10-30 12:22:52.101000+00:00,1761823000816,1761826972101,9.375443951464164e-08,-1.2445012906055773e-05,1.3577487180144303e-08,10646525.204460002,0.930421,0.08737880278058767,500
2025-10-30 11:49:27.175000+00:00,2025-10-30 12:52:16.350000+00:00,1761824967175,1761828736350,1.3618048375110917e-08,4.2438283996649e-06,3.18241511859458e-09,10606311.25788,0.931627,0.0354653758484898,500
2025-10-30 12:22:55.209000+00:00,2025-10-30 13:21:32.502000+00:00,1761826975209,1761830492502,1.434836561846617e-08,1.2691280180926568e-05,2.7066804096154602e-09,10621042.602159997,0.934098,0.05341476164874244,500
2025-10-30 12:52:30.654000+00:00,2025-10-30 13:47:16.355000+00:00,1761828750654,1761832036355,3.127093391549347e-08,9.104808287530042e-06,4.1505802005312845e-09,10018401.16168,0.936968,0.10231910297354042,500
2025-10-30 13:21:42.790000+00:00,2025-10-30 14:23:40.411000+00:00,1761830502790,1761834220411,2.1650831044725512e-08,1.1044621315063422e-05,2.499405565433413e-09,9421841.71996,0.940415,0.13094622543323858,500
2025-10-30 13:47:24.557000+00:00,2025-10-30 15:01:23.138000+00:00,1761832044557,1761836483138,2.1103316531511803e-08,-6.19430216301224e-06,2.668638317422289e-09,9379363.57168,0.941205,0.11156279483080538,500
2025-10-30 14:23:40.583000+00:00,2025-10-30 15:45:52.503000+00:00,1761834220583,1761839152503,8.586578224892271e-08,-1.0875202313398077e-05,4.6624308632651934e-09,9402039.754599998,0.941682,0.40513764260807306,500
2025-10-30 15:01:38.910000+00:00,2025-10-30 16:35:22.537000+00:00,1761836498910,1761842122537,9.30051193962585e-08,-1.1849410724860065e-05,4.554983658649832e-09,9891963.780539999,0.9430619999999998,0.4556828809202722,500
2025-10-30 15:45:53.124000+00:00,2025-10-30 17:35:24.590000+00:00,1761839153124,1761845724590,1.1435430978526154e-07,-7.155714970585357e-06,7.342800922009962e-09,10264763.23814,0.942386,0.3275168409518714,500
2025-10-30 16:35:39.779000+00:00,2025-10-30 18:21:38.925000+00:00,1761842139779,1761848498925,8.662481076110408e-08,2.1496057348199677e-06,1.0478810489884711e-08,10232416.696859999,0.941489,0.12066605667770049,500
2025-10-30 17:35:27.034000+00:00,2025-10-30 19:33:15.484000+00:00,1761845727034,1761852795484,7.905472279282235e-08,-5.181210166669095e-06,7.93108696370372e-09,9841280.016139997,0.9420230000000002,0.16632503824891548,500
2025-10-30 18:21:43.358000+00:00,2025-10-30 20:45:37.969000+00:00,1761848503358,1761857137969,1.5436436248794866e-07,-3.8095092083732045e-06,1.2096404426626292e-08,9452579.64818,0.9435050000000001,0.24642237660986796,500
2025-10-30 19:33:30.897000+00:00,2025-10-30 22:44:12.991000+00:00,1761852810897,1761864252991,1.085573480990667e-07,-1.549544045825472e-06,8.944385003424846e-09,9391949.809559999,0.945591,0.22827189966981676,500
2025-10-30 20:45:38.264000+00:00,2025-10-31 00:23:59.181000+00:00,1761857138264,1761870239181,1.6275419582385362e-07,-1.5546981257263896e-05,1.6671118298854782e-08,9248482.790719999,0.945306,0.1606400469484844,500
2025-10-30 22:44:21.320000+00:00,2025-10-31 02:02:34.228000+00:00,1761864261320,1761876154228,3.016184762019845e-08,-1.5182077107328704e-05,7.147523415193118e-09,9279470.194439998,0.9426479999999999,0.03452367314490802,500
2025-10-31 00:24:19.688000+00:00,2025-10-31 03:26:21.383000+00:00,1761870259688,1761881181383,1.5485189908841094e-08,2.2761284605084082e-06,2.4076972793117317e-09,9432709.47804,0.942814,0.0766914293196143,500
2025-10-31 02:02:39.809000+00:00,2025-10-31 04:42:27.493000+00:00,1761876159809,1761885747493,1.4563090800331108e-07,2.099998919289953e-06,1.1005852384968661e-08,9504420.21786,0.944162,0.26012795342403056,500
2025-10-31 03:26:54.026000+00:00,2025-10-31 06:22:01.315000+00:00,1761881214026,1761891721315,6.402519559870812e-08,3.007730968645428e-06,6.989403424739692e-09,9518075.367420003,0.9445219999999999,0.1441997982378586,500
2025-10-31 04:42:36.542000+00:00,2025-10-31 07:06:06.801000+00:00,1761885756542,1761894366801,5.7159093470934234e-08,1.0365550100940656e-06,4.136074757118501e-09,9583728.64492,0.9445239999999998,0.27719514683933594,500
2025-10-31 06:22:01.808000+00:00,2025-10-31 07:52:06.552000+00:00,1761891721808,1761897126552,9.891500742806286e-08,-2.043807847162018e-06,6.630230341425522e-09,9644559.18984,0.9450819999999999,0.3088807237682475,500
2025-10-31 07:06:43.391000+00:00,2025-10-31 08:38:58.925000+00:00,1761894403391,1761899938925,9.891500742806521e-08,-2.0438078471621602e-06,6.630230341425522e-09,9673160.414719999,0.9460820000000001,0.30888072376826226,500
2025-10-31 07:52:06.560000+00:00,2025-10-31 09:40:19.932000+00:00,1761897126560,1761903619932,3.029044588660673e-08,5.700141069345047e-07,2.8993757583593217e-09,9684824.439459998,0.9470380000000003,0.179767084954519,500
2025-10-31 08:39:03.852000+00:00,2025-10-31 10:42:34.358000+00:00,1761899943852,1761907354358,4.9383769856953586e-08,-1.3454969935602224e-06,4.140797258712233e-09,9691845.8242,0.9483420000000001,0.22215825283608773,500
2025-10-31 09:40:22.553000+00:00,2025-10-31 11:49:20.632000+00:00,1761903622553,1761911360632,1.40552514414523e-07,-2.7821898904986625e-06,5.759571845681685e-09,9870383.271840002,0.9493260000000001,0.5445902261729338,500
2025-10-31 10:42:42.176000+00:00,2025-10-31 12:42:42.920000+00:00,1761907362176,1761914562920,1.747643762334313e-07,3.3329523645448545e-06,5.517511159048198e-09,10056982.680580001,0.9500580000000001,0.6682816498053404,500
2025-10-31 11:49:46.377000+00:00,2025-10-31 13:40:01.959000+00:00,1761911386377,1761918001959,2.520013525972524e-08,-1.0588775925444355e-06,1.983966496640866e-09,10130217.427040001,0.9514770000000001,0.24469712674378716,500
2025-10-31 12:42:49.164000+00:00,2025-10-31 14:59:50.375000+00:00,1761914569164,1761922790375,2.198073748092855e-08,-1.2162399498050275e-05,1.534304902589447e-09,10102040.61184,0.951014,0.291848759124179,500
2025-10-31 13:40:10.768000+00:00,2025-10-31 15:47:12.230000+00:00,1761918010768,1761925632230,7.889294049765447e-08,-1.749030133331206e-05,6.978405607750323e-09,9982514.146919997,0.946914,0.2042309550950073,500
2025-10-31 15:00:07.410000+00:00,2025-10-31 16:53:30.224000+00:00,1761922807410,1761929610224,9.995001031607297e-08,-7.615486606887831e-06,9.785143417509373e-09,9897107.594379999,0.942067,0.17321798225974377,500
2025-10-31 15:47:18.695000+00:00,2025-10-31 18:12:41.490000+00:00,1761925638695,1761934361490,2.6324973580483617e-07,-4.866046527746502e-06,1.969617514868424e-08,9986279.893919999,0.940781,0.2640074437361201,500
2025-10-31 16:53:31.969000+00:00,2025-10-31 19:07:35.791000+00:00,1761929611969,1761937655791,1.4375778907377902e-07,-1.307354322474072e-05,9.11183878392065e-09,10277950.757399999,0.941475,0.3332572850369355,500
2025-10-31 18:12:44.232000+00:00,2025-10-31 19:54:59.522000+00:00,1761934364232,1761940499522,1.2874546831348468e-07,-1.2205213911282504e-05,8.002757167948842e-09,10441961.83166,0.941279,0.341976718912865,500
2025-10-31 19:07:52.666000+00:00,2025-10-31 21:31:39.206000+00:00,1761937672666,1761946299206,2.0822592059884586e-07,-4.261764081415388e-06,1.5929593047307548e-08,10506642.567979999,0.941644,0.2554582499284405,500
2025-10-31 19:55:22.889000+00:00,2025-10-31 23:28:20.539000+00:00,1761940522889,1761953300539,4.061419095174819e-08,5.071856302727486e-06,5.1822498236311785e-09,10550966.18324,0.9419529999999999,0.10979433503361063,500
2025-10-31 21:32:02.513000+00:00,2025-11-01 01:12:06.894000+00:00,1761946322513,1761959526894,2.4358821432538555e-08,7.667983938533084e-06,4.325222159101205e-09,10500564.438679999,0.9425690000000001,0.059875834366799496,500
2025-10-31 23:28:27.829000+00:00,2025-11-01 02:08:58.856000+00:00,1761953307829,1761962938856,3.969142859770949e-08,-4.364576321249615e-06,5.3301607952352324e-09,10210453.306259999,0.944839,0.10019206254677698,500
2025-11-01 01:12:37.096000+00:00,2025-11-01 03:12:10.444000+00:00,1761959557096,1761966730444,8.736566411003642e-08,3.6019053237729177e-06,6.691988313478834e-09,9867849.47536,0.942623,0.2549816137574714,500
2025-11-01 02:10:01.412000+00:00,2025-11-01 03:52:04.744000+00:00,1761963001412,1761969124744,1.2526085439516533e-07,1.0154033272649538e-05,9.669163377113145e-09,9782731.1435,0.940404,0.25205410838827946,500
2025-11-01 03:12:15.708000+00:00,2025-11-01 04:35:48.124000+00:00,1761966735708,1761971748124,1.6439043205447143e-07,1.3146379218630936e-05,1.9690301257318686e-08,9754888.00266,0.9440400000000001,0.12277997646319777,500
2025-11-01 03:52:19.909000+00:00,2025-11-01 05:41:59.980000+00:00,1761969139909,1761975719980,2.3054248230150675e-07,4.5987163581505855e-06,2.4988635128284413e-08,9724710.727219997,0.945458,0.1459691487337647,500
2025-11-01 04:35:51.442000+00:00,2025-11-01 06:09:28.325000+00:00,1761971751442,1761977368325,4.1748059957832716e-07,5.033094278002646e-07,3.0048979868284153e-08,9725372.783399997,0.943235,0.2793312288376278,500
2025-11-01 05:42:05.908000+00:00,2025-11-01 07:00:05.221000+00:00,1761975725908,1761980405221,3.037515667069062e-07,-4.992341734068214e-06,2.2483493635607007e-08,9806217.40252,0.941667,0.2682062143438391,500
2025-11-01 06:09:32.230000+00:00,2025-11-01 07:51:13.050000+00:00,1761977372230,1761983473050,2.6701797149832496e-07,-2.0893024305220427e-06,2.112802965073743e-08,10070423.883539999,0.942748,0.24284045929093576,500
2025-11-01 07:00:15.531000+00:00,2025-11-01 08:35:52.990000+00:00,1761980415531,1761986152990,3.347644307134235e-07,-6.29358766553392e-06,2.9211810942184644e-08,10484491.24614,0.944723,0.20868137778638038,500
2025-11-01 07:51:13.534000+00:00,2025-11-01 09:49:39.977000+00:00,1761983473534,1761990579977,3.4040897042809404e-07,-2.6296873847857823e-06,3.252883018195515e-08,10728561.988379998,0.9458639999999998,0.18026425974569812,500
2025-11-01 08:36:11.554000+00:00,2025-11-01 11:08:26.783000+00:00,1761986171554,1761995306783,1.3551443622548107e-07,2.1239469239492747e-06,1.791416061413919e-08,11097385.049779998,0.9460799999999999,0.10306470602206029,500
2025-11-01 09:50:04.861000+00:00,2025-11-01 11:53:32.780000+00:00,1761990604861,1761998012780,9.862966302287825e-08,-2.1734056104679646e-07,9.37190759777882e-09,11500775.780259999,0.9464130000000001,0.1819354513338347,500
2025-11-01 11:08:30.072000+00:00,2025-11-01 12:37:33.158000+00:00,1761995310072,1762000653158,1.178615434335541e-07,-1.805518626627947e-06,1.1277578462800693e-08,11239554.418579997,0.9466470000000001,0.17987243015205795,500
2025-11-01 11:54:08.645000+00:00,2025-11-01 13:12:45.834000+00:00,1761998048645,1762002765834,5.038055193365954e-07,-5.361638752442423e-06,3.1161935754286235e-08,10973889.09164,0.9465180000000002,0.34420425673774485,500
2025-11-01 12:37:34.392000+00:00,2025-11-01 13:49:12.630000+00:00,1762000654392,1762004952630,3.9268388388365807e-08,1.5328307723479668e-06,3.618552134211382e-09,11097771.619419998,0.9468990000000002,0.1912499980282993,500
2025-11-01 13:12:48.266000+00:00,2025-11-01 15:01:01.290000+00:00,1762002768266,1762009261290,4.731925702360067e-08,1.050612476577801e-06,4.14468878104811e-09,11454599.407759998,0.946969,0.20744086554577945,500
2025-11-01 13:49:18.405000+00:00,2025-11-01 16:08:45.748000+00:00,1762004958405,1762013325748,9.737418627222459e-08,-1.0659526073995054e-06,6.449274546583182e-09,11790474.564819997,0.9465480000000001,0.3140154140108379,500
2025-11-01 15:01:13.080000+00:00,2025-11-01 17:14:12.291000+00:00,1762009273080,1762017252291,7.342158319717438e-08,2.976893089245854e-07,4.353459931127184e-09,11804140.005259996,0.9457739999999999,0.3635229279238319,500
2025-11-01 16:08:45.790000+00:00,2025-11-01 18:53:02.675000+00:00,1762013325790,1762023182675,1.1920257826660432e-07,-4.0809267692451815e-06,7.227747170340275e-09,12177502.461259998,0.9438429999999999,0.35324490638889344,500
2025-11-01 17:14:54.023000+00:00,2025-11-01 20:03:23.961000+00:00,1762017294023,1762027403961,3.3758106213194915e-08,-3.979310654100402e-06,4.01948212990301e-09,12900536.954239998,0.9420069999999998,0.12406730298460991,500
2025-11-01 18:53:07.029000+00:00,2025-11-01 21:10:39.887000+00:00,1762023187029,1762031439887,3.210573188372845e-08,1.2943967595189983e-06,2.9212208060434004e-09,12966878.64462,0.9411469999999998,0.19520549485579675,500
2025-11-01 20:03:27.663000+00:00,2025-11-01 22:02:25.295000+00:00,1762027407663,1762034545295,3.4061938007074437e-08,-2.3654672530435538e-06,1.3818025213482945e-09,12526345.55796,0.9384739999999999,0.5495823657460498,500
2025-11-01 21:10:47.054000+00:00,2025-11-01 23:59:11.386000+00:00,1762031447054,1762041551386,3.613709601857254e-08,7.056588974594832e-06,1.6064992715413754e-09,12253207.533359999,0.93622,0.5039811376798567,500
2025-11-01 22:02:37.886000+00:00,2025-11-02 02:00:06.106000+00:00,1762034557886,1762048806106,5.575671234505744e-08,9.693777370240648e-06,3.407069243117985e-09,12249341.02694,0.934996,0.34971108792407957,500
2025-11-01 23:59:14.445000+00:00,2025-11-02 02:51:26.584000+00:00,1762041554445,1762051886584,4.992676749020881e-08,1.6193491439501045e-06,4.072680800082502e-09,12401403.826359998,0.9338480000000002,0.23181544950219785,500
2025-11-02 02:00:08.406000+00:00,2025-11-02 03:29:23.007000+00:00,1762048808406,1762054163007,8.011466337444254e-08,2.3303688373567903e-06,6.8801924158978046e-09,12642000.491779996,0.9342950000000001,0.21400088538742046,500
2025-11-02 02:51:45.097000+00:00,2025-11-02 05:12:29.397000+00:00,1762051905097,1762060349397,2.593253836632712e-07,3.7923837549044694e-06,1.553514439137664e-08,12805010.470339997,0.93493,0.3587847470696204,500
2025-11-02 03:29:36.953000+00:00,2025-11-02 06:33:26.319000+00:00,1762054176953,1762065206319,8.75784616616477e-08,2.7831861968022094e-06,4.95919314265814e-09,12755255.144719997,0.936527,0.3850859386394403,500
2025-11-02 05:12:49.917000+00:00,2025-11-02 07:10:44.747000+00:00,1762060369917,1762067444747,1.1978379837009754e-07,-1.02805467176498e-05,8.014651463425954e-09,12695986.184699997,0.938787,0.309647923665642,500
2025-11-02 06:33:38.472000+00:00,2025-11-02 07:42:27.731000+00:00,1762065218472,1762069347731,1.2101602557274723e-07,-1.3952920628883025e-05,9.042785924391713e-09,12642342.63846,0.939663,0.2645040001581895,500
2025-11-02 07:10:46.845000+00:00,2025-11-02 08:23:01.038000+00:00,1762067446845,1762071781038,9.352532256999028e-08,-4.367752018954998e-06,8.486366538564186e-09,12609921.604519997,0.939885,0.19606731492724686,500
2025-11-02 07:42:30.642000+00:00,2025-11-02 09:05:13.915000+00:00,1762069350642,1762074313915,2.909997196515925e-07,-1.9965490765315756e-07,1.7744195523759586e-08,12641505.100739999,0.940378,0.3506752560065037,500
2025-11-02 08:23:01.043000+00:00,2025-11-02 10:17:20.380000+00:00,1762071781043,1762078640380,2.4904770384243417e-08,-1.2996662594669825e-20,7.274383662850862e-24,12747342.6398,0.94061,1.0000000000000129,500
2025-11-02 09:05:20.167000+00:00,2025-11-02 11:17:53.484000+00:00,1762074320167,1762082273484,2.4904770384244138e-08,-7.06325991690885e-20,3.9766169394266134e-23,13076201.093879998,0.9411099999999998,1.0000000000000713,500
2025-11-02 10:17:21.365000+00:00,2025-11-02 12:00:29.683000+00:00,1762078641365,1762084829683,5.124034952067294e-08,-3.058354213905199e-20,3.542076479673602e-23,13309198.664839998,0.9417639999999997,1.0000000000000309,500
2025-11-02 11:18:19.903000+00:00,2025-11-02 12:50:04.758000+00:00,1762082299903,1762087804758,3.3013927165678804e-08,1.3982875031997961e-06,1.5883949107270306e-09,13289979.293399997,0.942364,0.46451249611921197,500
2025-11-02 12:00:38.295000+00:00,2025-11-02 13:33:13.661000+00:00,1762084838295,1762090393661,3.120373972672581e-08,-4.9075158365662156e-06,2.0352770719361023e-09,13781754.103360001,0.9420800000000001,0.3206496017052991,500
2025-11-02 12:50:04.771000+00:00,2025-11-02 14:30:20.866000+00:00,1762087804771,1762093820866,4.068530316803534e-08,-7.945493895418832e-06,2.4915164244430827e-09,14979323.049539996,0.9407449999999999,0.3487247834799522,500
2025-11-02 13:33:46.331000+00:00,2025-11-02 15:47:03.374000+00:00,1762090426331,1762098423374,3.2948976093260695e-08,-1.5248208564918327e-06,3.728369590707185e-09,15528292.27766,0.939115,0.13556536526376872,500
2025-11-02 14:30:50.901000+00:00,2025-11-02 16:48:12.126000+00:00,1762093850901,1762102092126,3.2905480349069176e-08,2.0767365987767177e-06,3.986103622995896e-09,15255144.55812,0.9383199999999999,0.1203679838730579,500
2025-11-02 15:48:00.014000+00:00,2025-11-02 18:02:59.345000+00:00,1762098480014,1762106579345,6.904802360575792e-08,-3.3599745357516224e-06,5.51316591297413e-09,15120665.268779999,0.9377449999999999,0.239527151419969,500
2025-11-02 16:48:12.147000+00:00,2025-11-02 19:10:28.508000+00:00,1762102092147,1762110628508,2.7883930537260542e-08,-5.648288246236922e-06,3.4531882430650005e-09,14806093.5573,0.9362670000000001,0.1157717316646494,500
2025-11-02 18:03:10.091000+00:00,2025-11-02 20:25:53.832000+00:00,1762106590091,1762115153832,2.027528472443235e-08,1.738137711549635e-06,2.2446350886013146e-09,14400061.28524,0.9349580000000001,0.14077345540575842,500
2025-11-02 19:10:35.612000+00:00,2025-11-02 21:48:27.679000+00:00,1762110635612,1762120107679,4.662638690664193e-08,-2.6191272462067125e-06,3.068619423732528e-09,14399824.44732,0.934951,0.3167555518146497,500
2025-11-02 20:25:59.894000+00:00,2025-11-02 23:59:57.250000+00:00,1762115159894,1762127997250,6.136227702199567e-08,-2.3760434223507804e-06,4.158698539844456e-09,14429725.261939999,0.935258,0.3041921660952232,500
2025-11-02 21:48:29.601000+00:00,2025-11-03 01:29:25.026000+00:00,1762120109601,1762133365026,5.801891382852197e-08,-8.645074927858161e-07,5.046713036224214e-09,14407626.259339998,0.936413,0.2097328862448056,500
2025-11-03 00:00:25.290000+00:00,2025-11-03 02:33:14.063000+00:00,1762128025290,1762137194063,5.726911307548472e-08,-5.634647257360022e-06,5.87702918199255e-09,14426963.823139995,0.936676,0.16014091384167917,500
2025-11-03 01:29:27.697000+00:00,2025-11-03 03:16:11.598000+00:00,1762133367697,1762139771598,1.983013063486071e-08,1.4535860562188593e-06,2.6102314216220893e-09,14407431.55602,0.936902,0.10385814101372959,500
2025-11-03 02:33:43.697000+00:00,2025-11-03 04:14:28.588000+00:00,1762137223697,1762143268588,1.3009245380939235e-08,4.727486337428222e-06,1.2928555850521425e-09,14434857.600019997,0.9389460000000002,0.16896415894218403,500
2025-11-03 03:16:17.851000+00:00,2025-11-03 05:18:45.262000+00:00,1762139777851,1762147125262,1.1729476578802286e-07,-7.55697511713065e-07,7.820203540093847e-09,14462983.761519996,0.9400640000000001,0.31117303130214924,500
2025-11-03 04:14:32.418000+00:00,2025-11-03 06:15:26.895000+00:00,1762143272418,1762150526895,1.0273892645793564e-07,-1.9810655925535416e-06,6.522158210924516e-09,14400665.763619997,0.9409839999999999,0.3325601349855577,500
2025-11-03 08:16:41.168000+00:00,2025-11-03 09:22:33.393000+00:00,1762157801168,1762161753393,7.554444884281143e-08,-3.42433815632711e-20,5.810620735806887e-23,14588791.209839998,0.9417959999999999,1.0000000000000342,500
2025-11-03 08:46:59.137000+00:00,2025-11-03 10:12:07.493000+00:00,1762159619137,1762164727493,7.554444884281355e-08,-9.005895710904001e-20,1.5298815502620916e-22,14895012.69308,0.9422960000000001,1.0000000000000902,500
2025-11-03 09:23:14.451000+00:00,2025-11-03 10:57:08.828000+00:00,1762161794451,1762167428828,9.430796459138877e-09,9.725770242199763e-07,5.526909535827407e-10,15264122.921960002,0.9429450000000001,0.36894943435730654,500
2025-11-03 10:12:11.450000+00:00,2025-11-03 11:40:32.763000+00:00,1762164731450,1762170032763,1.4790647890601973e-08,5.1517818243588265e-06,1.3553155275843017e-09,15156862.735419998,0.945226,0.19299298943744608,500
2025-11-03 10:57:15.234000+00:00,2025-11-03 12:21:26.708000+00:00,1762167435234,1762172486708,3.211725534411027e-08,3.4394955534750027e-06,2.4312858750333326e-09,15217013.271019997,0.947781,0.2594836968591182,500
2025-11-03 12:21:38.736000+00:00,2025-11-03 13:33:55.615000+00:00,1762172498736,1762176835615,2.098875168840275e-08,2.0132062206239894e-06,6.973652760896217e-10,15565515.579599999,0.9485979999999997,0.6452592920317307,500
2025-11-03 13:03:24.342000+00:00,2025-11-03 14:09:39.263000+00:00,1762175004342,1762178979263,2.6570652215803956e-08,1.3200693266468219e-06,1.969269576803641e-09,15569978.741899997,0.948941,0.26770244066561844,500
2025-11-03 13:33:59.811000+00:00,2025-11-03 14:49:31.171000+00:00,1762176839811,1762181371171,2.05192557666344e-08,-4.036748059935335e-06,1.589952403052582e-09,15161543.175719995,0.9471510000000001,0.2506251862020184,500
2025-11-03 14:09:40.436000+00:00,2025-11-03 15:26:07.927000+00:00,1762178980436,1762183567927,2.0228631199592005e-08,-1.7750623358626802e-06,1.1680917087084e-09,14937078.694879998,0.9441710000000001,0.375863065472708,500
2025-11-03 14:49:33.918000+00:00,2025-11-03 16:04:15.447000+00:00,1762181373918,1762185855447,4.124220666336507e-08,2.4938890523663054e-06,1.8219248627056104e-09,15173635.193879997,0.943871,0.5071337998626959,500
2025-11-03 15:26:18.910000+00:00,2025-11-03 16:53:52.844000+00:00,1762183578910,1762188832844,4.4898567629752216e-08,-1.656302362765998e-06,2.681612213011761e-09,14940371.64012,0.9451999999999999,0.3601703943624096,500
2025-11-03 16:04:21.624000+00:00,2025-11-03 17:27:32.633000+00:00,1762185861624,1762190852633,3.266743625261833e-08,-2.4344182225788206e-06,2.083773033472965e-09,14533273.366499996,0.9443630000000001,0.3304383810573954,500
2025-11-03 16:53:57.197000+00:00,2025-11-03 18:04:25.050000+00:00,1762188837197,1762193065050,2.3153445093368096e-08,-9.025281534680965e-06,1.3319001030760332e-09,14472097.216999998,0.9439449999999999,0.37765205548700537,500
2025-11-03 17:27:36.763000+00:00,2025-11-03 18:30:58.749000+00:00,1762190856763,1762194658749,2.6332128068492412e-08,-2.340221974965588e-05,1.833760340406749e-09,14072565.991159998,0.9391009999999999,0.2928136376565599,500
2025-11-03 18:04:26.084000+00:00,2025-11-03 18:51:40.267000+00:00,1762193066084,1762195900267,3.469957100902822e-08,-2.1598383740258664e-05,3.2627485983505337e-09,13700889.37234,0.930297,0.18508247640750125,500
2025-11-03 18:31:01.869000+00:00,2025-11-03 19:11:27.111000+00:00,1762194661869,1762197087111,3.793442088867197e-08,-1.5030339962870494e-05,5.371769045685504e-09,13586915.040079998,0.9238200000000001,0.09102388753680185,500
2025-11-03 18:51:42.020000+00:00,2025-11-03 19:41:45.810000+00:00,1762195902020,1762198905810,3.832058837466466e-08,-4.0178237407908594e-06,5.772742911330944e-09,13288931.221799996,0.9193199999999999,0.08129204313808104,500
2025-11-03 19:11:29.400000+00:00,2025-11-03 20:09:45.784000+00:00,1762197089400,1762200585784,2.3357640433600846e-09,-1.0684588651514265e-05,4.554896385044528e-10,13161729.535559993,0.9171219999999999,0.05015610754402481,500
2025-11-03 19:41:57.120000+00:00,2025-11-03 20:31:10.501000+00:00,1762198917120,1762201870501,2.3696114820839372e-09,-8.988104253368172e-06,5.35609380491969e-10,13156491.840579996,0.9163939999999998,0.03781693341657893,500
2025-11-03 20:09:56.800000+00:00,2025-11-03 20:49:55.212000+00:00,1762200596800,1762202995212,6.309978110303264e-08,-8.072385697585988e-06,7.475943049511498e-09,13362633.051259996,0.9146389999999999,0.1251492779970554,500
2025-11-03 20:31:15.303000+00:00,2025-11-03 21:12:32.714000+00:00,1762201875303,1762204352714,2.2118305623237808e-08,-4.355687980331787e-06,2.439783199850208e-09,13371921.091019997,0.9114730000000002,0.14165552268284884,500
2025-11-03 20:49:58.792000+00:00,2025-11-03 21:37:28.721000+00:00,1762202998792,1762205848721,2.8412879269966075e-08,1.2832556836995811e-05,3.968002507603268e-09,12624929.418939997,0.9109490000000001,0.09334661241596943,500
2025-11-03 21:12:36.654000+00:00,2025-11-03 22:17:16.130000+00:00,1762204356654,1762208236130,5.684577479822568e-08,6.095879243180307e-06,5.7548827432364054e-09,12019145.893499997,0.913514,0.16382849537048833,500
2025-11-03 21:37:49.467000+00:00,2025-11-03 22:46:13.690000+00:00,1762205869467,1762209973690,3.6620465130813637e-08,-9.569455318316109e-06,2.6552346420434886e-09,12025389.847599996,0.9159319999999999,0.2763876019083115,500
2025-11-03 22:17:17.086000+00:00,2025-11-03 23:35:53.877000+00:00,1762208237086,1762212953877,4.1527044669137545e-08,-2.0954973693175092e-05,3.3667172585282934e-09,11866433.955159996,0.9158189999999999,0.23401334321908737,500
2025-11-03 22:46:13.753000+00:00,2025-11-04 00:04:17.206000+00:00,1762209973753,1762214657206,5.955126066875418e-08,-1.5832822431993443e-05,5.814037985054286e-09,11616084.863239998,0.9133439999999999,0.17400914927050598,500
2025-11-03 23:36:05.627000+00:00,2025-11-04 00:34:45.177000+00:00,1762212965627,1762216485177,5.3519986756099653e-08,-4.801752335455975e-06,5.174670923195718e-09,11493323.79746,0.91069,0.17682020198603654,500
2025-11-04 00:04:17.212000+00:00,2025-11-04 00:56:23.711000+00:00,1762214657212,1762217783711,5.187213573368797e-08,-2.9609150850410005e-06,4.830831744293863e-09,11433159.325299999,0.909945,0.18799763560845373,500
2025-11-04 00:34:45.182000+00:00,2025-11-04 01:27:24.079000+00:00,1762216485182,1762219644079,1.0418402416172234e-07,-8.128546103941277e-06,8.216808084174647e-09,11468741.945699997,0.9091809999999999,0.2440418804774669,500
2025-11-04 00:56:29.313000+00:00,2025-11-04 02:01:38.801000+00:00,1762217789313,1762221698801,4.9092680773111216e-08,-8.586324640942213e-06,4.6144623062753024e-09,11525406.190919997,0.908513,0.18519026628249674,500
2025-11-04 01:27:24.088000+00:00,2025-11-04 02:30:59.991000+00:00,1762219644088,1762223459991,4.419078793311387e-08,-2.869522975904789e-06,4.107889928057461e-09,11503249.157879997,0.9084249999999999,0.1885611959192228,500
2025-11-04 02:01:47.487000+00:00,2025-11-04 02:54:55.666000+00:00,1762221707487,1762224895666,6.120324043209957e-08,1.4772364974573916e-06,7.317580965308839e-09,11442009.398179997,0.909827,0.12316872598218266,500
2025-11-04 02:31:06.378000+00:00,2025-11-04 03:17:25.326000+00:00,1762223466378,1762226245326,6.424372863617067e-08,-3.11875346409556e-06,7.2349317068319184e-09,11437916.687099999,0.910033,0.13668817710213851,500
2025-11-04 02:55:10.366000+00:00,2025-11-04 03:40:43.314000+00:00,1762224910366,1762227643314,6.422843846612976e-08,-3.35411165287381e-07,5.406089138986515e-09,11453963.401899995,0.90854,0.22084312607280845,500
2025-11-04 03:17:28.939000+00:00,2025-11-04 03:56:42.142000+00:00,1762226248939,1762228602142,3.865639224550982e-08,-1.205160074893025e-05,3.428358810029112e-09,11376137.149559997,0.905905,0.20337392722821407,500
2025-11-04 03:40:44.191000+00:00,2025-11-04 04:21:34.542000+00:00,1762227644191,1762230094542,2.6920760054690134e-08,-1.0204974027810558e-05,2.455285792705527e-09,11404468.411259996,0.900128,0.19445928554693642,500
2025-11-04 03:57:01.773000+00:00,2025-11-04 04:47:01.304000+00:00,1762228621773,1762231621304,2.7108226324888774e-08,7.838596617008836e-07,2.7403161335343474e-09,11628757.343299998,0.8962160000000001,0.16423183719139048,500
2025-11-04 04:21:48.593000+00:00,2025-11-04 05:03:41.330000+00:00,1762230108593,1762232621330,8.426344568924612e-08,-4.296367095222807e-06,1.6520237224746638e-08,11725273.518679997,0.8916300000000001,0.04964791980622037,500
2025-11-04 04:47:04.579000+00:00,2025-11-04 05:31:47.138000+00:00,1762231624579,1762234307138,1.1177044133725398e-07,1.2752745409785941e-05,1.6936400219587404e-08,11719721.613159996,0.8884089999999999,0.08042133188927289,500
2025-11-04 05:03:44.561000+00:00,2025-11-04 06:06:53.898000+00:00,1762232624561,1762236413898,9.844944009139801e-08,2.1728583895992086e-05,1.1596787238090945e-08,11922662.9528,0.890469,0.12642220629272538,500
2025-11-04 05:31:47.170000+00:00,2025-11-04 06:32:57.789000+00:00,1762234307170,1762237977789,8.22046241032523e-08,2.7057845749887982e-05,6.70716251483541e-09,12261583.96008,0.8956870000000001,0.23173701284019887,500
2025-11-04 06:06:55.326000+00:00,2025-11-04 06:53:56.580000+00:00,1762236415326,1762239236580,1.6310851206991567e-07,1.7603102722023088e-05,1.1280951424556062e-08,12389837.35582,0.9021359999999999,0.29567066004981735,500
2025-11-04 06:32:58.189000+00:00,2025-11-04 07:16:39.896000+00:00,1762237978189,1762240599896,3.58253668765612e-08,-7.665513596127443e-06,4.73860968496801e-09,12183259.673479998,0.9035449999999999,0.10295858582334867,500
2025-11-04 06:53:59.745000+00:00,2025-11-04 07:34:39.630000+00:00,1762239239745,1762241679630,3.629591182137865e-08,-3.7317930927155797e-06,5.041499980330468e-09,12253571.567459997,0.9021119999999999,0.09426838506723097,500
2025-11-04 07:16:44.080000+00:00,2025-11-04 07:55:20.993000+00:00,1762240604080,1762242920993,8.148270417550713e-08,4.7349623303861716e-06,7.108219309386742e-09,12473277.581259994,0.9019010000000001,0.20877553090865608,500
2025-11-04 07:34:41.699000+00:00,2025-11-04 08:10:56.491000+00:00,1762241681699,1762243856491,1.5602407875604868e-08,-2.1737300968149503e-06,1.962053114897092e-09,12481195.279679997,0.9025789999999999,0.11267213209606017,500
2025-11-04 07:55:21.038000+00:00,2025-11-04 08:37:34.651000+00:00,1762242921038,1762245454651,1.514426081767944e-08,7.4770569378444104e-06,2.303253079408815e-09,12479558.877239998,0.902781,0.0798782927263504,500
2025-11-04 08:10:57.495000+00:00,2025-11-04 09:00:55.250000+00:00,1762243857495,1762246855250,1.2520155463334092e-07,1.3077763480366119e-05,1.0728569428504966e-08,12365724.694539998,0.906335,0.21474271610015183,500
2025-11-04 08:37:41.463000+00:00,2025-11-04 09:24:48.396000+00:00,1762245461463,1762248288396,3.385384053933084e-08,1.1575987418012792e-05,3.761762951035184e-09,12228821.027899997,0.911972,0.13988197210186043,500
2025-11-04 09:00:59.829000+00:00,2025-11-04 09:48:41.590000+00:00,1762246859829,1762249721590,3.692795272542211e-08,-2.4624795008528865e-07,4.059117391575653e-09,12163656.72128,0.9133029999999999,0.14251045597774792,500
2025-11-04 09:24:49.404000+00:00,2025-11-04 09:55:07.769000+00:00,1762248289404,1762250107769,3.4188822086705824e-07,1.9216554280484078e-06,1.4685746944502802e-08,12133712.34764,0.9125429999999999,0.5211405777004048,500
2025-11-04 09:48:45.661000+00:00,2025-11-04 10:05:05.479000+00:00,1762249725661,1762250705479,1.1374460142431512e-07,-1.1805590066361907e-07,1.152813914403315e-08,11887915.260179998,0.914814,0.16351952987236892,500
2025-11-04 09:55:07.778000+00:00,2025-11-04 10:27:54.092000+00:00,1762250107778,1762252074092,1.1840386838500831e-07,-5.923400970180308e-06,1.17638746951354e-08,11559366.276439996,0.91807,0.169037507959826,500
2025-11-04 10:05:08.868000+00:00,2025-11-04 10:41:57.283000+00:00,1762250708868,1762252917283,2.935144441356459e-07,7.704102218577174e-06,2.150652023652731e-08,11475091.923599996,0.9199259999999999,0.272206044078227,500
2025-11-04 10:27:54.107000+00:00,2025-11-04 11:11:36.893000+00:00,1762252074107,1762254696893,2.0471075213703406e-07,9.134113426786912e-06,1.4935168709925787e-08,11509971.670339996,0.9218230000000001,0.2739165336087584,500
2025-11-04 10:41:57.288000+00:00,2025-11-04 11:34:42.693000+00:00,1762252917288,1762256082693,3.0266379879715164e-08,-2.472100328018459e-05,5.030107678713386e-09,11629763.0668,0.91752,0.06777329349859881,500
2025-11-04 11:11:36.911000+00:00,2025-11-04 12:01:47.004000+00:00,1762254696911,1762257707004,3.323939512528513e-08,-1.4245005256136202e-05,4.933115615123865e-09,11812482.29268,0.9138520000000001,0.08354940318105847,500
2025-11-04 11:34:44.995000+00:00,2025-11-04 12:29:26.366000+00:00,1762256084995,1762259366366,6.881440937471811e-08,2.7161611167572315e-07,6.006958948691793e-09,11483590.7425,0.916679,0.20856269114456732,500
2025-11-04 12:01:50.047000+00:00,2025-11-04 12:53:24.203000+00:00,1762257710047,1762260804203,4.5205632167990175e-08,-4.590156305133051e-06,4.2593496207912815e-09,10864638.063239997,0.9181609999999999,0.18446423776463586,500
2025-11-04 12:29:27.041000+00:00,2025-11-04 13:13:38.801000+00:00,1762259367041,1762262018801,4.96053696635651e-08,-7.3325941046583366e-06,4.091928019563945e-09,10615950.936139995,0.9182480000000001,0.22786001021473512,500
2025-11-04 12:53:33.608000+00:00,2025-11-04 13:40:37.035000+00:00,1762260813608,1762263637035,7.980249405506933e-08,-1.3342141832209839e-06,6.705955983678584e-09,10584620.204179997,0.9169229999999999,0.22140753057646434,500
2025-11-04 13:13:43.024000+00:00,2025-11-04 14:08:40.963000+00:00,1762262023024,1762265320963,1.3783330595338768e-07,7.84602917058479e-06,9.961006715024162e-09,10622203.122279996,0.9162019999999997,0.27770659188427427,500
2025-11-04 13:40:45.668000+00:00,2025-11-04 14:26:07.801000+00:00,1762263645668,1762266367801,1.7850513758770514e-07,1.0987329888865223e-05,1.4056926122441313e-08,10648281.446379997,0.9174269999999998,0.2446050631425282,500
2025-11-04 14:08:46.782000+00:00,2025-11-04 14:51:37.656000+00:00,1762265326782,1762267897656,1.0545380220275659e-07,3.2265371990655717e-06,1.0271100306781536e-08,10705836.014319995,0.918552,0.17469340769136013,500
2025-11-04 14:26:08.091000+00:00,2025-11-04 15:26:30.176000+00:00,1762266368091,1762269990176,5.204118304656156e-08,-5.4547458806141675e-06,4.4758107744463816e-09,10749624.562659996,0.9180799999999999,0.21350865770962357,500
2025-11-04 14:51:44.711000+00:00,2025-11-04 15:54:35.923000+00:00,1762267904711,1762271675923,9.204927579071728e-08,1.1757138953496571e-05,6.483847418126105e-09,10777056.185479997,0.9199949999999999,0.28811018736241334,500
2025-11-04 15:26:31.229000+00:00,2025-11-04 16:16:29.904000+00:00,1762269991229,1762272989904,1.8904159515269918e-07,-4.5683947598615125e-06,1.1016791296657568e-08,11071083.903159996,0.9234900000000001,0.37156539013872,500
2025-11-04 15:54:36.981000+00:00,2025-11-04 16:34:01.038000+00:00,1762271676981,1762274041038,1.5573682655137418e-07,1.7004523138724297e-06,1.357832550507822e-08,11292913.1781,0.925644,0.20895853579124923,500
2025-11-04 16:16:31.523000+00:00,2025-11-04 16:59:54.028000+00:00,1762272991523,1762275594028,6.719592766651484e-08,2.4363866897840374e-06,8.951375301647347e-09,11120030.610859998,0.927491,0.10165320074483654,500
2025-11-04 16:34:01.475000+00:00,2025-11-04 17:43:20.173000+00:00,1762274041475,1762278200173,4.0444241511495915e-08,-5.099058977439031e-06,3.90910024539693e-09,11033168.037799995,0.9259560000000001,0.1769185080193219,500
2025-11-04 16:59:56.681000+00:00,2025-11-04 18:12:25.767000+00:00,1762275596681,1762279945767,4.288009004930155e-08,3.25198681554742e-05,3.1184443663384553e-09,10843409.303939998,0.9298799999999999,0.2751888802338832,500
2025-11-04 17:43:21.797000+00:00,2025-11-04 18:49:47.090000+00:00,1762278201797,1762282187090,3.918953750696888e-08,3.50708322473233e-05,3.9300095637905906e-09,10510603.497279998,0.9406249999999999,0.16644091940551137,500
2025-11-04 18:12:47.058000+00:00,2025-11-04 19:20:55.014000+00:00,1762279967058,1762284055014,4.745628997686829e-08,3.965049174594375e-06,4.072311742160563e-09,10283786.22386,0.9449749999999999,0.2142654085712096,500
2025-11-04 18:50:01.632000+00:00,2025-11-04 19:53:13.465000+00:00,1762282201632,1762285993465,6.146676044063075e-08,-8.436287960608012e-06,3.5599825647874283e-09,10209661.407879999,0.945673,0.37446281392210734,500
2025-11-04 19:20:57.901000+00:00,2025-11-04 20:15:35.442000+00:00,1762284057901,1762287335442,6.405853056681114e-08,-2.3430434216980203e-05,5.6562905731785176e-09,10581198.474900002,0.946507,0.2048028488735511,500
2025-11-04 19:53:17.612000+00:00,2025-11-04 20:45:05.206000+00:00,1762285997612,1762289105206,9.33649317041506e-08,-2.4354805965150414e-05,8.557862407889757e-09,10875716.77626,0.944294,0.1929009841501967,500
2025-11-04 20:15:42.518000+00:00,2025-11-04 21:21:51.494000+00:00,1762287342518,1762291311494,8.980273270927404e-08,7.382947210730486e-06,7.506230290325458e-09,10558042.513759999,0.9440350000000001,0.22324831813336357,500
2025-11-04 20:45:13.779000+00:00,2025-11-04 21:41:10.333000+00:00,1762289113779,1762292470333,1.0468907065972913e-07,5.661514696407899e-06,8.172074261541577e-09,8405775.726939999,0.945406,0.24786041967406106,500
2025-11-04 21:21:53.912000+00:00,2025-11-04 22:16:13.492000+00:00,1762291313912,1762294573492,9.803391120531509e-08,-1.8026159923240273e-05,6.920091096597621e-09,6141875.350499998,0.944301,0.2872391018476032,500
2025-11-04 21:41:10.497000+00:00,2025-11-04 22:40:53.233000+00:00,1762292470497,1762296053233,8.636770727747398e-08,-1.0529035858401782e-05,5.920726328834131e-09,5599546.277939999,0.9451269999999999,0.29937189145677345,500
2025-11-04 22:16:24.051000+00:00,2025-11-04 23:19:46.194000+00:00,1762294584051,1762298386194,9.458658535213103e-08,5.138107193086351e-06,4.9431783855764366e-09,5469108.750039999,0.9460169999999999,0.42370412750202924,500
2025-11-04 22:40:55.450000+00:00,2025-11-04 23:58:01.324000+00:00,1762296055450,1762300681324,7.56841154560246e-08,2.0188480693766876e-05,5.919013130270274e-09,5633767.775659999,0.9479299999999998,0.24716258314897666,500
