level_config,time_window,method,n_levels,r_squared,rmse,best_alpha,l1_ratio,n_nonzero_coefs,coefficients
L5,1,OLS_L1,1,0.056869712350265056,0.06145717318456932,,,1,[0.01509132076627817]
L5,1,OLS_Cumulative,5,0.23150175318728372,0.055476387738432976,,,1,[0.030448357949220965]
L5,1,Ridge,5,0.23532095561163002,0.05533836566041898,100.0,,5,"[0.007993961996411725, 0.007277359286209424, 0.011515110723878196, 0.010075384417393382, 0.010687694391371487]"
L5,1,Lasso,5,0.23469174536346116,0.05536112835233459,0.001,1.0,5,"[0.007372409881008642, 0.006751012949401948, 0.011070512262415995, 0.00969734703724855, 0.01023807649657281]"
L5,1,ElasticNet,5,0.22944100431012326,0.05555071866033666,0.01,0.3,5,"[0.006062422708770194, 0.005665410620712926, 0.010077290836501588, 0.008883248476995086, 0.009254782885811361]"
L5,5,OLS_L1,1,0.09857100985128553,0.12297867423238867,,,1,[0.04066667353436707]
L5,5,OLS_Cumulative,5,0.23800383872969122,0.11306818949927969,,,1,[0.06319111627168611]
L5,5,Ridge,5,0.24403553970179748,0.1126197958470737,100.0,,5,"[0.016711406744616058, 0.015697119274097095, 0.023744093111998776, 0.016170116892469544, 0.015318028776376927]"
L5,5,Lasso,5,0.23209493120763902,0.11350573714810945,0.01,1.0,5,"[0.011079290249447362, 0.011562524603698622, 0.022117034428203862, 0.01344953704052721, 0.009993906316131456]"
L5,5,ElasticNet,5,0.22930226812078114,0.11371194467452557,0.1,0.1,5,"[0.010924490932521628, 0.011304436710319245, 0.020531629269025742, 0.013290428920532286, 0.009985642891313267]"
L5,10,OLS_L1,1,0.14763142285998943,0.16999387185244194,,,1,[0.07074715059593793]
L5,10,OLS_Cumulative,5,0.2528224634101949,0.15915909225591177,,,1,[0.0925821750506161]
L5,10,Ridge,5,0.26528123694585104,0.15782656906985104,100.0,,5,"[0.03521615889200479, 0.02443822878523381, 0.02760632316880892, 0.02174443803323959, 0.0166327892056049]"
L5,10,Lasso,5,0.25980947060316495,0.15841318004936783,0.01,1.0,5,"[0.030369656635376788, 0.020641710147600394, 0.026948166179167083, 0.01899409826107272, 0.011675981443989113]"
L5,10,ElasticNet,5,0.25750581178520304,0.15865949934637127,0.1,0.1,5,"[0.028638408871539282, 0.0201262251668397, 0.02574385808094715, 0.018633131642076046, 0.01200456604120876]"
L5,15,OLS_L1,1,0.1857340007066418,0.19999091717288367,,,1,[0.09551527458988747]
L5,15,OLS_Cumulative,5,0.27120825103630786,0.18920336030966872,,,1,[0.11541933581147702]
L5,15,Ridge,5,0.28615992893316433,0.1872524822057499,100.0,,5,"[0.048729787497585664, 0.017813864596290686, 0.03337225412334852, 0.02760126825344824, 0.017923403601962467]"
L5,15,Lasso,5,0.2829436871101738,0.18767384579057028,0.01,1.0,5,"[0.04576651947663349, 0.01297266795732109, 0.03506718666608989, 0.02502987798293664, 0.012655581337776275]"
L5,15,ElasticNet,5,0.28463298616536137,0.1874526468481528,0.01,0.7,5,"[0.047349179342670994, 0.014087280953707882, 0.03473634745798926, 0.02597566067337077, 0.014202350666232095]"
L5,20,OLS_L1,1,0.1758117146744851,0.23128089055528842,,,1,[0.1068194744825628]
L5,20,OLS_Cumulative,5,0.269960486953316,0.21767057055428402,,,1,[0.13236605750474947]
L5,20,Ridge,5,0.28511174089841895,0.21539995812042523,100.0,,5,"[0.05005102304730869, 0.037665742407336944, 0.021679654579473073, 0.04459792847556083, 0.014387132733794739]"
L5,20,Lasso,5,0.28291490757487303,0.21573066353219647,0.01,1.0,5,"[0.04782745447453576, 0.035966078835700244, 0.017446854355857983, 0.04718780924934925, 0.007515363950496903]"
L5,20,ElasticNet,5,0.2809881079628296,0.21602030203723546,0.1,0.1,5,"[0.044499458773803374, 0.03428299357613384, 0.02060192104828933, 0.04125440696163765, 0.010638341977898055]"
L5,30,OLS_L1,1,0.1474281024196339,0.2892922304417943,,,1,[0.12029882932127096]
L5,30,OLS_Cumulative,5,0.25771424499505424,0.26993352515125585,,,1,[0.15905249111369743]
L5,30,Ridge,5,0.2673875823915538,0.26816889409734407,100.0,,5,"[0.037052324767577346, 0.02765891241979903, 0.062020985640692444, 0.04357094447416589, 0.014724427837158442]"
L5,30,Lasso,5,0.2664767665331843,0.26833554197718085,0.01,1.0,5,"[0.033289333469378526, 0.02253821961033017, 0.07125140122130683, 0.043065299254159056, 0.004626747939696519]"
L5,30,ElasticNet,5,0.26522282434960665,0.26856480095816243,0.1,0.1,5,"[0.032025758122875565, 0.025988234101011698, 0.062290944361307506, 0.04128561694797561, 0.009444214901025679]"
L5,45,OLS_L1,1,0.17277458616879915,0.349521246635308,,,1,[0.15973554846613766]
L5,45,OLS_Cumulative,5,0.2994185244271004,0.3216554923145846,,,1,[0.21028145794895892]
L5,45,Ridge,5,0.30568971478918294,0.32021262141159446,100.0,,5,"[0.04931129181394824, 0.06145437814743296, 0.0545932407116421, 0.04913466998778702, 0.023064808120326113]"
L5,45,Lasso,5,0.30556099884390764,0.3202423016288272,0.01,1.0,5,"[0.04633153732394534, 0.06739275540812563, 0.058366308212138084, 0.04906084941366223, 0.011871035322387572]"
L5,45,ElasticNet,5,0.29607967889227504,0.3224210574265405,0.1,0.3,5,"[0.0351514017774584, 0.06194529294177491, 0.05307863409155565, 0.0419155970144545, 0.00827129567821541]"
L5,60,OLS_L1,1,0.14565727073182133,0.4177151861084981,,,1,[0.1724766405525929]
L5,60,OLS_Cumulative,5,0.3071863990065048,0.37615981915354474,,,1,[0.2504754652582524]
L5,60,Ridge,5,0.3159820609932593,0.3737644108735143,100.0,,5,"[0.037775933273270966, 0.08997392979381012, 0.07060658759233832, 0.05184790806790711, 0.038037224118856204]"
L5,60,Lasso,5,0.317791954784606,0.3732695978546113,0.01,1.0,5,"[0.01107146278147428, 0.12578591937332825, 0.0794242608901861, 0.04171474468851379, 0.02651631463089597]"
L5,60,ElasticNet,5,0.3165859936889601,0.37359937251532505,0.1,0.1,5,"[0.02481327877215209, 0.10439954290129488, 0.07378442886145697, 0.046839294480488854, 0.031030894188002603]"
L5,90,OLS_L1,1,0.16882591790100387,0.49151473063382706,,,1,[0.22151855088091288]
L5,90,OLS_Cumulative,5,0.2910761547659907,0.4539315135881918,,,1,[0.29086660135869213]
L5,90,Ridge,5,0.3015164222888368,0.45057660848672904,100.0,,5,"[0.025386396637160063, 0.09500099296362166, 0.08205607708110756, 0.0746129162149866, 0.03582550161933545]"
L5,90,Lasso,5,0.26409338635134616,0.4624895187051547,0.1,1.0,3,"[0.0, 0.0964448063143948, 0.07312991569442899, 0.03826985079432414, 0.0]"
L5,90,ElasticNet,5,0.30194300531040563,0.45043899774474694,0.1,0.3,4,"[0.0, 0.11688305317612609, 0.0938049718411104, 0.06818593603201119, 0.011569066038896889]"
L10,1,OLS_L1,1,0.056869712350265056,0.06145717318456932,,,1,[0.01509132076627817]
L10,1,OLS_Cumulative,10,0.2819645908631143,0.05362405664151873,,,1,[0.0336034618397574]
L10,1,Ridge,10,0.29601841770477066,0.05309668199836929,100.0,,10,"[0.007292857332406844, 0.004623092136028728, 0.008578910852876315, 0.005863245513007349, 0.00576301154721292, 0.003594862937956013, 0.004495957213556005, 0.006896751944144057, 0.004033708722141204, 0.008535823156881403]"
L10,1,Lasso,10,0.2173084634974196,0.05598633689844828,0.01,1.0,10,"[0.0012215666786308925, 0.0006608525776143113, 0.005334727126498878, 0.004055816939834487, 0.0037759902892668903, 0.0004960712546679256, 0.002884540669870525, 0.0035697913645322495, 0.0009650501521365927, 0.0052781860405672395]"
L10,1,ElasticNet,10,0.25733066717577946,0.054536150538801044,0.01,0.7,10,"[0.003044733430659097, 0.00185227276463796, 0.006302510880329974, 0.004595335055112053, 0.004368518313725438, 0.0014316839636580292, 0.003365060617405948, 0.004565573642780466, 0.0018904223242343146, 0.006248653991329827]"
L10,5,OLS_L1,1,0.09857100985128553,0.12297867423238867,,,1,[0.04066667353436707]
L10,5,OLS_Cumulative,10,0.28600299407399865,0.10944911183089956,,,1,[0.0692706616955115]
L10,5,Ridge,10,0.303369352029331,0.1081098674632687,100.0,,10,"[0.015539046557546671, 0.009483848240272099, 0.018114683246830115, 0.006000761069380428, 0.005519541448962439, 0.00807989717099227, 0.006884555411013907, 0.010778431913140157, 0.009607940144350501, 0.018417095690018065]"
L10,5,Lasso,10,0.2888092826941563,0.10923381107338637,0.01,1.0,10,"[0.010136739281542788, 0.006565873961076695, 0.017687672129646257, 0.005386547143907348, 0.002147328383104191, 0.005967442826417523, 0.005763801051785936, 0.00800287134799002, 0.007129536168874812, 0.015707222203837058]"
L10,5,ElasticNet,10,0.2864488526595004,0.10941493350359535,0.1,0.1,10,"[0.009882037326672043, 0.006658307499523924, 0.01614952663801297, 0.005864508156778567, 0.0027171282662891835, 0.006003217201674119, 0.0059468900008483525, 0.007675653507119626, 0.007260567617179372, 0.014535743661202818]"
L10,10,OLS_L1,1,0.14763142285998943,0.16999387185244194,,,1,[0.07074715059593793]
L10,10,OLS_Cumulative,10,0.32510186528336316,0.1512650739871492,,,1,[0.10498549031409554]
L10,10,Ridge,10,0.3507541668587284,0.14836249756583644,100.0,,10,"[0.0325346547381635, 0.01671743949458904, 0.014865063906516747, 0.00963002168405018, 0.0009147814334473811, 0.023145654574716755, 0.004892309049477362, 0.023673219677109992, 0.013903636791344258, 0.02391783694090268]"
L10,10,Lasso,10,0.34388555515651753,0.14914522368165012,0.01,1.0,9,"[0.028273580504757905, 0.013448741271785598, 0.015138267648052489, 0.007255647342128178, 0.0, 0.01981353756686294, 0.0033467739316820878, 0.021773507688926625, 0.011094524296862083, 0.022189933306916324]"
L10,10,ElasticNet,10,0.284739513087245,0.15572260752278927,0.1,0.3,9,"[0.016802690114944705, 0.006790836461372357, 0.015200380947538712, 0.00349296057225634, 0.0, 0.009181833477409978, 0.004391001659574545, 0.014426671950955256, 0.006840625259211423, 0.0160857196102749]"
L10,15,OLS_L1,1,0.1857340007066418,0.19999091717288367,,,1,[0.09551527458988747]
L10,15,OLS_Cumulative,10,0.37208420932529584,0.17562155740624566,,,1,[0.1351909878869061]
L10,15,Ridge,10,0.3961942217390867,0.17221689474632546,100.0,,10,"[0.04043056308784863, 0.016654438273320867, 0.02327863599228047, 0.00633910192309314, 0.002800270793815569, 0.014207636374528416, 0.01665176753280626, 0.02511892341944582, 0.022102957261318276, 0.031169866533706625]"
L10,15,Lasso,10,0.39195243564505944,0.17282075510485564,0.01,1.0,9,"[0.03763830982285488, 0.012495647657744342, 0.026168093785855308, 0.003576371096879694, 0.0, 0.012760591144379173, 0.013832291536964652, 0.02380875947427432, 0.018834062673121627, 0.030452396101191825]"
L10,15,ElasticNet,10,0.3543195044195737,0.17808853265618366,0.1,0.3,9,"[0.026525105529144773, 0.007071795251863693, 0.025042754187617703, 0.0015470982735812347, 0.0, 0.009024886209666782, 0.009062186186968985, 0.018435762432104565, 0.013083453361353076, 0.024881013646696978]"
L10,20,OLS_L1,1,0.1758117146744851,0.23128089055528842,,,1,[0.1068194744825628]
L10,20,OLS_Cumulative,10,0.3506914614002683,0.20528257620309687,,,1,[0.15086521922629456]
L10,20,Ridge,10,0.3772353794957778,0.20104278802271683,100.0,,10,"[0.04079212949916313, 0.030019663759044624, 0.015729205474490505, 0.021393553121653308, -0.002531896155661857, 0.010766776467798538, 0.011961611640279967, 0.021154332557693615, 0.022924499266500746, 0.0438428209454007]"
L10,20,Lasso,10,0.37434099962654954,0.20150943275385408,0.01,1.0,9,"[0.039364547435972556, 0.027969447390086152, 0.012112026633516739, 0.01985951094872571, 0.0, 0.006841878434032613, 0.008892491792507272, 0.02063894104279629, 0.019750312938561082, 0.04514697469463403]"
L10,20,ElasticNet,10,0.34678389464678006,0.20589934934612164,0.1,0.3,9,"[0.028785107553513236, 0.021220963523024335, 0.010923385622532445, 0.015452781725067451, 0.0, 0.006715267964791464, 0.006145027792127013, 0.017749473129718522, 0.015214397275765741, 0.03542810431592205]"
L10,30,OLS_L1,1,0.1474281024196339,0.2892922304417943,,,1,[0.12029882932127096]
L10,30,OLS_Cumulative,10,0.36357261029727694,0.24994571412066455,,,1,[0.18891517388173856]
L10,30,Ridge,10,0.3895327478499181,0.24479494704917715,100.0,,10,"[0.032098074859929625, 0.030675079122800434, 0.043092367811354455, 0.01774062614599597, -0.010782466683318176, 0.015038017095558031, 0.017527503080184692, 0.038800098307860666, 0.01929040271841445, 0.05510976276696617]"
L10,30,Lasso,10,0.20699307763943653,0.2790035649143721,0.1,1.0,3,"[0.0, 0.0, 0.032752176658271855, 0.0, 0.0, 0.0, 0.0, 0.008188052750703174, 0.0, 0.03905736833073224]"
L10,30,ElasticNet,10,0.3371791430433866,0.25507585212737455,0.1,0.5,8,"[0.007374057289639936, 0.020249070439991555, 0.04221882557100533, 0.002719665262965423, 0.0, 0.005128482434948378, 0.0, 0.029735506256102957, 0.005355096361837723, 0.05288834865205865]"
L10,45,OLS_L1,1,0.17277458616879915,0.349521246635308,,,1,[0.15973554846613766]
L10,45,OLS_Cumulative,10,0.3879880475490033,0.30063642508516925,,,1,[0.2393706063936988]
L10,45,Ridge,10,0.41386835706351033,0.29421121972958264,100.0,,10,"[0.04221621934507303, 0.06636234859067036, 0.036132310906732856, 0.0038653406084018724, -0.007495736921487957, 0.030708213169544883, 0.03138333354204461, 0.03511498835159628, 0.016724211830786227, 0.06237788850451025]"
L10,45,Lasso,10,0.2935233661679968,0.3230059688832742,0.1,1.0,5,"[0.0, 0.053237112181985076, 0.014755898566386049, 0.0, 0.0, 0.002253687921384285, 0.03171043500852719, 0.0, 0.0, 0.04553345413181377]"
L10,45,ElasticNet,10,0.3812747481392934,0.3022808029282709,0.1,0.5,7,"[0.01666965807684928, 0.06482801172557325, 0.023911459825190207, 0.0, 0.0, 0.019859131965929738, 0.02617788600899203, 0.023068023433879207, 0.0, 0.0592378476131377]"
L10,60,OLS_L1,1,0.14565727073182133,0.4177151861084981,,,1,[0.1724766405525929]
L10,60,OLS_Cumulative,10,0.37372431054727306,0.35764073387345185,,,1,[0.27627391066914797]
L10,60,Ridge,10,0.408700670812737,0.3475104698834164,100.0,,10,"[0.02663309544399066, 0.07034623926659839, 0.058779562807013866, 0.015227431160194177, -0.00024962140546699163, 0.043072284941783855, 0.010976015838303904, 0.022364578561456353, 0.024656337656153483, 0.082195659662469]"
L10,60,Lasso,10,0.3359079827118965,0.3682801661601733,0.1,1.0,4,"[0.0, 0.06541195800625786, 0.03067744440725575, 0.0, 0.0, 0.022748447756971178, 0.0, 0.0, 0.0, 0.08611748891056917]"
L10,60,ElasticNet,10,0.3736513845748385,0.3576615558050161,0.1,0.7,5,"[0.0, 0.07527298272234964, 0.04317316826835436, 0.0, 0.0, 0.035376927183505914, 0.0, 0.0035954792245508826, 0.0, 0.09251610360095067]"
L10,90,OLS_L1,1,0.16882591790100387,0.49151473063382706,,,1,[0.22151855088091288]
L10,90,OLS_Cumulative,10,0.3768654800268856,0.42558023222414315,,,1,[0.33096625923871376]
L10,90,Ridge,10,0.41280633952118273,0.4131247566006671,100.0,,10,"[0.035316312487550364, 0.07598560854438462, 0.0506756467382858, 0.03407163021437505, -0.016074958130399275, 0.0577883060783689, 0.032810422633757316, 0.01628245511026348, 0.015015751050365888, 0.1062201449423809]"
L10,90,Lasso,10,0.36672192224627087,0.4290301063450924,0.1,1.0,4,"[0.0, 0.09634286958956795, 0.022172347773619046, 0.0, 0.0, 0.03292384925711236, 0.0, 0.0, 0.0, 0.12625344033163471]"
L10,90,ElasticNet,10,0.37621004558261595,0.4258039934048688,0.1,0.9,4,"[0.0, 0.10036781861879202, 0.025417757681211343, 0.0, 0.0, 0.03805266849877593, 0.0, 0.0, 0.0, 0.12831888023920515]"
L50pct,1,OLS_L1,1,0.056869712350265056,0.06145717318456932,,,1,[0.01509132076627817]
L50pct,1,OLS_Cumulative,25,0.3485119773272751,0.051078713727552114,,,1,[0.03735902972840197]
L50pct,1,Ridge,25,0.37568441696649313,0.05000216650154956,100.0,,25,"[0.006610201479401231, 0.002804178986535647, 0.0057216318489288496, 0.003615798527323462, 0.0028837287104443166, 0.0017903280460527897, 0.0016281368228780002, 0.003989307297590477, 0.001596431389039988, 0.003265432604408759, 0.0026969551289412635, 0.002858308917075363, 0.0023783493599464924, 0.0036369997028146694, 0.004025084817658115, 0.005290066343849579, 0.004082420229982298, 0.0036539195995426333, 0.00321675595702407, 0.0032698015228976402, 0.0018423901010221455, 0.0029760349730207176, 0.0014804353513277707, -3.5285776582046093e-06, 0.0002365213018761435]"
L50pct,1,Lasso,25,0.3746097107860604,0.050045185234802704,0.001,1.0,23,"[0.0060511409090619785, 0.002498966137144151, 0.005552923561941, 0.0035503929024412175, 0.0027894015938503434, 0.0015791335898236163, 0.0015908863636304078, 0.0038022848693381743, 0.0014167877248629527, 0.003191767977117082, 0.00271053973959244, 0.0027736888083141403, 0.002362074411373842, 0.0036266804352118468, 0.003992118462306046, 0.005255204109377949, 0.0038922797943777244, 0.003452804989903114, 0.0030199055818366585, 0.002945885807488314, 0.0014687150663806041, 0.0026588526964649406, 0.0010809992226489924, 0.0, 0.0]"
L50pct,1,ElasticNet,25,0.34929753459593205,0.05104790935633281,0.01,0.5,22,"[0.0037103125779903777, 0.0012890223255161454, 0.004772825463100164, 0.003227629768289674, 0.002432204395230271, 0.0006895534221319341, 0.001493695098077085, 0.002964991583961713, 0.0007100029871176709, 0.002868426751435635, 0.002688188915307668, 0.002336673618128817, 0.0021520820260925457, 0.0035105797050559878, 0.0037490505834993, 0.0050131634053304595, 0.0030639239108688422, 0.0026091405102982037, 0.002213573655436735, 0.0015140197265392258, 2.1241110817107642e-05, 0.0012964501303469802, 0.0, 0.0, 0.0]"
L50pct,5,OLS_L1,1,0.09857100985128553,0.12297867423238867,,,1,[0.04066667353436707]
L50pct,5,OLS_Cumulative,25,0.35263231176357346,0.10421723718960792,,,1,[0.07691748907024833]
L50pct,5,Ridge,25,0.38405597196708197,0.1016563871201197,100.0,,25,"[0.014812465710433147, 0.005458992923183835, 0.010005809990253283, 0.0035685247490941895, 0.002685841449903379, 0.0063485440898046076, 0.0007685448021911034, 0.005540397348808995, 0.0037671159802523725, 0.004485654821555642, 0.0030130951232783996, 0.0034614038840687362, 0.004788775140708201, 0.012119289429244845, 0.005493812408180038, 0.015478516512037084, 0.003201753909647743, 0.008661543809207894, 0.0048348209482066366, 0.004976070954438773, 0.005967342594675252, 0.006837509129258494, 0.003181587336788983, -0.0017886060435398316, 0.0008736691689746373]"
L50pct,5,Lasso,25,0.36299238578166093,0.10337995960202451,0.01,1.0,20,"[0.00968926486229827, 0.0036527800847135127, 0.010809070369421579, 0.0034577637782330257, 0.0, 0.004669205321915643, 0.0011763182519880584, 0.0038452822802189247, 0.0024684196400888113, 0.004669565114271275, 0.0019203739080909008, 0.0027345105178266725, 0.004362639398833119, 0.01266415499089167, 0.004769675374991539, 0.015742232806876578, 0.0, 0.007979955718885521, 0.00338258894665302, 0.00045000571113286035, 0.0019404678858023624, 0.003300136787291297, 0.0, 0.0, 0.0]"
L50pct,5,ElasticNet,25,0.36138000172688645,0.10351071380993977,0.1,0.1,22,"[0.009112204172057655, 0.0038303526157636514, 0.010148734663193595, 0.003731307744654623, 0.00033879817045206925, 0.004367425437393063, 0.0016030297317886745, 0.0036649671513277484, 0.0027938196170357275, 0.0045339098076390754, 0.0023465004149643247, 0.0030957022128226845, 0.004465939184106573, 0.011525843078817197, 0.005149963618570117, 0.014224592708993093, 0.00034168283870723143, 0.0076564598921096344, 0.0034317451167093413, 0.0009238179906515655, 0.0019620794168201026, 0.003283583892358408, 0.0, 0.0, 0.0]"
L50pct,10,OLS_L1,1,0.14763142285998943,0.16999387185244194,,,1,[0.07074715059593793]
L50pct,10,OLS_Cumulative,25,0.3879385525493747,0.14405126045227978,,,1,[0.11468352168876846]
L50pct,10,Ridge,25,0.4341883946771691,0.13850181852667337,100.0,,25,"[0.02826572112148472, 0.008820581295818815, 0.008286890515505818, 0.0021669819353776374, 0.0006033225442227411, 0.020938896208996638, -0.005103130806725963, 0.014671996461445633, 0.004662812390025231, 0.0004315618025449038, 0.009578046264122496, -0.001238974861219226, 0.0045451647495570345, 0.019230703264343736, 0.007029483605783144, 0.0241080568854972, 0.008766995541945526, 0.01133278737536943, 0.0023779972998725215, 0.00789646033507175, 0.016242927097655378, 0.006432558735566674, 0.0039061075106379866, -0.0011371998210754192, -0.002807003867233751]"
L50pct,10,Lasso,25,0.42411468727257173,0.13972932190763618,0.01,1.0,17,"[0.024983705457845746, 0.006443802909205067, 0.008752939090886099, 0.0, 0.0, 0.015456409499951685, 0.0, 0.01103535883989138, 0.003276810352292798, 0.0, 0.007968391028107152, 0.0, 0.005025069417904448, 0.020248103601971823, 0.005635262428862982, 0.024155084011682936, 0.005398796068751402, 0.011035695753655232, 0.00035715452813397583, 0.003840438967653095, 0.013795595766365099, 0.003019098153120518, 0.0, 0.0, 0.0]"
L50pct,10,ElasticNet,25,0.422119955379488,0.13997110754476957,0.1,0.1,20,"[0.02262149652198372, 0.0068022834110172785, 0.009248529177513136, 0.0012426042310574965, 0.0, 0.01408050155704066, 0.0, 0.010604134509485753, 0.0038437963410210703, 0.0014472993438948377, 0.007696165213766545, 0.0, 0.005777597419244383, 0.018055269012623457, 0.006828466100666861, 0.021557972789954992, 0.005919784071780718, 0.010411676899936982, 0.0012011548088098048, 0.004264409541402949, 0.012628214614273952, 0.0034594424312779874, 9.666403528314179e-05, 0.0, 0.0]"
L50pct,15,OLS_L1,1,0.1857340007066418,0.19999091717288367,,,1,[0.09551527458988747]
L50pct,15,OLS_Cumulative,25,0.4191677226449948,0.16890888420302036,,,1,[0.14348980266528866]
L50pct,15,Ridge,25,0.46963789359506336,0.1614036550170504,100.0,,25,"[0.036749236197969305, 0.012709895226076386, 0.01219475953351853, 0.00202347380969726, -0.0009688839116496032, 0.01405445132717348, -0.0006787258992877029, 0.017338765991900103, 0.014374613403612471, 0.009175447167855925, 0.0119707662103447, -0.010054036142835975, 0.004308858946485931, 0.01826853073134101, 0.00889498105791598, 0.02685338140918288, 0.002674063607229129, 0.018079381176625532, -0.0013164074875852512, 0.004023109399920585, 0.010772814933974112, 0.020684560087281246, 0.00494811666183467, 0.00042371307417203645, 0.0013260179307592469]"
L50pct,15,Lasso,25,0.46268421488201783,0.162458306390365,0.01,1.0,16,"[0.0348457488293692, 0.008666030347658529, 0.013481734222716648, 0.0, 0.0, 0.012142631436873403, 0.0, 0.015396253040550105, 0.012365644093626109, 0.008400277206654257, 0.007223329442112617, 0.0, 0.0018983868642856176, 0.018051268456500305, 0.008021428404111703, 0.027557582968934596, 0.0, 0.016480619768021038, 0.0, 0.0, 0.007359843378484472, 0.01850091505355292, 0.0016110238586949696, 0.0, 0.0]"
L50pct,15,ElasticNet,25,0.4168788536890089,0.1692413641538621,0.1,0.3,14,"[0.024174150044406983, 0.003941303323800247, 0.01518044648709772, 0.0, 0.0, 0.007176216761243332, 0.0, 0.010898416736582232, 0.007845614382255837, 0.008894658584979015, 0.0059454924708716396, 0.0, 0.0023298631441827275, 0.016116095294613147, 0.009199624996297937, 0.023044596387811093, 0.0, 0.010876899393476889, 0.0, 0.0, 0.0, 0.010995137179595538, 0.0, 0.0, 0.0]"
L50pct,20,OLS_L1,1,0.1758117146744851,0.23128089055528842,,,1,[0.1068194744825628]
L50pct,20,OLS_Cumulative,25,0.40682411713601596,0.19620870659433373,,,1,[0.16249121182807658]
L50pct,20,Ridge,25,0.4566158318466217,0.18779326930408755,100.0,,25,"[0.03740683297966855, 0.018310185669548337, 0.007653029491159795, 0.010916926359468919, -0.00345587044026896, 0.01174973392738618, -0.011634418040766056, 0.01825385755007598, 0.012577621182386535, 0.008695706345565303, 0.015096377302627178, -0.006024058531093122, -0.00043310474334517753, 0.016002890863746302, 0.013969372902858683, 0.030244207602377393, 0.011815717582091228, 0.024640016017182433, -0.004922069970686909, 0.015075358062031516, 0.020477704520772227, 0.013736783634195593, 0.010427925327871547, -0.00012046768526108445, -0.006621247267499789]"
L50pct,20,Lasso,25,0.44899491031512884,0.18910557721285054,0.01,1.0,18,"[0.03774860015107761, 0.01626032762038088, 0.005362667695609594, 0.0056657368740489975, 0.0, 0.005630224171806641, 0.0, 0.014024977033371067, 0.009591804946760386, 0.008739681086724259, 0.01119836672836526, 0.0, 0.0, 0.01541953594167921, 0.014762594092987484, 0.030157337539174305, 0.0035548399625408363, 0.022379531162865746, 0.0, 0.007665466105190528, 0.017176781053247995, 0.00936295736635858, 0.006178905288868559, 0.0, 0.0]"
L50pct,20,ElasticNet,25,0.41304565824651307,0.1951770241230562,0.1,0.3,17,"[0.02692306990569955, 0.013374612215530561, 0.004046141080143943, 0.005291236405761101, 0.0, 0.004644508384859771, 0.0, 0.011528292524703143, 0.006523983992837772, 0.007653708218124061, 0.010062232688749607, 0.0, 0.0029679969075124984, 0.014801474910794706, 0.020866861121121804, 0.024278157716379173, 0.0, 0.016265004930969405, 0.0, 0.0, 0.010011865858962538, 0.002599840607914941, 0.001570617969985518, 0.0, 0.0]"
L50pct,30,OLS_L1,1,0.1474281024196339,0.2892922304417943,,,1,[0.12029882932127096]
L50pct,30,OLS_Cumulative,25,0.4336507236853284,0.23578351522356458,,,1,[0.2063199866199967]
L50pct,30,Ridge,25,0.4810544750505604,0.2257003064940799,100.0,,25,"[0.027544716679857015, 0.020031100787082364, 0.023847379271762805, 0.00739839066822624, -0.006422234499879514, 0.01900142968364354, -0.008783378896142911, 0.021777657672411993, 0.014678016694074683, 0.01148829324563162, 0.009125302083168696, -0.007896994553667616, 0.00337496658743378, 0.024589172129064737, 0.008929445507523923, 0.03741682511041826, 0.013137716776394918, 0.02876459795373053, -0.004590085591328971, -0.005361621392190469, 0.05014508329078825, 0.02303729359044774, 2.9916585524784724e-05, 0.015884292532538764, -0.005741343861489555]"
L50pct,30,Lasso,25,0.4758319832759824,0.22683314916453806,0.01,1.0,16,"[0.026984762805181542, 0.016703229470493488, 0.026088615494743554, 0.0, 0.0, 0.011249633514929025, 0.0, 0.019103634072190977, 0.013924073061456576, 0.010262903772884644, 0.0038025466209175435, 0.0, 0.0, 0.026781700991613918, 0.00260952279919586, 0.03906508876154965, 0.00823484615262118, 0.024594211912494137, 0.0, 0.0, 0.04777697240487656, 0.019335954610561076, 0.0, 0.011316272805025113, 0.0]"
L50pct,30,ElasticNet,25,0.45081916712616144,0.23218221441257303,0.1,0.3,17,"[0.015000426579609455, 0.015599955055706702, 0.025525532299569203, 0.0, 0.0, 0.006868399186018441, 0.0, 0.015464338961025802, 0.008599710616531442, 0.014135657122385126, 0.004582812285543847, 0.0, 0.00910500080684096, 0.020006731020139848, 0.015651831120498057, 0.03151859571495468, 0.0008027691787748201, 0.017373925775352714, 0.0, 0.0, 0.03439040563025371, 0.010871107424679982, 0.0, 0.0029482740373639833, 0.0]"
L50pct,45,OLS_L1,1,0.17277458616879915,0.349521246635308,,,1,[0.15973554846613766]
L50pct,45,OLS_Cumulative,25,0.446601455913781,0.28587794574250713,,,1,[0.2568157850119842]
L50pct,45,Ridge,25,0.5161184568949073,0.2673198292511721,100.0,,25,"[0.03485611947036372, 0.05612681288188156, 0.02066662414679745, -0.012433640655399527, 0.003971218629101993, 0.024624602883030915, -0.02127795851476708, 0.023397012996749005, 0.025169320228592768, 0.011882681551819289, 0.009879777643862452, 0.003347160087518368, 0.00774349368705728, 0.005342059080630709, 0.014743270871878038, 0.05933421391594662, 0.03705161911771982, 0.04233100771307269, -0.020250918284282982, 0.005440772636693435, 0.041238689241819684, 0.02350810450296021, -0.0008348538503992988, 0.006811910208054654, -0.006573809261865817]"
L50pct,45,Lasso,25,0.3590060642096894,0.3076724479851667,0.1,1.0,9,"[0.0, 0.048560739768429506, 0.0, 0.0, 0.0, 0.0052926740609576615, 0.0, 0.0, 0.0, 0.0058239867898471735, 0.005718749573750614, 0.004308283668042853, 0.0, 0.0, 0.04078285864682569, 0.04804276328304608, 0.0, 0.005879998613796942, 0.0, 0.0, 0.010801711469946787, 0.0, 0.0, 0.0, 0.0]"
L50pct,45,ElasticNet,25,0.4656251162946353,0.28092129731543997,0.1,0.5,15,"[0.013290106945484772, 0.05365277726686691, 0.00724155300406501, 0.0, 0.0, 0.014115591919165978, 0.0, 0.010335262246620855, 0.0, 0.01571845810680015, 0.008462395370434217, 0.0006457311861772185, 0.0074493638999295056, 0.0, 0.023113951462020395, 0.05996632558480004, 0.010805822869968746, 0.02385370187317065, 0.0, 0.0, 0.02934433044037888, 0.0031067682701089294, 0.0, 0.0, 0.0]"
L50pct,60,OLS_L1,1,0.14565727073182133,0.4177151861084981,,,1,[0.1724766405525929]
L50pct,60,OLS_Cumulative,25,0.4703321584986213,0.32890161302971943,,,1,[0.3099320847999029]
L50pct,60,Ridge,25,0.5242235784442449,0.31172071109500954,100.0,,25,"[0.02851210330087401, 0.024189031069596714, 0.03173857728469735, -0.001378519749224843, 0.009773243161746678, 0.028896218031650475, -0.024261376440776, 0.01803549269600395, 0.03020379042429959, 0.007784424383721838, 0.011078968163025634, 0.004619547181898827, -0.006406466675098264, 0.03955378741672356, 0.005415319708731838, 0.056171394959252816, 0.04577570286162958, 0.056607978155648234, -0.024387278294701387, 0.008617960480745666, 0.045615813111532705, 0.023068289946698625, 0.014292142929428316, 0.026934888811125126, -0.017666581848221837]"
L50pct,60,Lasso,25,0.41066264865058344,0.34693345726056907,0.1,1.0,10,"[0.0, 0.028167470528690945, 0.01501750043062691, 0.0, 0.0, 0.013056299183098903, 0.0, 0.0, 0.0, 0.009763018926910623, 0.00032413148352508284, 0.0, 0.0007779161753580124, 0.0414742357077001, 0.03647738784526288, 0.05049886591678, 0.0, 0.04324189357978379, 0.0, 0.0, 0.0, 0.0, 0.0, 0.0, 0.0]"
L50pct,60,ElasticNet,25,0.48396249154158877,0.3246420972727657,0.1,0.5,16,"[0.0005942032217064781, 0.03528914034331851, 0.028253579805068846, 0.0, 0.0, 0.022840572726261894, 0.0, 0.0, 0.016484981249947003, 0.007947798786958997, 0.005842787786979267, 0.0, 0.0, 0.04409394659933109, 0.012412618932082651, 0.05664925391042896, 0.019344623551463557, 0.04851260316676398, 0.0, 0.0, 0.021476917298594272, 0.00763517742292135, 0.007771895314641258, 0.004178639404906187, 0.0]"
L50pct,90,OLS_L1,1,0.16882591790100387,0.49151473063382706,,,1,[0.22151855088091288]
L50pct,90,OLS_Cumulative,25,0.471700297408034,0.3918598112716762,,,1,[0.3702743403539453]
L50pct,90,Ridge,25,0.5347560804731786,0.3677315521071163,100.0,,25,"[0.0419111331940101, 0.04271962708840058, 0.0389309909319686, -0.006988615272520861, -0.005665291483311038, 0.029189490190475984, -0.034976191449395906, 0.016639833445590894, 0.029954674513214513, 0.031121669396168113, 0.016082012184784927, 0.012684609365634503, 0.008348997041669345, 0.013871640339569223, -0.003033406410605133, 0.06696214056823133, 0.06478526566804764, 0.059823770094132436, -0.0031209932246863774, 0.011662931168056874, 0.04341766116520686, 0.0433771723914627, -0.014648377977229537, 0.022259838394165066, 0.006654599013240293]"
L50pct,90,Lasso,25,0.4570866012588518,0.3972426055660698,0.1,1.0,11,"[0.0, 0.048172881599673055, 0.030966344655879347, 0.0, 0.0, 0.0, 0.0, 0.0, 0.0, 0.03233878649245891, 0.006182638730911653, 0.0, 0.011758394928783831, 0.003040440275070773, 0.0, 0.11452000699074719, 0.007133076819236103, 0.04337984223576722, 0.0, 0.0, 0.0183403691711707, 0.017131639758280172, 0.0, 0.0, 0.0]"
L50pct,90,ElasticNet,25,0.49088272253729914,0.3846798691578935,0.1,0.7,13,"[0.0017892575357645105, 0.05351577796584423, 0.03785978845747403, 0.0, 0.0, 0.0020224778358223575, 0.0, 0.0, 0.0, 0.03568664919982346, 0.011972565150503794, 0.0, 0.0018163018747152646, 0.0004081868072772946, 0.0, 0.10492621591943506, 0.029938119546146662, 0.05496596580169153, 0.0, 0.0, 0.024319467929210938, 0.031378908284904354, 0.0, 0.0, 0.0]"
ALL,1,OLS_L1,1,0.056869712350265056,0.06145717318456932,,,1,[0.01509132076627817]
ALL,1,OLS_Cumulative,50,0.2919660170989712,0.05324928561039298,,,1,[0.034194234606021535]
ALL,1,Ridge,50,0.3822475653925669,0.049738646982812294,100.0,,50,"[0.00656637934153207, 0.0025900078823828682, 0.00550642582185231, 0.0034407407687372725, 0.0028051765035114703, 0.0018888401080745514, 0.001290291071751123, 0.003735232065190763, 0.001838460011519931, 0.0030447207992522368, 0.0025701319805720296, 0.0028904911526942204, 0.0023617250180684706, 0.003332121288457242, 0.0038282107781180746, 0.0050938251729411455, 0.004318863208458788, 0.0030578336913777413, 0.003217126920314782, 0.003129369061431388, 0.0015103992890567967, 0.0027112879801169765, 0.0013090186455880519, -0.0002857825747540194, -2.7234644796305525e-05, -0.0009339907378693332, -0.0013738251209887981, 0.0005726120769617015, 0.0006856356832886767, -0.0001984204316800592, 0.0013136972377818278, 0.0009851217985545984, -0.0005563039637471669, -0.0009909751725483134, 0.0009479837436679315, -0.0012787346134425317, 0.0008704650120837469, 0.0005156566414544657, 0.0002831751753316811, -0.0010580442185516264, 0.000698311537622405, 0.0013641140169701872, 0.0014370276378218349, 0.00105410387506566, 0.0009958308568397219, 0.0009671922230232948, 9.361177490919953e-05, 0.0006206880013467407, 0.0005525485010348655, 1.914834963835877e-05]"
ALL,1,Lasso,50,0.37948817608428287,0.04984961001467752,0.001,1.0,38,"[0.006025246095195096, 0.0022869080319294095, 0.005429519601743687, 0.0033496620708118254, 0.002511119859374316, 0.0015091196079591344, 0.0012978145776355705, 0.003667223756132221, 0.001301147810349799, 0.0030665413185441076, 0.002541556357072804, 0.0027102933609683463, 0.002308465932326652, 0.0033700228152973638, 0.00366730217900096, 0.0048749208065139785, 0.0037512965940064242, 0.0031286550660618276, 0.00283941812604909, 0.0027679152716976706, 0.0012621094011349306, 0.002403479646263488, 0.0008157387870152463, 0.0, 0.0, -0.0, -0.0, 0.0001020830755821909, 0.0004944371015069357, 0.0, 0.0004864386733740412, 0.000318414597297154, 0.0, 0.0, 0.0006861195762398483, 0.0, 0.0008108804635583537, 0.00028749124309417545, 0.0, 0.0, 0.00027632348478797504, 0.0009071608591674092, 0.0007596740677967853, 0.0006593685156856119, 0.0004169563742572252, 0.0008670523715933931, 0.0, 0.0004193472670082524, 0.0003575341335116996, 0.0]"
ALL,1,ElasticNet,50,0.3503294101614983,0.051007417739515955,0.01,0.5,23,"[0.0036956700742167017, 0.0012646404982665587, 0.004758982383545574, 0.003187366831120214, 0.0023682297999713057, 0.0006905695116659248, 0.0014197701077803392, 0.0029769960110507887, 0.0007092351863028948, 0.002821830748242509, 0.002619030981977772, 0.002370163368322802, 0.0021076361181395194, 0.003481179967219647, 0.003707212860047675, 0.004922851522662507, 0.0030402834953868426, 0.002528617801339834, 0.0021844111706440183, 0.0014851479665849508, 0.0, 0.001241216562668593, 0.0, 0.0, 0.0, 0.0, 0.0, 0.0, 0.0, 0.0, 0.0, 0.0, 0.0, 0.0, 0.000575187637618375, 0.0, 0.0005229333802743113, 0.0, 0.0, 0.0, 0.0, 0.0, 0.0, 0.0, 0.0, 0.0, 0.0, 0.0, 0.0, 0.0]"
ALL,5,OLS_L1,1,0.09857100985128553,0.12297867423238867,,,1,[0.04066667353436707]
ALL,5,OLS_Cumulative,50,0.3076937764546863,0.107773792133926,,,1,[0.07184944245698839]
ALL,5,Ridge,50,0.39540292170660807,0.1007156751581235,100.0,,50,"[0.01495566254894457, 0.004683027662018651, 0.009127467359748013, 0.003607095738136902, 0.0027397212728739345, 0.006300679138603427, -0.0004121311359132791, 0.005395529215709222, 0.004697316789101312, 0.00406688759002681, 0.003047713452197596, 0.003430799198968645, 0.004872997036889428, 0.011794886676481965, 0.005031073118984291, 0.014381370638057138, 0.0037439918595707153, 0.006921542187626136, 0.004849691115324516, 0.0047618899415333305, 0.005800795595913518, 0.006042816171986261, 0.0030692815006713755, -0.002203517478851728, 0.0005166882918389844, -0.001981129138019545, -0.0012538272195330978, 0.002119827152567367, 0.0035732546892346694, 0.0009289982844041014, 0.0018549088395971762, 0.0001255460646255676, 9.281321832823465e-05, -0.005544809273856467, 2.6678096018528714e-05, -0.003310736437903113, -0.00028411231918443555, -0.0016878489572902337, 0.007482884010599466, -0.0015002958610331274, 0.004215777391674024, 0.00036015674295655125, 0.0032226654706179127, 0.0012951204270937988, 0.005425208322234382, -7.658595021617293e-05, -0.000715691958536239, 0.005273711664133183, -0.0031719501136460103, -0.000968402986152789]"
ALL,5,Lasso,50,0.3673100008222996,0.10302901105995249,0.01,1.0,25,"[0.009712763476236539, 0.0031851929875498543, 0.010429747027693281, 0.0034030904795816627, 0.0, 0.004887415190717365, 0.0005410174930876806, 0.0037992576857580245, 0.0024677459445542177, 0.004716885557757381, 0.0018339897140224367, 0.0025282497259123825, 0.00435788553792142, 0.012638189465948024, 0.004338421707349758, 0.015229332365445113, 0.0, 0.00745500956746269, 0.003104300578737589, 0.0002492923686136972, 0.0018839606040438254, 0.0030717279923855798, 0.0, 0.0, 0.0, 0.0, 0.0, 0.0, 0.0009323378560501395, 0.0004919176176700565, 0.0, 0.0, 0.0, 0.0, 0.0, 0.0, 0.0, 0.0, 0.0043228262985146836, 0.0, 0.0, 0.0, 0.0, 0.0, 0.00010075190360103477, 0.0, 0.0, 0.0005728156828259482, 0.0, 0.0]"
ALL,5,ElasticNet,50,0.36597230933489167,0.10313787026403304,0.1,0.1,28,"[0.009096385492940574, 0.0033964133915382797, 0.009819475644047015, 0.0037170744924213033, 0.00010220922532900828, 0.004537087655047345, 0.0010792259828333892, 0.0035904320435428154, 0.002777983631356096, 0.004564488965245632, 0.00220278411510258, 0.0028339249860829968, 0.004404271890788371, 0.011441041130818974, 0.0046878067805387995, 0.013695641184210494, 0.0003403346341941014, 0.0071283648576023605, 0.003141080368684499, 0.0007268230536713273, 0.0018844949147915448, 0.003029681711059125, 0.0, 0.0, 0.0, 0.0, 0.0, 3.726815505540669e-05, 0.0012322146674195484, 0.0008222586958909423, 0.0, 0.0, 0.0, 0.0, 0.0, 0.0, 0.0, 0.0, 0.003990952892664104, 0.0, 0.0, 0.0, 0.0, 0.0, 0.0003050883238693273, 0.0, 0.0, 0.0007550313289580954, 0.0, 0.0]"
ALL,10,OLS_L1,1,0.14763142285998943,0.16999387185244194,,,1,[0.07074715059593793]
ALL,10,OLS_Cumulative,50,0.3387712454196129,0.14972537719988155,,,1,[0.10716989879244068]
ALL,10,Ridge,50,0.44591191933130325,0.13705944035483708,100.0,,50,"[0.02831296104832026, 0.008203209478681906, 0.007007823104080013, 0.002137585728183748, 0.0015622865420636682, 0.020637273531519455, -0.005610781974537481, 0.013646072561645194, 0.004485993169067212, 0.0006605044651580117, 0.00945914232395878, -0.0021405133156814763, 0.0053292181581859575, 0.01835592222128584, 0.007613536300900395, 0.022669387433098365, 0.008723260474691725, 0.01008946816774605, 0.002410036125541403, 0.00772657342069859, 0.015530029341613242, 0.005708939141881877, 0.004686742683568455, -0.002123226385253479, -0.0027575579231200378, -0.0021755575152401503, 0.0002360717174761624, -9.655245819820404e-05, 0.004148245005576125, -0.0017146100992817364, 0.0048863115823007544, -0.0021925786590452504, -0.0010785585283303875, -0.0013372124401986455, 0.00018344088889510105, -0.002557853254170627, -0.00569783692704173, -0.002831415140569701, 0.011235272569199694, -0.006805839478641916, 0.006683593750246172, -0.002064142413334447, 0.005746366041074803, 0.0024995258416174193, 0.00757160077703923, 0.0022815929787553856, -0.0046137349997180995, 0.010812297459539984, -0.007802204564105914, 0.003725400414568139]"
ALL,10,Lasso,50,0.4288559033919357,0.13915294316456542,0.01,1.0,21,"[0.024986677327565213, 0.005492385346841933, 0.008522691815283333, 0.0, 0.0, 0.014936614437293227, 0.0, 0.010220979549837698, 0.0034134901406116984, 0.00011452445562688829, 0.007586134264701083, 0.0, 0.0049516803102825835, 0.01992193435788912, 0.005249736963195175, 0.022999757588813754, 0.005143480413925344, 0.010288162715733603, 0.0, 0.003645641319849097, 0.01334612078252148, 0.0025474848680871872, 0.0, 0.0, 0.0, 0.0, 0.0, 0.0, 0.002063192188954049, 0.0, 0.0, 0.0, 0.0, 0.0, 0.0, 0.0, 0.0, 0.0, 0.004880794220123707, 0.0, 0.0, 0.0, 0.0, 0.0, 0.0025761627600150963, 0.0, 0.0, 0.0028434273395468905, 0.0, 0.0]"
ALL,10,ElasticNet,50,0.42709153194791316,0.13936771222252325,0.1,0.1,24,"[0.022598771028068336, 0.005884157741552728, 0.00906295286418638, 0.0010126818291506252, 0.0, 0.013583448993370667, 0.0, 0.009832708186987954, 0.003914342250564625, 0.0015435861632576656, 0.007224718398393995, 0.0, 0.005713489355498191, 0.01767760972655244, 0.006379910406382955, 0.020437563245710486, 0.005642171222192491, 0.009745559781306468, 0.0006615331039992134, 0.004047220411717788, 0.012189458474706446, 0.0029712876471764916, 0.0, 0.0, 0.0, 0.0, 0.0, 0.0, 0.002684256036260285, 0.0, 0.0, 0.0, 0.0, 0.0, 0.0, 0.0, 0.0, 0.0, 0.004797024253321871, 0.0, 0.0, 0.0, 0.0001452000502156809, 0.0, 0.002757912733763324, 0.0, 0.0, 0.002955338384334706, 0.0, 0.0]"
ALL,15,OLS_L1,1,0.1857340007066418,0.19999091717288367,,,1,[0.09551527458988747]
ALL,15,OLS_Cumulative,50,0.36174625247296055,0.1770613652252344,,,1,[0.13329969083313362]
ALL,15,Ridge,50,0.4843209603516442,0.15915374468360638,100.0,,50,"[0.03676929771076796, 0.010926613536875235, 0.011842980568208077, 0.003342349008534034, 0.00018495588225864298, 0.011829179462757715, -0.001296401593976784, 0.01786168418273225, 0.012556292963888174, 0.009496671925848755, 0.011981107573802989, -0.010651554180835986, 0.0053806844315517875, 0.018376236424790846, 0.008906627076898854, 0.027212125470290057, 0.003601518240805608, 0.01893262448488695, -0.0007403652678254733, 0.003295753653466894, 0.01202081529552129, 0.01938720655519006, 0.004292514055040288, 0.000340242031684638, 0.0011128334776939577, -0.0050423947958076806, 0.004515509767735673, -0.001466426758259309, 0.008967761908314336, 0.002231640579921168, 0.0018244427330282374, -0.0005443145644440881, -0.0004928934856272239, -0.012432664111892942, -0.007960672023009818, -0.004754427774209715, -0.0014032819702699533, -0.0026466750783156875, 0.009198873799505965, -0.004328875215993317, 0.006313777194468629, -0.0026511898377867974, 0.010503979882912608, -0.0023933037459411104, 0.014732772850647093, 0.0009165345709658947, -0.008170809119694467, 0.013472907813348922, -0.00970158236037742, 0.0016674484729729835]"
ALL,15,Lasso,50,0.4671161476548624,0.1617869180122574,0.01,1.0,22,"[0.03491675184185465, 0.007390577930380932, 0.013200842263364666, 0.0, 0.0, 0.01074424102076058, 0.0, 0.014254567583619055, 0.012327518659877827, 0.008543284406834778, 0.005971784480033192, 0.0, 0.0019767308565857736, 0.017527369051016522, 0.007411347303572877, 0.026298819390138242, 0.0, 0.015926607925436757, 0.0, 0.0, 0.006948414228941012, 0.01759964453992059, 0.0007273844725426429, 0.0, 0.0, 0.0, 0.0008940297265353592, 0.0, 0.003964379021891804, 0.001045801052648164, 0.0, 0.0, 0.0, -0.0, 0.0, 0.0, 0.0, 0.0, 0.0001332274116927194, 0.0, 0.0, 0.0, 0.0, 0.0, 0.006862859877968912, 0.0, 0.0, 0.0039140226955970145, 0.0, 0.0]"
ALL,15,ElasticNet,50,0.4174095723006386,0.16916433042883647,0.1,0.3,15,"[0.024191813916692374, 0.0035351330920626103, 0.015083980529254746, 0.0, 0.0, 0.007040319239772097, 0.0, 0.010626281582794038, 0.007753350253729166, 0.008985661315896747, 0.00543034833687929, 0.0, 0.0023968042827015265, 0.015859959626581748, 0.008976106373717384, 0.02265371154338415, 0.0, 0.010619841976918613, 0.0, 0.0, 0.0, 0.01058191834027987, 0.0, 0.0, 0.0, 0.0, 0.0, 0.0, 0.00325340416067333, 0.0, 0.0, 0.0, 0.0, 0.0, 0.0, 0.0, 0.0, 0.0, 0.0, 0.0, 0.0, 0.0, 0.0, 0.0, 0.0, 0.0, 0.0, 0.0, 0.0, 0.0]"
ALL,20,OLS_L1,1,0.1758117146744851,0.23128089055528842,,,1,[0.1068194744825628]
ALL,20,OLS_Cumulative,50,0.346562980250533,0.20593416346424495,,,1,[0.14997456712076154]
ALL,20,Ridge,50,0.4828932264352813,0.18319627787746434,100.0,,50,"[0.03642339131895725, 0.016021012038684623, 0.008901742780682306, 0.01105554140323084, -0.002338879370784789, 0.00853590610300613, -0.013176989007762267, 0.01796819453724244, 0.01384680375036406, 0.005671721927845653, 0.009884324321629797, 0.0013795183469237973, 0.00089983993273183, 0.015506653805028803, 0.016202676418145625, 0.028425321895243858, 0.013371132734125605, 0.01844181761576956, -0.0030283023307463948, 0.016156619106244025, 0.020454032000949703, 0.013670552565875837, 0.013699784836762806, -0.004101333578881569, -0.0067708601882626816, -0.004552661887509133, 0.0012319324732910574, 0.012380578273987449, 0.00561250018885854, 0.004787473233440726, -0.000952240239211494, -0.0018904388363813463, -0.00659718056534861, -0.018338520540052656, 0.01768983623564522, -0.025442087762621964, -0.002611665556425991, 0.005410442545550678, 0.017671676747308906, -0.009583010550070931, 0.013477201945301102, -0.0002970624701352654, -0.005244720271189375, 0.003441021506241851, 0.0046548510285873475, 0.013157407891823654, -0.012878878975667054, 0.017779496039534957, -0.017899534895757102, 0.005737640400924703]"
ALL,20,Lasso,50,0.45529024277805563,0.1880221912011184,0.01,1.0,24,"[0.03822153224150065, 0.013710006137623158, 0.005545557852574261, 0.003899741579754591, 0.0, 0.00446457040754993, 0.0, 0.012826477815285509, 0.009556571714710456, 0.008867958954867276, 0.008824032918838699, 0.0, 0.0, 0.015261790424111455, 0.01471949046036321, 0.028110689489897683, 0.002672002506083881, 0.01984022957574474, 0.0, 0.007005122663308711, 0.015870693131392694, 0.0086436514794587, 0.00512310967541319, 0.0, 0.0, 0.0, 0.0, 0.005656362112961973, 0.0027152160231368105, 0.0025837565973541904, 0.0, 0.0, -0.0, -0.0, 0.0, -0.0, 0.0, 0.0, 0.006144301321474513, -0.0, 0.0, 0.0, -0.0, 0.0, 0.0, 0.008653062363815732, 0.0, 0.001838128064676061, 0.0, 0.0]"
ALL,20,ElasticNet,50,0.4142005408608421,0.19498491587741362,0.1,0.3,21,"[0.027046838481705693, 0.012434836564008364, 0.004030629125772047, 0.005038539677047294, 0.0, 0.0047045318320980785, 0.0, 0.011394243281087115, 0.0064382952366743304, 0.007595433182697144, 0.009005207155149157, 0.0, 0.0032982129404954402, 0.014466271492984337, 0.019782390985963474, 0.02354524595010476, 0.0, 0.015767794037942855, 0.0, 0.0, 0.00953789904042325, 0.0020788364892442616, 0.0008567771763726094, 0.0, 0.0, 0.0, 0.0, 0.00046787218215149623, 0.004958273817998671, 0.0018609882205173314, 0.0, 0.0, 0.0, 0.0, 0.0, 0.0, 0.0, 0.0, 0.0, 0.0, 0.0, 0.0, 0.0, 0.0, 0.0, 0.00010774944766436215, 0.0, 0.0, 0.0, 0.0]"
ALL,30,OLS_L1,1,0.1474281024196339,0.2892922304417943,,,1,[0.12029882932127096]
ALL,30,OLS_Cumulative,50,0.373117545614149,0.2480643302607895,,,1,[0.1913789199006058]
ALL,30,Ridge,50,0.505631779033862,0.22029088923820853,100.0,,50,"[0.027720484584021484, 0.01634654526032069, 0.0234131312202273, 0.007554704115800907, -0.0033159644069687745, 0.01791857619842163, -0.005354190657799327, 0.02325700140547361, 0.010118882148306106, 0.009480492243075005, 0.008331279841272523, -0.008288004899591623, 0.002509724721841593, 0.02423375975559648, 0.004784111749312534, 0.040565547504084636, 0.00923264032992118, 0.02896146178675942, -0.002835869486862064, -0.005146086003987965, 0.047666267799448235, 0.022916207998188106, 0.0017404304853636155, 0.01618384176233224, -0.007537949532642933, 0.0032543505777510085, 0.0009786999293710137, 0.01079700312551223, 0.004062692905172252, 0.015247574659803202, 0.002746681159070311, -0.004118234055620901, -0.015648095684482544, 0.0025102549606041756, -0.011839209386016274, -0.0006415241116911434, -0.010007403858196843, -0.011113578192662458, 0.012592085810273585, -0.014709072058223704, 0.012010703209224512, 0.0008577311422714944, 0.022546589389839677, -0.012374960733159721, 0.015168151476871299, 0.0031879799070999464, -0.012682432075390349, 0.032881765004301955, -0.02575821006093166, 0.007025890292300722]"
ALL,30,Lasso,50,0.48160608684391126,0.22558032082468718,0.01,1.0,19,"[0.026793691590845332, 0.013917002088723091, 0.02569207525708736, 0.0, 0.0, 0.010319056586332242, 0.0, 0.017459051756062657, 0.012486748352189022, 0.008621305786175232, 0.0032056980950392862, 0.0, 0.0, 0.027339840678109482, 0.0, 0.03871815786673305, 0.0058649908438587455, 0.022227523825314774, 0.0, -0.0, 0.04493953276869716, 0.018333026966908677, 0.0, 0.009651277808623222, -0.0, 0.0, 0.0, 0.006479129015210327, 0.0, 0.008608979194233908, 0.0, -0.0, -0.0, 0.0, -0.0, -0.0, -0.0, -0.0, 0.0, -0.0, 0.0, 0.0, 0.011514090357618797, 0.0, 0.0, 0.0, 0.0, 0.008312558814930744, -0.0, 0.0]"
ALL,30,ElasticNet,50,0.4527339201392563,0.23177710215117214,0.1,0.3,19,"[0.014949816885474159, 0.014904643863715351, 0.025403880482894846, 0.0, 0.0, 0.006715274986414111, 0.0, 0.014849239673041373, 0.008419068634509726, 0.013665684650634313, 0.004383085140672873, 0.0, 0.008666372242189038, 0.02018628398717193, 0.0147089507191121, 0.0315336690687737, 0.0, 0.01662615821897982, 0.0, 0.0, 0.03354358418367297, 0.010546999674424703, 0.0, 0.002470673733255691, 0.0, 0.0, 0.0, 0.0033138987044926335, 0.0, 0.003498228614111366, 0.0, 0.0, 0.0, 0.0, 0.0, 0.0, 0.0, 0.0, 0.0, 0.0, 0.0, 0.0, 0.002927281106268704, 0.0, 0.0, 0.0, 0.0, 0.0, 0.0, 0.0]"
ALL,45,OLS_L1,1,0.17277458616879915,0.349521246635308,,,1,[0.15973554846613766]
ALL,45,OLS_Cumulative,50,0.38811895984497824,0.30060426957791797,,,1,[0.23941098639119315]
ALL,45,Ridge,50,0.5388600238958865,0.26096245716551725,100.0,,50,"[0.034222339048614554, 0.053617469271465774, 0.021710059442460235, -0.010360152120822558, 0.00727488096442349, 0.019221358748319244, -0.018974075903487996, 0.0224671276098133, 0.018973553187705366, 0.010697184354210746, 0.0060524891979694155, 0.007245676989351549, 0.002158972378451748, 0.01038897583676025, 0.01483137997281309, 0.06522667310822264, 0.03524525138311286, 0.04007837678185676, -0.014920810856186482, 0.008037554578195313, 0.04063064596716567, 0.021885571010634954, 0.0003883892712575635, 0.006601318761695601, -0.007422693076302953, -0.0027229582426888943, -0.010299651876967427, 0.026425510621306065, -0.010639060162248184, 0.015940988261678304, -0.009190132313111162, 0.0055529765125466235, -0.006001991063562723, -0.02662609841508883, -0.006146536868930161, 0.0040435978494542425, -0.004120731776816495, -0.01629569887027389, 0.014702200481644868, -0.0017236097215929365, 0.013159678311781846, -0.011531176447346272, 0.014659168334331537, -0.007732790209000511, 0.01594979994253836, -0.0006712881360217375, -0.012615362348003324, 0.03462475417558964, -0.01835733276563022, 0.012403961510809249]"
ALL,45,Lasso,50,0.3590060642096894,0.3076724479851667,0.1,1.0,9,"[0.0, 0.048560739768429506, 0.0, 0.0, 0.0, 0.0052926740609576615, 0.0, 0.0, 0.0, 0.0058239867898471735, 0.005718749573750614, 0.004308283668042853, 0.0, 0.0, 0.04078285864682569, 0.04804276328304608, 0.0, 0.005879998613796942, 0.0, 0.0, 0.010801711469946787, 0.0, 0.0, 0.0, 0.0, 0.0, 0.0, 0.0, 0.0, 0.0, 0.0, 0.0, 0.0, 0.0, 0.0, 0.0, 0.0, 0.0, 0.0, 0.0, 0.0, 0.0, 0.0, 0.0, 0.0, 0.0, 0.0, 0.0, 0.0, 0.0]"
ALL,45,ElasticNet,50,0.46628014657263717,0.2807490695540073,0.1,0.5,17,"[0.01335728392873041, 0.05275424857385233, 0.007418789337634889, 0.0, 0.0, 0.013953818130414726, 0.0, 0.009417033139877221, 0.0, 0.015480729478196379, 0.006647010933406254, 0.0006103334596631405, 0.007743684326192087, 0.0, 0.023782500946510823, 0.06036369664628124, 0.009542369941309964, 0.022352467437234243, 0.0, 0.0, 0.02940012584814166, 0.002885208553928067, 0.0, 0.0, 0.0, 0.0, 0.0, 0.005610023359149167, 0.0, 0.0, 0.0, 0.0, 0.0, 0.0, 0.0, 0.0, 0.0, 0.0, 0.0, 0.0, 0.0, 0.0, 0.0, 0.0, 0.0, 0.0, 0.0, 0.0006292735526914302, 0.0, 0.0]"
ALL,60,OLS_L1,1,0.14565727073182133,0.4177151861084981,,,1,[0.1724766405525929]
ALL,60,OLS_Cumulative,50,0.4275485512450159,0.3419271055289158,,,1,[0.29549961547620196]
ALL,60,Ridge,50,0.5723823060379312,0.29552350845895575,100.0,,50,"[0.02834545311791555, 0.02013900296003911, 0.03593260747772605, -0.0052699022806705995, 0.010268992857632662, 0.024253654855260983, -0.027482696194681043, 0.019720425582388835, 0.02476930721090953, 0.0038178628917528742, 0.0070784423362523045, 0.009789458689619248, -0.010470459864058111, 0.03939968806915604, 0.006118616886123963, 0.05593705874552818, 0.04571502560572257, 0.05529975360359488, -0.021317251832288032, 0.00825507243520203, 0.0490075638995298, 0.022988887711660275, 0.013526790503972779, 0.023522140300815272, -0.01581363571885177, -0.01188848507895671, -0.008043666850008869, 0.03354368942312917, 0.008962114770958934, 0.03437744950680358, -0.011733055250913968, 0.0026248435028797543, -0.012255790130771872, -0.054214412428362425, 0.012133661465787687, -0.017028721660946707, 0.015351450962987132, -0.007844640822915805, 0.026063233211944977, -0.029848631477581485, 0.027323009207470238, 0.0040054647057227635, -0.002415857285732826, -0.01564871538155849, 0.028491672739323605, 0.02112227849395791, -0.0047120689250060716, 0.018260107672715402, -0.02935616874379574, 0.011684971988022458]"
ALL,60,Lasso,50,0.4116663973900463,0.34663788595282397,0.1,1.0,11,"[0.0, 0.02790429018963445, 0.014573621318058318, 0.0, 0.0, 0.01328633906131649, 0.0, 0.0, 0.0, 0.010254710565305329, 0.00043769596071658104, 0.0, 0.0003075627398657217, 0.04136322564395915, 0.03381746172428278, 0.05048886455158614, 0.0, 0.043212755171128645, 0.0, 0.0, 0.0, 0.0, 0.0, 0.0, 0.0, 0.0, 0.0, 0.0, 0.0, 0.0041388604016633045, 0.0, 0.0, 0.0, 0.0, 0.0, 0.0, 0.0, 0.0, 0.0, 0.0, 0.0, 0.0, 0.0, 0.0, 0.0, 0.0, 0.0, 0.0, 0.0, 0.0]"
ALL,60,ElasticNet,50,0.46396866510561374,0.33087144608410296,0.1,0.7,17,"[0.0, 0.03140105219293279, 0.022376901521757343, 0.0, 0.0, 0.020354211428426798, 0.0, 0.0, 0.008698295825066565, 0.01097262680960698, 0.004287080087148836, 0.0, 0.0, 0.043269974200651824, 0.013141952097465055, 0.055667560140017364, 0.009159740270251413, 0.04741336213465623, 0.0, 0.0, 0.010382394889729907, 0.00042668298670246415, 0.001788366057984883, 0.0, 0.0, 0.0, 0.0, 0.0, 0.0, 0.01754378999430575, 0.0, 0.0, 0.0, 0.0, 0.0, 0.0, 0.0, 0.0, 0.0, 0.0, 0.0, 0.0, 0.0, 0.0, 0.003913072695685888, 0.002304459831338747, 0.0, 0.0, 0.0, 0.0]"
ALL,90,OLS_L1,1,0.16882591790100387,0.49151473063382706,,,1,[0.22151855088091288]
ALL,90,OLS_Cumulative,50,0.420407635609404,0.4104420703193071,,,1,[0.3495633071797212]
ALL,90,Ridge,50,0.5580424975963365,0.35841056017320067,100.0,,50,"[0.04055150351816451, 0.04181991194948506, 0.03738618657542111, -0.004163822995296178, -0.0021953953839699177, 0.023955312436839352, -0.02553878245391092, 0.013370680964983452, 0.02253269696899683, 0.029706587190010195, 0.01525027694551483, 0.01425472938456848, 0.0003997560331830093, 0.012170424884398949, 0.00087331354835689, 0.06407736776625793, 0.06113082903679514, 0.0599084834755003, -0.0016099791632101076, 0.014632304016254797, 0.049181415047436644, 0.0455673768819565, -0.011489078935092477, 0.019725009490021747, 0.004544074855684648, 5.8319233105837674e-05, 0.0006118827795585169, 0.027769996207564655, -0.02092917641460378, 0.006167968030060247, -0.007862841595686525, 0.01832364088412064, -0.008612825250239042, -0.007691592293699043, -0.022579850742262562, -0.015669448515890864, -0.016088619762047892, -0.012424858014838041, 0.03237171085653247, -0.0030020344469806684, 0.019678651225423362, -0.0047180342133196235, 0.022399316573135816, -0.004071535528220262, 0.0162629634861318, -0.006272979155588437, -0.007544680860952966, 0.038145161065695786, -0.019540595595774826, 0.007898231344501813]"
ALL,90,Lasso,50,0.4570866012588518,0.3972426055660698,0.1,1.0,11,"[0.0, 0.048172881599673055, 0.030966344655879347, 0.0, 0.0, 0.0, 0.0, 0.0, 0.0, 0.03233878649245891, 0.006182638730911653, 0.0, 0.011758394928783831, 0.003040440275070773, 0.0, 0.11452000699074719, 0.007133076819236103, 0.04337984223576722, 0.0, 0.0, 0.0183403691711707, 0.017131639758280172, 0.0, 0.0, 0.0, 0.0, 0.0, 0.0, 0.0, 0.0, 0.0, 0.0, 0.0, 0.0, 0.0, 0.0, 0.0, 0.0, 0.0, 0.0, 0.0, 0.0, 0.0, 0.0, 0.0, 0.0, 0.0, 0.0, 0.0, 0.0]"
ALL,90,ElasticNet,50,0.49088272253729914,0.3846798691578935,0.1,0.7,13,"[0.0017892575357645105, 0.05351577796584423, 0.03785978845747403, 0.0, 0.0, 0.0020224778358223575, 0.0, 0.0, 0.0, 0.03568664919982346, 0.011972565150503794, 0.0, 0.0018163018747152646, 0.0004081868072772946, 0.0, 0.10492621591943506, 0.029938119546146662, 0.05496596580169153, 0.0, 0.0, 0.024319467929210938, 0.031378908284904354, 0.0, 0.0, 0.0, 0.0, 0.0, 0.0, 0.0, 0.0, 0.0, 0.0, 0.0, 0.0, 0.0, 0.0, 0.0, 0.0, 0.0, 0.0, 0.0, 0.0, 0.0, 0.0, 0.0, 0.0, 0.0, 0.0, 0.0, 0.0]"
