date_hour,spread_mean,spread_median,spread_min,spread_max,spread_std,spread_pct_mean,spread_pct_median,best_bid_price_mean,best_bid_price_min,best_bid_price_max,best_ask_price_mean,best_ask_price_min,best_ask_price_max,mid_price_mean,mid_price_min,mid_price_max,best_bid_size_mean,best_bid_size_median,best_bid_size_std,best_ask_size_mean,best_ask_size_median,best_ask_size_std,total_bid_size_mean,total_bid_size_median,total_ask_size_mean,total_ask_size_median,total_depth_mean,total_depth_median,imbalance_mean,imbalance_median,depth_1pct_bid_mean,depth_1pct_ask_mean,bid_levels_mean,ask_levels_mean,ofi_mean,ofi_median,ofi_std,ofi_min,ofi_max,ofi_simple_mean,ofi_simple_median,ofi_simple_std,snapshot_count,bid_ask_ratio,depth_asymmetry,date,hour,day_of_week,day_name
2025-10-14 12:00:00,0.998,0.998,0.998,0.998,0.0,199.6,199.6,0.001,0.001,0.001,0.9990000000000001,0.999,0.999,0.5,0.5,0.5,705452.31,705452.31,0.0,5808925.88,5808925.88,0.0,3290919.3427272723,3283197.6799999997,9847129.654545454,9848816.499999998,13138048.997272728,13134125.029999996,-0.4990256711463928,-0.4997553172962335,3290919.3427272723,9847129.654545454,100.0909090909091,76.9090909090909,0.0,0.0,0.0,0.0,0.0,0.0,0.0,0.0,11,0.33420087458767006,0.1309707241910632,2025-10-14,12,1,Tuesday
2025-10-14 13:00:00,0.998,0.998,0.998,0.998,0.0,199.6,199.6,0.001,0.001,0.001,0.999,0.999,0.999,0.5,0.5,0.5,705452.31,705452.31,0.0,5808925.880000001,5808925.88,0.0,3298537.362068965,3298446.1899999995,9857716.694827585,9858527.210000005,13156254.05689655,13157937.479999997,-0.4985598726438744,-0.4986514914866324,3298537.362068965,9857716.694827585,101.27586206896552,77.37931034482759,0.0,0.0,0.0,0.0,0.0,0.0,0.0,0.0,29,0.334614745400396,0.13375796178343952,2025-10-14,13,1,Tuesday
2025-10-14 14:00:00,0.998,0.998,0.998,0.998,0.0,199.6,199.6,0.001,0.001,0.001,0.999,0.999,0.999,0.5,0.5,0.5,705452.31,705452.31,0.0,5808925.88,5808925.88,0.0,3325264.8581250003,3326614.49,9860076.2925,9870659.72,13185341.150625002,13196891.510000002,-0.4956071173063821,-0.49587179749898747,3325264.8581250003,9860076.2925,101.875,77.9375,0.0,0.0,0.0,0.0,0.0,0.0,0.0,0.0,16,0.3372453477519581,0.13312478275981926,2025-10-14,14,1,Tuesday
2025-10-14 16:00:00,0.998,0.998,0.998,0.998,0.0,199.6,199.6,0.001,0.001,0.001,0.999,0.999,0.999,0.5,0.5,0.5,705452.31,705452.31,0.0,5808925.88,5808925.88,0.0,3362177.104,3361167.69,9813162.983999997,9810373.419999998,13175340.087999996,13172643.949999996,-0.48962574970386613,-0.4896260011770789,3362177.104,9813162.983999997,104.6,73.0,0.0,0.0,0.0,0.0,0.0,0.0,0.0,0.0,5,0.3426191034921061,0.17792792792792791,2025-10-14,16,1,Tuesday
2025-10-14 17:00:00,0.998,0.998,0.998,0.998,0.0,199.6,199.6,0.001,0.001,0.001,0.999,0.999,0.999,0.5,0.5,0.5,705452.31,705452.31,0.0,5808925.88,5808925.88,0.0,3401796.402333333,3403548.1599999997,9866748.367666665,9875058.599999998,13268544.77,13280162.04,-0.4872414785568767,-0.4870598064373884,3401796.402333333,9866748.367666665,106.3,72.8,0.0,0.0,0.0,0.0,0.0,0.0,0.0,0.0,30,0.34477380749680614,0.1870463428252373,2025-10-14,17,1,Tuesday
2025-10-14 18:00:00,0.998,0.998,0.998,0.998,0.0,199.6,199.6,0.001,0.001,0.001,0.9990000000000001,0.999,0.999,0.5,0.5,0.5,705452.31,705452.31,0.0,5808925.88,5808925.88,0.0,3402127.0548,3399058.05,9910932.958599998,9907962.344999999,13313060.013399996,13314191.804999998,-0.48890581288506196,-0.48940833486030666,3402127.0548,9910932.958599998,107.08,73.12,0.0,0.0,0.0,0.0,0.0,0.0,0.0,0.0,50,0.3432701107969737,0.18845726970033294,2025-10-14,18,1,Tuesday
2025-10-14 19:00:00,0.9979999999999999,0.998,0.998,0.998,0.0,199.6,199.6,0.001,0.001,0.001,0.999,0.999,0.999,0.5,0.5,0.5,705452.31,705452.31,0.0,5808925.880000001,5808925.88,0.0,3415055.785806452,3415411.02,9915886.402580643,9918067.839999998,13330942.188387096,13333413.2,-0.4876489240171353,-0.4876518305055771,3415055.785806452,9915886.402580643,107.29032258064517,74.26881720430107,0.0,0.0,0.0,0.0,0.0,0.0,0.0,0.0,93,0.34440247166583837,0.18187740598164057,2025-10-14,19,1,Tuesday
2025-10-14 20:00:00,0.998,0.998,0.998,0.998,0.0,199.6,199.6,0.001,0.001,0.001,0.9990000000000001,0.999,0.999,0.5,0.5,0.5,705452.31,705452.31,0.0,5808925.88,5808925.88,0.0,3363563.8824390247,3361971.18,9912934.50829268,9909611.19,13276498.390731703,13275162.23,-0.49330621176698775,-0.4935767519338622,3363563.8824390247,9912934.50829268,106.7439024390244,74.0,0.0,0.0,0.0,0.0,0.0,0.0,0.0,0.0,82,0.3393106127782071,0.18116186492139535,2025-10-14,20,1,Tuesday
2025-10-14 21:00:00,0.998,0.998,0.998,0.998,0.0,199.6,199.6,0.001,0.001,0.001,0.9990000000000001,0.999,0.999,0.5,0.5,0.5,705452.31,705452.31,0.0,5808925.88,5808925.88,0.0,3351754.4310000003,3350551.4400000004,9912039.572599998,9908967.969999995,13263794.0036,13261127.454999998,-0.4946010400044433,-0.49459393063477863,3351754.4310000003,9912039.572599998,106.32,74.46,0.0,0.0,0.0,0.0,0.0,0.0,0.0,0.0,50,0.3381498233991424,0.17623630932625292,2025-10-14,21,1,Tuesday
2025-10-14 22:00:00,0.9980000000000001,0.998,0.998,0.998,0.0,199.6,199.6,0.001,0.001,0.001,0.999,0.999,0.999,0.5,0.5,0.5,705452.4080392157,705452.31,0.7001400420156351,5808925.978039215,5808925.88,0.7001400420322624,3346022.7035294115,3346447.71,9898574.818627449,9903027.829999998,13244597.52215686,13248447.669999996,-0.4947323270193558,-0.4948221152605014,3346022.7035294115,9898574.818627449,107.13725490196079,74.45098039215686,0.0,0.0,0.0,0.0,0.0,0.0,0.0,0.0,51,0.33803075340025324,0.18000215959399632,2025-10-14,22,1,Tuesday
2025-10-14 23:00:00,0.998,0.998,0.998,0.998,0.0,199.6,199.6,0.001,0.001,0.001,0.999,0.999,0.999,0.5,0.5,0.5,705458.9766666667,705457.31,2.3769134427453906,5808932.546666667,5808930.88,2.3769134430043897,3339059.6829999997,3342374.4000000004,9913948.899166664,9913734.909999996,13253008.582166664,13256995.069999997,-0.4961061800768064,-0.49589562227138095,3339059.6829999997,9913948.899166664,107.76666666666667,74.06666666666666,0.0,0.0,0.0,0.0,0.0,0.0,0.0,0.0,60,0.3368042055654201,0.18533455545371222,2025-10-14,23,1,Tuesday
2025-10-15 00:00:00,0.998,0.998,0.998,0.998,0.0,199.59999999999997,199.6,0.001,0.001,0.001,0.9990000000000001,0.999,0.999,0.5,0.5,0.5,705462.31,705462.31,0.0,5808935.88,5808935.88,0.0,3348770.281276596,3350967.4600000004,9901882.71893617,9902533.504999999,13250653.000212766,13260005.509999998,-0.49454802473972415,-0.49502960870052193,3348770.281276596,9901882.71893617,109.07446808510639,74.0,0.0,0.0,0.0,0.0,0.0,0.0,0.0,0.0,94,0.3381953085419273,0.19158579812888607,2025-10-15,0,2,Wednesday
2025-10-15 01:00:00,0.998,0.998,0.998,0.998,0.0,199.6,199.6,0.001,0.001,0.001,0.999,0.999,0.999,0.5,0.5,0.5,705462.31,705462.31,0.0,5808935.88,5808935.88,0.0,3328066.89140625,3329628.2600000007,9905177.781874998,9903959.93,13233244.673281249,13235554.879999999,-0.49701101636506584,-0.49716788739612033,3328066.89140625,9905177.781874998,106.8359375,75.46875,0.0,0.0,0.0,0.0,0.0,0.0,0.0,0.0,128,0.3359926459367663,0.1720591386329548,2025-10-15,1,2,Wednesday
2025-10-15 02:00:00,0.998,0.998,0.998,0.998,0.0,199.6,199.6,0.001,0.001,0.001,0.999,0.999,0.999,0.5,0.5,0.5,705462.31,705462.31,0.0,5808935.88,5808935.88,0.0,3335998.549590164,3340076.7199999997,9944647.209262295,9946206.934999997,13280645.758852458,13285001.344999995,-0.49761506104310516,-0.4971580900480338,3335998.549590164,9944647.209262295,106.65573770491804,74.95901639344262,0.0,0.0,0.0,0.0,0.0,0.0,0.0,0.0,122,0.3354567014185345,0.17452723744189197,2025-10-15,2,2,Wednesday
2025-10-15 03:00:00,0.998,0.998,0.998,0.998,0.0,199.6,199.6,0.001,0.001,0.001,0.999,0.999,0.999,0.5,0.5,0.5,705462.31,705462.31,0.0,5808935.88,5808935.88,0.0,3337587.6541121495,3337122.84,9953344.989252336,9957502.909999998,13290932.643364485,13293670.839999998,-0.49776376778673054,-0.4978638002556336,3337587.6541121495,9953344.989252336,105.7196261682243,75.81308411214954,0.0,0.0,0.0,0.0,0.0,0.0,0.0,0.0,107,0.3353232162369626,0.16474464579901146,2025-10-15,3,2,Wednesday
2025-10-15 04:00:00,0.998,0.998,0.998,0.998,0.0,199.59999999999997,199.6,0.001,0.001,0.001,0.9989999999999999,0.999,0.999,0.5,0.5,0.5,705462.31,705462.31,0.0,5808934.584663212,5808935.88,2.196310594126285,3336887.491295337,3337014.44,9959159.493419688,9960370.589999998,13296046.984715024,13297494.489999996,-0.4980623768196734,-0.4981995542045714,3336887.491295337,9959159.493419688,106.48186528497409,76.06217616580311,0.025906735751295335,0.0,0.3599078753743472,0.0,5.0,0.025906735751295335,0.0,0.3599078753743472,193,0.3350571394604251,0.16664301325537167,2025-10-15,4,2,Wednesday
2025-10-15 05:00:00,0.998,0.998,0.998,0.998,0.0,199.6,199.6,0.001,0.001,0.001,0.999,0.999,0.999,0.5,0.5,0.5,705462.31,705462.31,0.0,5808930.879999999,5808930.88,0.0,3341690.5062280707,3342444.07,9957351.627192982,9960139.07,13299042.133421052,13302783.575000001,-0.49745258933324316,-0.49750744030874827,3341690.5062280707,9957351.627192982,105.8859649122807,75.30701754385964,0.0,0.0,0.0,0.0,0.0,0.0,0.0,0.0,114,0.3356003314276958,0.16876452362509686,2025-10-15,5,2,Wednesday
2025-10-15 06:00:00,0.998,0.998,0.998,0.998,0.0,199.6,199.6,0.001,0.001,0.001,0.999,0.999,0.999,0.5,0.5,0.5,705462.31,705462.31,0.0,5808930.88,5808930.88,0.0,3337791.872653061,3337045.64,9974000.130714284,9977397.67,13311792.003367346,13315762.595,-0.49852038809936705,-0.4986341634347574,3337791.872653061,9974000.130714284,106.79591836734694,75.64285714285714,0.0,0.0,0.0,0.0,0.0,0.0,0.0,0.0,98,0.33464927099555053,0.17075899099502212,2025-10-15,6,2,Wednesday
2025-10-15 07:00:00,0.998,0.998,0.998,0.998,0.0,199.6,199.6,0.001,0.001,0.001,0.9990000000000001,0.999,0.999,0.5,0.5,0.5,705462.31,705462.31,0.0,5808930.88,5808930.88,0.0,3330002.5035365857,3327638.7,9980762.772439023,9991954.75,13310765.275975607,13318167.504999999,-0.49964936351345707,-0.5005621821519479,3330002.5035365857,9980762.772439023,106.6219512195122,78.26829268292683,0.0,0.0,0.0,0.0,0.0,0.0,0.0,0.0,82,0.33364208522539857,0.1533540003957523,2025-10-15,7,2,Wednesday
2025-10-15 08:00:00,0.998,0.998,0.998,0.998,0.0,199.6,199.6,0.001,0.001,0.001,0.9990000000000001,0.999,0.999,0.5,0.5,0.5,705462.31,705462.31,0.0,5808930.88,5808930.88,0.0,3320553.326923077,3319635.2800000003,9975346.674175821,9985700.639999997,13295900.0010989,13299987.579999998,-0.5005110879052883,-0.5012172010714537,3320553.326923077,9975346.674175821,105.17582417582418,78.54945054945055,0.0,0.0,0.0,0.0,0.0,0.0,0.0,0.0,91,0.33287598269835833,0.144924935701896,2025-10-15,8,2,Wednesday
2025-10-15 09:00:00,0.998,0.998,0.998,0.998,0.0,199.6,199.6,0.001,0.001,0.001,0.999,0.999,0.999,0.5,0.5,0.5,705462.31,705462.31,0.0,5808930.88,5808930.88,0.0,3297678.718709678,3297268.350000001,9938735.808064513,9961292.584999999,13236414.52677419,13252723.924999997,-0.5017234398226701,-0.5012058681604923,3297678.718709678,9938735.808064513,103.41935483870968,79.53225806451613,0.0,0.0,0.0,0.0,0.0,0.0,0.0,0.0,62,0.3318006215673695,0.130565106232919,2025-10-15,9,2,Wednesday
2025-10-15 10:00:00,0.9979999999999999,0.998,0.998,0.998,0.0,199.6,199.6,0.001,0.001,0.001,0.999,0.999,0.999,0.5,0.5,0.5,705462.31,705462.31,0.0,5808930.88,5808930.88,0.0,3292191.506944445,3292380.46,9934467.979513885,9934855.439999996,13226659.486458331,13223024.264999997,-0.5021830253318549,-0.5023994340715863,3292191.506944445,9934467.979513885,103.71527777777777,79.47222222222223,0.0,0.0,0.0,0.0,0.0,0.0,0.0,0.0,144,0.3313908217061402,0.13234011903408008,2025-10-15,10,2,Wednesday
2025-10-15 11:00:00,0.998,0.998,0.998,0.998,0.0,199.6,199.6,0.001,0.001,0.001,0.9990000000000001,0.999,0.999,0.5,0.5,0.5,705462.31,705462.31,0.0,5808930.88,5808930.88,0.0,3290255.0394,3291078.625,9992315.8206,9991795.245,13282570.86,13283051.955,-0.5045755197410972,-0.5045757442569754,3290255.0394,9992315.8206,103.26,78.64,0.0,0.0,0.0,0.0,0.0,0.0,0.0,0.0,50,0.32927852746776304,0.13534909290819133,2025-10-15,11,2,Wednesday
2025-10-15 12:00:00,0.998,0.998,0.998,0.998,0.0,199.6,199.6,0.001,0.001,0.001,0.9990000000000001,0.999,0.999,0.5,0.5,0.5,705462.31,705462.31,0.0,5808930.88,5808930.88,0.0,3284422.8364179106,3286628.95,10004274.225074627,10004406.13,13288697.061492538,13290242.61,-0.5056794271862782,-0.5054213693522063,3284422.8364179106,10004274.225074627,103.2089552238806,77.58208955223881,0.0,0.0,0.0,0.0,0.0,0.0,0.0,0.0,67,0.3283019599948452,0.14174853463221326,2025-10-15,12,2,Wednesday
2025-10-15 13:00:00,0.9980000000000001,0.998,0.998,0.998,0.0,199.6,199.6,0.001,0.001,0.001,0.999,0.999,0.999,0.5,0.5,0.5,705462.31,705462.31,0.0,5808930.88,5808930.88,0.0,3294163.292745099,3294702.8200000008,10068140.17882353,10056450.54,13362303.47156863,13351294.070000004,-0.5069460844194855,-0.5076148272152065,3294163.292745099,10068140.17882353,101.54901960784314,78.27450980392157,0.0,0.0,0.0,0.0,0.0,0.0,0.0,0.0,51,0.32718687207730396,0.12942972413041104,2025-10-15,13,2,Wednesday
2025-10-15 14:00:00,0.9980000000000001,0.998,0.998,0.998,0.0,199.6,199.6,0.001,0.001,0.001,0.999,0.999,0.999,0.5,0.5,0.5,705462.31,705462.31,0.0,5808930.88,5808930.88,0.0,3332549.285370371,3331399.790000001,9962955.739814816,9974586.805,13295505.025185188,13307821.79,-0.49869234815009683,-0.49928168290198627,3332549.285370371,9962955.739814816,103.12962962962963,75.24074074074075,0.0,0.0,0.0,0.0,0.0,0.0,0.0,0.0,54,0.33449403695055596,0.15635382059800662,2025-10-15,14,2,Wednesday
2025-10-15 15:00:00,0.998,0.998,0.998,0.998,0.0,199.6,199.6,0.001,0.001,0.001,0.999,0.999,0.999,0.5,0.5,0.5,705462.31,705462.31,0.0,5808930.88,5808930.88,0.0,3337028.60967742,3340771.650000001,9961014.11967742,9972172.34,13298042.72935484,13312943.99,-0.4981173158546449,-0.4980394890565965,3337028.60967742,9961014.11967742,105.16129032258064,73.6774193548387,0.0,0.0,0.0,0.0,0.0,0.0,0.0,0.0,31,0.33500892274465394,0.17604617604617606,2025-10-15,15,2,Wednesday
2025-10-15 16:00:00,0.998,0.998,0.998,0.998,0.0,199.6,199.6,0.001,0.001,0.001,0.999,0.999,0.999,0.5,0.5,0.5,705462.3099999999,705462.31,0.0,5808930.88,5808930.88,0.0,3349726.8312500007,3345577.8950000005,9973684.250892859,9973567.74,13323411.08214286,13320286.165000003,-0.4971673325661206,-0.49760079504519217,3349726.8312500007,9973684.250892859,104.21428571428571,73.80357142857143,0.0,0.0,0.0,0.0,0.0,0.0,0.0,0.0,56,0.33585651470269157,0.17082957167218374,2025-10-15,16,2,Wednesday
2025-10-15 17:00:00,0.9979999999999999,0.998,0.998,0.998,0.0,199.6,199.6,0.001,0.001,0.001,0.999,0.999,0.999,0.5,0.5,0.5,705462.31,705462.31,0.0,5808930.88,5808930.88,0.0,3371106.056363637,3374285.9800000004,9960270.73848485,9981748.82,13331376.794848487,13356290.870000005,-0.4942526473585556,-0.4946977230065641,3371106.056363637,9960270.73848485,104.15151515151516,73.33333333333333,0.0,0.0,0.0,0.0,0.0,0.0,0.0,0.0,33,0.3384552634034572,0.1736383814239372,2025-10-15,17,2,Wednesday
2025-10-15 18:00:00,0.998,0.998,0.998,0.998,0.0,199.6,199.6,0.001,0.001,0.001,0.999,0.999,0.999,0.5,0.5,0.5,705462.31,705462.31,0.0,5808930.88,5808930.88,0.0,3365622.0347457635,3369016.0400000005,10041392.245932205,10017910.150000002,13407014.280677969,13396639.670000004,-0.4979174366413796,-0.4965750574760713,3365622.0347457635,10041392.245932205,104.23728813559322,73.32203389830508,0.0,0.0,0.0,0.0,0.0,0.0,0.0,0.0,59,0.3351748395357413,0.1741122565864834,2025-10-15,18,2,Wednesday
2025-10-15 19:00:00,0.998,0.998,0.998,0.998,0.0,199.6,199.6,0.001,0.001,0.001,0.9990000000000001,0.999,0.999,0.5,0.5,0.5,705462.31,705462.31,0.0,5808930.88,5808930.88,0.0,3339108.8378289477,3349480.8950000005,10069805.419276318,10075567.680000002,13408914.257105267,13396715.665000003,-0.5019536278460923,-0.502872508001805,3339108.8378289477,10069805.419276318,103.29605263157895,75.23026315789474,0.0,0.0,0.0,0.0,0.0,0.0,0.0,0.0,152,0.331596162864974,0.1572081367924528,2025-10-15,19,2,Wednesday
2025-10-15 20:00:00,0.9979999999999999,0.998,0.998,0.998,0.0,199.59999999999997,199.6,0.001,0.001,0.001,0.999,0.999,0.999,0.5,0.5,0.5,705462.31,705462.31,0.0,5808930.88,5808930.88,0.0,3309083.23107143,3308982.920000001,10075373.294761905,10075521.275000002,13384456.525833337,13384036.980000004,-0.5055334460117491,-0.5055205999293235,3309083.23107143,10075373.294761905,102.11904761904762,76.23809523809524,0.0,0.0,0.0,0.0,0.0,0.0,0.0,0.0,84,0.32843281675645625,0.14510746228807903,2025-10-15,20,2,Wednesday
2025-10-15 21:00:00,0.9979999999999999,0.998,0.998,0.998,0.0,199.6,199.6,0.001,0.001,0.001,0.999,0.999,0.999,0.5,0.5,0.5,705462.31,705462.31,0.0,5808930.88,5808930.88,0.0,3325902.8550574724,3326086.640000001,10068863.137586208,10070290.35,13394765.99264368,13395852.930000003,-0.5034018026701925,-0.503500062848139,3325902.8550574724,10068863.137586208,103.22988505747126,76.86206896551724,0.0,0.0,0.0,0.0,0.0,0.0,0.0,0.0,87,0.3303156284488723,0.14641307122798064,2025-10-15,21,2,Wednesday
2025-10-15 22:00:00,0.998,0.998,0.998,0.998,0.0,199.6,199.6,0.001,0.001,0.001,0.999,0.999,0.999,0.5,0.5,0.5,705462.31,705462.31,0.0,5808930.88,5808930.88,0.0,3339927.045982907,3354924.140000001,10066310.17717949,10067326.530000005,13406237.223162396,13418083.140000004,-0.5017401301437827,-0.4999344099212333,3339927.045982907,10066310.17717949,100.7008547008547,76.04273504273505,0.0,0.0,0.0,0.0,0.0,0.0,0.0,0.0,117,0.33179258210765084,0.13951351612747231,2025-10-15,22,2,Wednesday
2025-10-15 23:00:00,0.998,0.998,0.998,0.998,,199.6,199.6,0.001,0.001,0.001,0.999,0.999,0.999,0.5,0.5,0.5,705462.31,705462.31,,5808930.88,5808930.88,,3367645.0000000014,3367645.0000000014,10064327.030000005,10064327.030000005,13431972.030000005,13431972.030000005,-0.4985628331449108,-0.4985628331449108,3367645.0000000014,10064327.030000005,102.0,76.0,0.0,0.0,,0.0,0.0,0.0,0.0,,1,0.3346120401256476,0.14606741573033707,2025-10-15,23,2,Wednesday
2025-10-17 12:00:00,0.998,0.998,0.998,0.998,0.0,199.6,199.6,0.001,0.001,0.001,0.999,0.999,0.999,0.5,0.5,0.5,706508.46,706508.46,0.0,5809976.41,5809976.41,0.0,3505520.5877419366,3500762.9850000013,9201240.695645161,9195010.92,12706761.283387098,12695685.740000002,-0.44824301668208105,-0.44846528308416184,3505520.5877419366,9201240.695645161,131.75806451612902,47.83870967741935,0.01000000000180256,0.0,0.0787400787543115,0.0,0.6200000001117587,0.009999999994291894,0.0,0.07874007869517242,62,0.38098346774050357,0.46726537943421637,2025-10-17,12,4,Friday
2025-10-17 13:00:00,0.998,0.998,0.998,0.998,0.0,199.6,199.6,0.001,0.001,0.001,0.9990000000000001,0.999,0.999,0.5,0.5,0.5,706508.46,706508.46,0.0,5809976.41,5809976.41,0.0,3514079.2755294126,3521145.0100000007,9317237.730941176,9317753.11,12831317.00647059,12833484.28,-0.45226717317672943,-0.4517279578311793,3514079.2755294126,9317237.730941176,126.28235294117647,52.917647058823526,0.0,0.0,0.0,0.0,0.0,0.0,0.0,0.0,85,0.3771589152286704,0.4094012605042018,2025-10-17,13,4,Friday
2025-10-17 14:00:00,0.998,0.998,0.998,0.998,0.0,199.6,199.6,0.001,0.001,0.001,0.999,0.999,0.999,0.5,0.5,0.5,706508.46,706508.46,0.0,5809976.41,5809976.41,0.0,3530845.57225,3535631.540000001,9344104.02475,9336648.19,12874949.597000001,12871085.43,-0.45151898766317683,-0.4513928696838923,3530845.57225,9344104.02475,128.5,53.825,0.0,0.0,0.0,0.0,0.0,0.0,0.0,0.0,40,0.37786882111947245,0.40957082133552725,2025-10-17,14,4,Friday
2025-10-17 15:00:00,0.998,0.998,0.998,0.998,0.0,199.6,199.6,0.001,0.001,0.001,0.9990000000000001,0.999,0.999,0.5,0.5,0.5,706508.46,706508.46,0.0,5809976.41,5809976.41,0.0,3524165.5770149264,3522363.640000001,9381579.168059705,9381583.710000005,12905744.745074632,12905771.160000006,-0.45386168239993985,-0.4544353701985628,3524165.5770149264,9381579.168059705,129.3134328358209,54.940298507462686,0.0,0.0,0.0,0.0,0.0,0.0,0.0,0.0,67,0.37564737384652835,0.40364520048602676,2025-10-17,15,4,Friday
2025-10-17 16:00:00,0.9979999999999999,0.998,0.998,0.998,0.0,199.6,199.6,0.001,0.001,0.001,0.999,0.999,0.999,0.5,0.5,0.5,706508.46,706508.46,0.0,5809976.41,5809976.41,0.0,3525169.0493939403,3525359.9850000003,9401163.020151518,9387383.225000003,12926332.069545459,12913135.095000003,-0.45457587325845816,-0.45482737414896235,3525169.0493939403,9401163.020151518,129.28787878787878,54.90909090909091,0.0,0.0,0.0,0.0,0.0,0.0,0.0,0.0,66,0.37497159041255784,0.40380027967426174,2025-10-17,16,4,Friday
2025-10-17 17:00:00,0.998,0.998,0.998,0.998,0.0,199.6,199.6,0.001,0.001,0.001,0.999,0.999,0.999,0.5,0.5,0.5,706508.8048275862,706508.46,1.2894035738748246,5809976.41,5809976.41,0.0,3537271.2251724144,3537433.5800000005,9443436.501034485,9444881.200000005,12980707.7262069,12982438.050000004,-0.45499586647782075,-0.4550432105121836,3537271.2251724144,9443436.501034485,129.58620689655172,54.241379310344826,0.0,0.0,1.3363062095621219,-5.0,5.0,0.0,0.0,1.3363062095621219,29,0.3745745761921439,0.4098668167323204,2025-10-17,17,4,Friday
2025-10-17 18:00:00,0.998,0.998,0.998,0.998,0.0,199.6,199.6,0.001,0.001,0.001,0.999,0.999,0.999,0.5,0.5,0.5,706508.46,706508.46,0.0,5809976.41,5809976.41,0.0,3547231.067862596,3547871.600000001,9363734.601984736,9352394.960000005,12910965.66984733,12902440.840000004,-0.4505028361106344,-0.4500064384418434,3547231.067862596,9363734.601984736,130.68702290076337,50.6793893129771,0.0,0.0,0.0,0.0,0.0,0.0,0.0,0.0,131,0.3788265279443872,0.44113809503767,2025-10-17,18,4,Friday
2025-10-17 19:00:00,0.998,0.998,0.998,0.998,0.0,199.6,199.6,0.001,0.001,0.001,0.999,0.999,0.999,0.5,0.5,0.5,706508.46,706508.46,0.0,5809976.41,5809976.41,0.0,3614761.1231543627,3637475.4900000007,9428917.115436243,9457263.930000002,13043678.238590607,13096838.070000004,-0.4457584452620637,-0.4449836075569191,3614761.1231543627,9428917.115436243,133.28187919463087,50.0,0.0,0.0,0.0,0.0,0.0,0.0,0.0,0.0,149,0.3833696997120247,0.4543923248745835,2025-10-17,19,4,Friday
2025-10-17 20:00:00,0.998,0.998,0.998,0.998,0.0,199.6,199.6,0.001,0.001,0.001,0.999,0.999,0.999,0.5,0.5,0.5,706508.46,706508.46,0.0,5809976.41,5809976.41,0.0,3623377.1533139544,3628068.6400000006,9432562.91255814,9431748.225000005,13055940.065872096,13049770.650000002,-0.4449477491047522,-0.44474860595173343,3623377.1533139544,9432562.91255814,132.81976744186048,48.76744186046512,0.0,0.0,0.0,0.0,0.0,0.0,0.0,0.0,172,0.3841349574769264,0.4628758044376141,2025-10-17,20,4,Friday
2025-10-17 21:00:00,0.998,0.998,0.998,0.998,0.0,199.6,199.6,0.001,0.001,0.001,0.999,0.999,0.999,0.5,0.5,0.5,706508.46,706508.46,0.0,5809976.41,5809976.41,0.0,3606661.762748093,3605735.170000001,9398576.208091605,9400843.130000005,13005237.9708397,13003881.290000005,-0.44535303345942717,-0.4454220106702811,3606661.762748093,9398576.208091605,133.50381679389312,47.603053435114504,0.0,0.0,0.0,0.0,0.0,0.0,0.0,0.0,131,0.383745546441702,0.4743097997892518,2025-10-17,21,4,Friday
2025-10-17 22:00:00,0.9979999999999999,0.998,0.998,0.998,0.0,199.6,199.6,0.001,0.001,0.001,0.999,0.999,0.999,0.5,0.5,0.5,706508.46,706508.46,0.0,5809976.41,5809976.41,0.0,3609258.504294873,3604194.3250000016,9382178.180384617,9379086.710000003,12991436.684679491,12978246.650000004,-0.4443708512372119,-0.444962090735329,3609258.504294873,9382178.180384617,134.44230769230768,48.09615384615385,0.0,0.0,0.0,0.0,0.0,0.0,0.0,0.0,156,0.3846930248927455,0.4730299199325748,2025-10-17,22,4,Friday
2025-10-17 23:00:00,0.998,0.998,0.998,0.998,0.0,199.6,199.6,0.001,0.001,0.001,0.9990000000000001,0.999,0.999,0.5,0.5,0.5,706508.46,706508.46,0.0,5809976.41,5809976.41,0.0,3620912.369868423,3611237.3600000017,9358825.993486844,9345969.990000002,12979738.363355266,12956312.690000005,-0.4420737754086785,-0.44256356937082825,3620912.369868423,9358825.993486844,135.7828947368421,47.0328947368421,0.0,0.0,0.0,0.0,0.0,0.0,0.0,0.0,152,0.38689814004324374,0.48546135022311787,2025-10-17,23,4,Friday
2025-10-18 00:00:00,0.998,0.998,0.998,0.998,0.0,199.6,199.6,0.001,0.001,0.001,0.999,0.999,0.999,0.5,0.5,0.5,706508.46,706508.46,0.0,5809976.41,5809976.41,0.0,3595104.3420645166,3596375.900000001,9346251.926322581,9346019.69,12941356.2683871,12943405.230000002,-0.44440078917430814,-0.444286410404048,3595104.3420645166,9346251.926322581,136.89032258064515,46.63225806451613,0.0,0.0,0.0,0.0,0.0,0.0,0.0,0.0,155,0.38465733327167684,0.4918090416930324,2025-10-18,0,5,Saturday
2025-10-18 01:00:00,0.998,0.998,0.998,0.998,0.0,199.6,199.6,0.001,0.001,0.001,0.9990000000000001,0.999,0.999,0.5,0.5,0.5,706509.8207594936,706508.46,3.4341300128911185,5809976.41,5809976.41,0.0,3603050.8974683555,3603050.085000001,9351860.57901899,9348017.125,12954911.476487346,12951361.520000003,-0.4437565874531303,-0.44393585605395797,3603050.8974683555,9351860.57901899,138.16139240506328,45.20886075949367,0.03164556962025317,0.0,0.5625439504630121,0.0,10.0,0.03164556962025317,0.0,0.5625439504630121,316,0.3852763700895887,0.5069117266373285,2025-10-18,1,5,Saturday
2025-10-18 02:00:00,0.998,0.998,0.998,0.998,0.0,199.6,199.6,0.001,0.001,0.001,0.999,0.999,0.999,0.5,0.5,0.5,706518.46,706518.46,0.0,5809976.41,5809976.41,0.0,3589638.8011842114,3586367.360000001,9394960.393640352,9421251.110000003,12984599.194824563,13000052.495000001,-0.4470902339408177,-0.4467081119273213,3589638.8011842114,9394960.393640352,137.78947368421052,45.59649122807018,0.0,0.0,0.0,0.0,0.0,0.0,0.0,0.0,228,0.38208131282960106,0.50272649000287,2025-10-18,2,5,Saturday
2025-10-18 03:00:00,0.998,0.998,0.998,0.998,0.0,199.6,199.6,0.001,0.001,0.001,0.999,0.999,0.999,0.5,0.5,0.5,706518.46,706518.46,0.0,5809983.2299196785,5809976.41,53.48181525426834,3564221.0075100414,3559844.640000001,9363700.30742972,9363761.390000002,12927921.314939762,12928661.840000004,-0.4486016499839746,-0.4488351733354886,3564221.0075100414,9363700.30742972,135.20883534136547,47.95582329317269,0.0,0.0,38.124817461226854,-424.54000000003725,424.54000000003725,0.0,0.0,38.124817461226854,249,0.3806423625798847,0.47636379582529376,2025-10-18,3,5,Saturday
2025-10-18 04:00:00,0.998,0.998,0.998,0.998,0.0,199.59999999999997,199.6,0.001,0.001,0.001,0.999,0.999,0.999,0.5,0.5,0.5,706518.4600000001,706518.46,0.0,5809976.41,5809976.41,0.0,3576964.7267307704,3579211.795000002,9369381.639903845,9369510.75,12946346.366634617,12948838.91,-0.44741733692926106,-0.4472114527649357,3576964.7267307704,9369381.639903845,134.32692307692307,47.06730769230769,0.0,0.0,0.0,0.0,0.0,0.0,0.0,0.0,104,0.3817716968104503,0.48104956268221566,2025-10-18,4,5,Saturday
2025-10-18 05:00:00,0.9980000000000001,0.998,0.998,0.998,0.0,199.6,199.6,0.001,0.001,0.001,0.999,0.999,0.999,0.5,0.5,0.5,706518.46,706518.46,0.0,5809976.41,5809976.41,0.0,3562656.8043076936,3563556.8550000014,9345387.41246154,9337678.345,12908044.216769231,12902757.305,-0.4479937664810316,-0.4474926311662994,3562656.8043076936,9345387.41246154,133.84615384615384,49.315384615384616,0.0,0.0,0.0,0.0,0.0,0.0,0.0,0.0,130,0.3812208790356935,0.46150938641804207,2025-10-18,5,5,Saturday
2025-10-18 06:00:00,0.998,0.998,0.998,0.998,0.0,199.6,199.6,0.001,0.001,0.001,0.9989999999999999,0.999,0.999,0.5,0.5,0.5,706518.46,706518.46,0.0,5809976.41,5809976.41,0.0,3555797.4728662428,3555776.290000001,9377781.744713377,9364901.210000005,12933579.217579622,12924113.660000006,-0.45014179005509,-0.44959456796947245,3555797.4728662428,9377781.744713377,133.59235668789808,52.60191082802548,0.0,0.0,0.0,0.0,0.0,0.0,0.0,0.0,314,0.3791725559054288,0.43497819208073196,2025-10-18,6,5,Saturday
2025-10-18 07:00:00,0.9979999999999999,0.998,0.998,0.998,0.0,199.59999999999997,199.6,0.001,0.001,0.001,0.999,0.999,0.999,0.5,0.5,0.5,706518.46,706518.46,0.0,5809976.41,5809976.41,0.0,3574773.960952382,3578167.620000001,9457350.938571433,9457290.500000006,13032124.899523815,13034834.660000008,-0.4513914005644138,-0.4509241342379106,3574773.960952382,9457350.938571433,132.95238095238096,56.0,0.0,0.0,0.0,0.0,0.0,0.0,0.0,0.0,21,0.3779889298992604,0.40725806451612906,2025-10-18,7,5,Saturday
2025-10-18 11:00:00,0.9980000000000001,0.998,0.998,0.998,0.0,199.6,199.6,0.001,0.001,0.001,0.999,0.999,0.999,0.5,0.5,0.5,706523.46,706523.46,0.0,5809981.41,5809981.41,0.0,3544547.104705883,3545694.270000001,9572730.807254905,9576070.320000004,13117277.911960788,13123148.390000004,-0.4595602513871495,-0.4595376569263011,3544547.104705883,9572730.807254905,127.76470588235294,59.705882352941174,0.0,0.0,0.0,0.0,0.0,0.0,0.0,0.0,51,0.3702754392737723,0.3630373391904613,2025-10-18,11,5,Saturday
2025-10-18 12:00:00,0.9979999999999999,0.998,0.998,0.998,0.0,199.6,199.6,0.001,0.001,0.001,0.999,0.999,0.999,0.5,0.5,0.5,706523.46,706523.46,0.0,5809981.41,5809981.41,0.0,3564435.167333334,3568090.0400000005,9531535.869555555,9532701.72,13095971.036888888,13095426.16,-0.455644401810658,-0.4555926195569307,3564435.167333334,9531535.869555555,130.0222222222222,58.13333333333333,0.0,0.0,0.0,0.0,0.0,0.0,0.0,0.0,45,0.37396230954954585,0.3820715719853549,2025-10-18,12,5,Saturday
2025-10-18 13:00:00,0.998,0.998,0.998,0.998,0.0,199.59999999999997,199.6,0.001,0.001,0.001,0.999,0.999,0.999,0.5,0.5,0.5,706523.4600000001,706523.46,0.0,5809981.41,5809981.41,0.0,3568999.7359615397,3567738.7350000013,9531710.65,9528048.5,13100710.38596154,13105883.09,-0.4551442555753661,-0.45454119427778217,3568999.7359615397,9531710.65,133.30769230769232,55.69230769230769,0.0,0.0,0.0,0.0,0.0,0.0,0.0,0.0,52,0.3744343347184526,0.4106634106634107,2025-10-18,13,5,Saturday
2025-10-18 14:00:00,0.998,0.998,0.998,0.998,0.0,199.6,199.6,0.001,0.001,0.001,0.9990000000000001,0.999,0.999,0.5,0.5,0.5,706523.46,706523.46,0.0,5809981.41,5809981.41,0.0,3546608.713863637,3548140.9850000013,9542587.549318181,9545441.805,13089196.263181819,13085533.729999999,-0.45808587449496047,-0.4580452308749927,3546608.713863637,9542587.549318181,131.4090909090909,57.29545454545455,0.0,0.0,0.0,0.0,0.0,0.0,0.0,0.0,44,0.37166111345942454,0.3927496085752138,2025-10-18,14,5,Saturday
2025-10-18 15:00:00,0.998,0.998,0.998,0.998,0.0,199.6,199.6,0.001,0.001,0.001,0.9990000000000001,0.999,0.999,0.5,0.5,0.5,706523.46,706523.46,0.0,5809981.41,5809981.41,0.0,3541948.053142858,3540989.060000001,9550228.780000001,9557610.47,13092176.833142858,13099853.650000002,-0.4589190231285726,-0.4590162280546213,3541948.053142858,9550228.780000001,132.45714285714286,57.68571428571428,0.0,0.0,0.0,0.0,0.0,0.0,0.0,0.0,35,0.3708757281878286,0.39323816679188583,2025-10-18,15,5,Saturday
2025-10-18 16:00:00,0.9979999999999999,0.998,0.998,0.998,0.0,199.6,199.6,0.001,0.001,0.001,0.999,0.999,0.999,0.5,0.5,0.5,706523.46,706523.46,0.0,5809981.41,5809981.41,0.0,3512494.69138889,3512914.320000001,9323224.026111111,9324301.510000002,12835718.717500001,12839140.22,-0.45269986307428006,-0.4527493104663316,3512494.69138889,9323224.026111111,130.66666666666666,56.888888888888886,0.0,0.0,0.0,0.0,0.0,0.0,0.0,0.0,36,0.3767467864712478,0.3933649289099526,2025-10-18,16,5,Saturday
2025-10-18 17:00:00,0.998,0.998,0.998,0.998,0.0,199.6,199.6,0.001,0.001,0.001,0.9990000000000001,0.999,0.999,0.5,0.5,0.5,706523.46,706523.46,0.0,5809981.41,5809981.41,0.0,3525510.6477142866,3526457.770000001,9284687.541714283,9287450.759999996,12810198.18942857,12811894.28,-0.4495774168231099,-0.4495172960481114,3525510.6477142866,9284687.541714283,132.0,54.77142857142857,0.0,0.0,0.0,0.0,0.0,0.0,0.0,0.0,35,0.37971236316514234,0.4134924277191372,2025-10-18,17,5,Saturday
2025-10-18 18:00:00,0.9979999999999999,0.998,0.998,0.998,0.0,199.6,199.6,0.001,0.001,0.001,0.999,0.999,0.999,0.5,0.5,0.5,706523.46,706523.46,0.0,5809981.41,5809981.41,0.0,3539289.024444445,3538659.5300000007,9253737.367999999,9250406.73,12793026.392444443,12788728.56,-0.44668468792873417,-0.446595346810927,3539289.024444445,9253737.367999999,132.53333333333333,55.955555555555556,0.0,0.0,0.0,0.0,0.0,0.0,0.0,0.0,45,0.38247130685635483,0.4062721056354634,2025-10-18,18,5,Saturday
2025-10-18 19:00:00,0.998,0.998,0.998,0.998,0.0,199.6,199.6,0.001,0.001,0.001,0.999,0.999,0.999,0.5,0.5,0.5,706523.46,706523.46,0.0,5809981.41,5809981.41,0.0,3533924.4193220343,3533564.5100000007,9255752.279406779,9253728.259999994,12789676.698728813,12786912.855,-0.4473786179853049,-0.4474253813987671,3533924.4193220343,9255752.279406779,132.0677966101695,54.67796610169491,0.0,0.0,0.0,0.0,0.0,0.0,0.0,0.0,118,0.38180844869678504,0.41441277908876384,2025-10-18,19,5,Saturday
2025-10-18 20:00:00,0.9979999999999999,0.998,0.998,0.998,0.0,199.6,199.6,0.001,0.001,0.001,0.999,0.999,0.999,0.5,0.5,0.5,706523.46,706523.46,0.0,5809981.41,5809981.41,0.0,3551371.570347222,3550640.7649999997,9178532.620520834,9177708.09,12729904.190868057,12720730.05,-0.44204235895587285,-0.44200384500993584,3551371.570347222,9178532.620520834,133.17013888888889,54.5,0.0,0.0,0.0,0.0,0.0,0.0,0.0,0.0,288,0.3869214957527383,0.4191936946104461,2025-10-18,20,5,Saturday
2025-10-18 21:00:00,0.998,0.998,0.998,0.998,0.0,199.6,199.6,0.001,0.001,0.001,0.999,0.999,0.999,0.5,0.5,0.5,706523.46,706523.46,0.0,5809981.41,5809981.41,0.0,3560045.5080444445,3560038.6700000004,9180804.859511111,9184361.749999998,12740850.367555557,12745028.71,-0.44116252438276254,-0.4413921975801072,3560045.5080444445,9180804.859511111,133.44,54.84888888888889,0.0,0.0,0.0,0.0,0.0,0.0,0.0,0.0,225,0.38777052366561476,0.41739643573704704,2025-10-18,21,5,Saturday
2025-10-18 22:00:00,0.998,0.998,0.998,0.998,0.0,199.6,199.6,0.001,0.001,0.001,0.999,0.999,0.999,0.5,0.5,0.5,706523.46,706523.46,0.0,5809981.41,5809981.41,0.0,3528915.0332727274,3544351.04,9203572.789272727,9201180.34,12732487.822545454,12748674.759999998,-0.44570067246870393,-0.4432454608359036,3528915.0332727274,9203572.789272727,132.27272727272728,57.03636363636364,0.0,0.0,0.0,0.0,0.0,0.0,0.0,0.0,55,0.3834288177071705,0.39742604686899735,2025-10-18,22,5,Saturday
2025-10-18 23:00:00,0.998,0.998,0.998,0.998,0.0,199.6,199.6,0.001,0.001,0.001,0.999,0.999,0.999,0.5,0.5,0.5,706534.4013207547,706523.46,20.374652136073212,5810064.428867925,5809981.41,162.99091304682494,3475435.7459433964,3473636.98,9225608.273207547,9229495.195,12701044.019150943,12699088.83,-0.4527316023846921,-0.4525480944347313,3475435.7459433964,9225608.273207547,131.22641509433961,58.15094339622642,0.0,0.0,144.9195508121393,-350.0099999997765,350.0099999997765,0.0,0.0,144.9195508122357,106,0.3767161625577087,0.38587227259141177,2025-10-18,23,5,Saturday
