time_window,outlier_method,phase,beta,r_squared,p_value,avg_depth_l1,avg_depth_l2,n_obs
1,Raw,Phase 1 (Early),1.8859192654705818e-06,0.053096121567170085,2.270091513760466e-91,17465.461519388704,5516620.94763884,7535
1,Raw,Phase 2 (Middle),6.971823080987818e-07,0.048998872421407234,2.7295661069012074e-84,25998.167399936705,5393640.981662086,7535
1,Raw,Phase 3 (Near Expiry),1.0960096891955395e-06,0.08960890110205057,7.553110293238988e-156,19503.818601293955,5874567.65972665,7537
1,IQR (1.5x),Phase 1 (Early),5.4408403083010725e-06,0.05631609936594692,1.1672843821586815e-73,17388.65347275022,5640957.296701036,5689
1,IQR (1.5x),Phase 2 (Middle),1.0564023884868912e-05,0.060626339478147905,2.4997898824361397e-79,24011.179292748395,5412303.76104613,5689
1,IQR (1.5x),Phase 3 (Near Expiry),7.898685234956465e-06,0.05499563156489915,5.948771539942879e-72,19594.486501855055,5710870.3534849575,5691
1,Pctl (1%-99%),Phase 1 (Early),1.968988613944078e-06,0.0294139422989958,7.487123988674767e-50,17374.2489133816,5539462.30427047,7384
1,Pctl (1%-99%),Phase 2 (Middle),3.1339466464554926e-06,0.06252704365896815,1.1712969506149024e-105,25559.437573820658,5399343.202077517,7384
1,Pctl (1%-99%),Phase 3 (Near Expiry),2.9943680638055685e-06,0.10953556306147892,2.8652174967309783e-188,18701.483949626858,5845637.695331951,7385
1,Z-Score (3),Phase 1 (Early),2.165724662926642e-06,0.04510886586441121,4.613855980521117e-77,17411.483123229165,5525600.059489159,7482
1,Z-Score (3),Phase 2 (Middle),2.7015215817756363e-06,0.07021102253553411,1.9890146861851393e-120,25705.470201665084,5394604.06320602,7482
1,Z-Score (3),Phase 3 (Near Expiry),2.4997864944592715e-06,0.1266648206383447,2.691644164938135e-222,19107.87431791686,5866513.739387065,7482
1,Winsorized,Phase 1 (Early),2.3481754852363736e-06,0.049090884216496995,1.8941562403124408e-84,17465.461519388704,5516620.94763884,7535
1,Winsorized,Phase 2 (Middle),3.422981879143515e-06,0.09738439811037806,7.41475182917029e-170,25998.167399936705,5393640.981662086,7535
1,Winsorized,Phase 3 (Near Expiry),3.0026190644944195e-06,0.1581586895476981,4.660535235155179e-284,19503.818601293955,5874567.65972665,7537
1,Abs (200k),Phase 1 (Early),1.8859195524447734e-06,0.05309613653350702,2.39755703803665e-91,17459.23748111782,5517041.535915128,7533
1,Abs (200k),Phase 2 (Middle),1.879836098437429e-06,0.07402559946140254,5.708877021587643e-128,25874.82671609499,5393910.070494017,7533
1,Abs (200k),Phase 3 (Near Expiry),2.0324449892468087e-06,0.1478276744106229,6.0160793039518e-264,19457.975986905993,5874647.809420417,7533
1,Abs (100k),Phase 1 (Early),2.1121523304584667e-06,0.04823507736573347,8.006075451300736e-83,17420.050765890246,5519381.901916012,7521
1,Abs (100k),Phase 2 (Middle),2.2752156098827934e-06,0.07861497357985586,6.7908305760638796e-136,25821.02536387511,5396137.978963744,7521
1,Abs (100k),Phase 3 (Near Expiry),2.217642921119212e-06,0.1459991081939611,4.2687811977416016e-260,19400.32092521916,5873770.337054321,7523
1,MAD (3),Phase 1 (Early),4.9100095058539825e-06,0.05278102901183069,1.7605137290137778e-70,17360.534498581324,5634702.1821688255,5812
1,MAD (3),Phase 2 (Middle),1.0500532864216355e-05,0.0664489188335943,7.222480333003505e-89,23710.65254838377,5438342.810411679,5812
1,MAD (3),Phase 3 (Near Expiry),7.294682273319923e-06,0.05791181000539325,2.3616903092734784e-77,19738.250775527435,5731362.615677942,5812
1,Pctl (5%-95%),Phase 1 (Early),2.7431149999956736e-06,0.053344104132834365,8.412810442478986e-83,17143.81382745257,5587933.0661282195,6781
1,Pctl (5%-95%),Phase 2 (Middle),4.786337256052679e-06,0.05150201648719438,6.225521215088416e-80,24342.19136916607,5467419.045474965,6781
1,Pctl (5%-95%),Phase 3 (Near Expiry),4.7002549120275155e-06,0.08099801193446293,1.4313416469236409e-126,19401.09737900851,5792144.165035911,6783
5,Raw,Phase 1 (Early),2.1760856241559927e-06,0.07483253177226591,1.979326379584916e-32,17624.697495224336,5807471.408578317,1810
5,Raw,Phase 2 (Middle),9.664784828376718e-07,0.0970880396130133,4.796686924592373e-42,22736.616679221963,5192758.477930989,1810
5,Raw,Phase 3 (Near Expiry),1.1955946241561446e-06,0.1320933427487309,1.2327857218479829e-57,20427.95452716764,5721521.18060508,1810
5,IQR (1.5x),Phase 1 (Early),3.979501928900233e-06,0.0512834905658402,3.9598767277994727e-19,16958.014903357343,6002400.139092966,1520
5,IQR (1.5x),Phase 2 (Middle),5.78840824433952e-06,0.10402785088743616,3.906285368626519e-38,20538.783083981736,4851868.902266949,1520
5,IQR (1.5x),Phase 3 (Near Expiry),4.426138355340087e-06,0.1346099275726333,1.226633990064326e-49,18858.131752016434,5927451.1441009445,1520
5,Pctl (1%-99%),Phase 1 (Early),2.38727900932861e-06,0.06207969249053739,1.700625391308191e-26,17338.799629604768,5846898.32479597,1773
5,Pctl (1%-99%),Phase 2 (Middle),3.0031053789239324e-06,0.10627590421000584,3.574260354335699e-45,20577.55597646889,5205453.697838178,1773
5,Pctl (1%-99%),Phase 3 (Near Expiry),2.9846506143977076e-06,0.22419847507238724,8.328078050646188e-100,20854.80400095606,5691805.221930825,1774
5,Z-Score (3),Phase 1 (Early),2.272303243485184e-06,0.06180024915071781,1.1290562163847526e-26,17531.968578630185,5825658.529164947,1794
5,Z-Score (3),Phase 2 (Middle),2.798544257487187e-06,0.11807805355917865,6.96226666861045e-51,21887.292048165473,5200895.32255137,1794
5,Z-Score (3),Phase 3 (Near Expiry),2.854542870753659e-06,0.2686303851242014,6.708890322436174e-124,19961.722607050055,5712795.354922889,1794
5,Winsorized,Phase 1 (Early),2.4399925294582108e-06,0.07395428329337747,4.6941732339446845e-32,17624.697495224336,5807471.408578317,1810
5,Winsorized,Phase 2 (Middle),3.2661003785031764e-06,0.1572102966712162,3.3414824789068673e-69,22736.616679221963,5192758.477930989,1810
5,Winsorized,Phase 3 (Near Expiry),3.0340230484547354e-06,0.28197805928077035,3.1337105450899635e-132,20427.95452716764,5721521.18060508,1810
5,Abs (200k),Phase 1 (Early),2.171838836030788e-06,0.07504378322329967,1.9568063272298528e-32,17639.806234969947,5813017.569636589,1805
5,Abs (200k),Phase 2 (Middle),2.2916017136291523e-06,0.10942302929993765,2.405540327357058e-47,22400.149263543684,5194576.0848721545,1805
5,Abs (200k),Phase 3 (Near Expiry),2.544463536314914e-06,0.2748653627598228,3.8131293258980457e-128,20301.152810574247,5720700.91509562,1807
5,Abs (100k),Phase 1 (Early),2.377426823567596e-06,0.06468568290769472,8.55483335778421e-28,17458.62211361858,5830980.561196203,1788
5,Abs (100k),Phase 2 (Middle),3.078258096221855e-06,0.12617398892493067,2.6078582339192133e-54,21196.749032994943,5201289.907892872,1788
5,Abs (100k),Phase 3 (Near Expiry),2.8108761469799224e-06,0.255942600991896,6.124616643876631e-117,20253.89638945465,5707431.1256293515,1790
5,MAD (3),Phase 1 (Early),3.851043226230759e-06,0.05600389051018606,2.9285256439224155e-21,16999.20200993265,5988263.673102684,1557
5,MAD (3),Phase 2 (Middle),5.6451646434425e-06,0.11233445764015593,3.4869873529616663e-42,20428.359643915475,5241470.962725555,1557
5,MAD (3),Phase 3 (Near Expiry),4.296774088843251e-06,0.1452827723329074,4.797398023010207e-55,19136.616411749703,5565926.584653064,1558
5,Pctl (5%-95%),Phase 1 (Early),3.0989094754701853e-06,0.0496857584149146,8.898169716888294e-20,17050.43525052219,5942815.808177776,1628
5,Pctl (5%-95%),Phase 2 (Middle),4.920259926721453e-06,0.10738873921068198,4.646689981958687e-42,20473.91446363766,5222122.182961994,1628
5,Pctl (5%-95%),Phase 3 (Near Expiry),3.801380828711353e-06,0.14899193716034367,4.720275355624829e-59,19863.631375420286,5594690.295304987,1630
10,Raw,Phase 1 (Early),2.4930326005193606e-06,0.10851002872045469,1.3433831216038365e-24,17451.97698674667,5842162.2770499885,915
10,Raw,Phase 2 (Middle),2.859974078459926e-06,0.24393828525449862,1.9403055321594422e-57,20714.81470182348,5162245.774705032,915
10,Raw,Phase 3 (Near Expiry),9.750427065900632e-07,0.17717766723136022,1.114965319501586e-40,22343.314757232187,5708911.497966016,917
10,IQR (1.5x),Phase 1 (Early),3.3775302208584575e-06,0.06277534672886581,9.280161108859306e-13,17246.475943336547,6052589.850117651,789
10,IQR (1.5x),Phase 2 (Middle),5.052312727494688e-06,0.14860867898203536,2.3471554603548293e-29,20386.533487622062,4096188.231710572,789
10,IQR (1.5x),Phase 3 (Near Expiry),3.8060319761462775e-06,0.18690305771698054,2.861870638534685e-37,18030.280778796237,6604415.276170142,789
10,Pctl (1%-99%),Phase 1 (Early),2.5787754018013933e-06,0.0823622002878269,1.812220785367419e-18,17328.220090697447,5881375.701475844,897
10,Pctl (1%-99%),Phase 2 (Middle),3.318030096579016e-06,0.17714269848365338,8.07701353265721e-40,20420.15677888619,5178019.350539286,897
10,Pctl (1%-99%),Phase 3 (Near Expiry),3.208571204275639e-06,0.3350449883872689,2.301112988900544e-81,20149.186271789396,5677726.566133512,897
10,Z-Score (3),Phase 1 (Early),2.4892991143295335e-06,0.10652998602069139,5.881989730312226e-24,17484.237707693774,5860868.179248934,907
10,Z-Score (3),Phase 2 (Middle),2.8107614988360754e-06,0.1605714958795762,2.635258338780314e-36,20464.474994377913,5168187.418181134,907
10,Z-Score (3),Phase 3 (Near Expiry),2.9118298591851837e-06,0.34714055134527694,5.82679675584967e-86,21088.59139340727,5699934.316067511,908
10,Winsorized,Phase 1 (Early),2.579203068212433e-06,0.1072802286159304,2.5347175290111213e-24,17451.97698674667,5842162.2770499885,915
10,Winsorized,Phase 2 (Middle),3.2316593181737213e-06,0.18925341174414506,1.5385638686816653e-43,20714.81470182348,5162245.774705032,915
10,Winsorized,Phase 3 (Near Expiry),3.0603779868853916e-06,0.36910612811495,1.3084007887273246e-93,22343.314757232187,5708911.497966016,917
10,Abs (200k),Phase 1 (Early),2.504365272406267e-06,0.10901905218032294,1.3036788861738538e-24,17443.552966937434,5851439.089735207,911
10,Abs (200k),Phase 2 (Middle),2.3982242696393684e-06,0.1400321950003029,1.1713894146193832e-31,20649.45551409645,5165644.3160134535,911
10,Abs (200k),Phase 3 (Near Expiry),2.779867107400943e-06,0.34881001996143257,9.561204906478266e-87,21783.37748539259,5706641.599861097,911
10,Abs (100k),Phase 1 (Early),2.667655702927916e-06,0.0833179475191293,1.5386680461801999e-18,17241.902803904108,5894943.149509235,890
10,Abs (100k),Phase 2 (Middle),3.530115061538932e-06,0.17062286655519446,5.434575927758475e-38,20410.63809961459,5183779.861016563,890
10,Abs (100k),Phase 3 (Near Expiry),2.9028037047839394e-06,0.2923725552830877,8.53890113328078e-69,20137.931858523683,5667835.0020209355,891
10,MAD (3),Phase 1 (Early),3.384785134658201e-06,0.06892077618087486,3.7273518593450826e-14,17174.1750346267,6030793.675141054,805
10,MAD (3),Phase 2 (Middle),4.906039017675591e-06,0.15514795143526752,2.841972013803089e-31,20229.12052403371,4845849.730680369,805
10,MAD (3),Phase 3 (Near Expiry),3.6546980157893056e-06,0.19457176227920664,1.0598119563827903e-39,18661.377659140166,5860457.543527276,806
10,Pctl (5%-95%),Phase 1 (Early),3.2276463229104866e-06,0.07199714275337256,4.879970031121284e-15,17216.561325284645,6003577.950163518,823
10,Pctl (5%-95%),Phase 2 (Middle),4.6421132800096366e-06,0.1674024442386041,1.4749955424901901e-34,20412.749033665365,5068278.877371262,823
10,Pctl (5%-95%),Phase 3 (Near Expiry),3.4761660450315e-06,0.20057787706547583,6.071335288812876e-42,18933.02193748073,5680900.590510786,825
15,Raw,Phase 1 (Early),2.024769570804822e-06,0.07146902380715686,1.8518542529739033e-11,17314.41375583134,5849233.817885343,611
15,Raw,Phase 2 (Middle),2.9156768237436286e-06,0.3241326994441213,8.819195904948473e-54,20774.130162877173,5169234.340601865,611
15,Raw,Phase 3 (Near Expiry),1.0688805954605181e-06,0.21408481973251228,7.55361995194279e-34,22189.90140589012,5704761.835017693,613
15,IQR (1.5x),Phase 1 (Early),3.346281519364183e-06,0.07606263957309876,1.0471729485420334e-10,16885.284795312546,6068139.598322908,530
15,IQR (1.5x),Phase 2 (Middle),3.4841805504464207e-06,0.11791863705730976,4.1018611871917795e-16,20567.61750821043,4074047.4094330356,530
15,IQR (1.5x),Phase 3 (Near Expiry),3.969644650112853e-06,0.21385800892349366,1.7060856345739758e-29,18497.761185233416,6677261.28565276,531
15,Pctl (1%-99%),Phase 1 (Early),2.0002944339026074e-06,0.06809585498840987,8.812811220167336e-11,17192.157120098454,5891085.208273533,599
15,Pctl (1%-99%),Phase 2 (Middle),3.124029440030686e-06,0.21113426765037466,1.2712947278127156e-32,20443.807009439442,5182844.891311693,599
15,Pctl (1%-99%),Phase 3 (Near Expiry),2.808817686826439e-06,0.3114951590805577,2.4026816873719815e-50,19607.72367634595,5676832.532812615,599
15,Z-Score (3),Phase 1 (Early),1.9996562840228203e-06,0.0684557730401635,6.07754834792651e-11,17312.46708303371,5866664.2884704145,606
15,Z-Score (3),Phase 2 (Middle),2.425991714713317e-06,0.18054598271595437,5.810045196843599e-28,20685.517429514508,5176154.579826227,606
15,Z-Score (3),Phase 3 (Near Expiry),2.7450814546839097e-06,0.36271221392105024,4.3607406401792166e-61,20270.078070489457,5698061.612819893,606
15,Winsorized,Phase 1 (Early),2.024769570804822e-06,0.07146902380715686,1.8518542529739033e-11,17314.41375583134,5849233.817885343,611
15,Winsorized,Phase 2 (Middle),3.057511288254123e-06,0.2284072985107644,3.4467436041764694e-36,20774.130162877173,5169234.340601865,611
15,Winsorized,Phase 3 (Near Expiry),3.0360961020741985e-06,0.3958264044409302,7.142110329004951e-69,22189.90140589012,5704761.835017693,613
15,Abs (200k),Phase 1 (Early),1.9947654036723166e-06,0.06798418643294152,7.365079707508654e-11,17301.37773742472,5870145.94362961,605
15,Abs (200k),Phase 2 (Middle),2.437368348505494e-06,0.18092446182086705,5.582568333590999e-28,20711.83300506159,5176145.020016393,605
15,Abs (200k),Phase 3 (Near Expiry),2.7451888589804644e-06,0.3572379445975021,4.659303471499596e-60,20258.7467379463,5695638.459119663,607
15,Abs (100k),Phase 1 (Early),2.5096128630078124e-06,0.0800816812673026,3.2389368986240228e-12,17153.358381656504,5932181.483849216,584
15,Abs (100k),Phase 2 (Middle),3.347832227678326e-06,0.18539572989779612,9.279364764545684e-28,20011.502710243018,5200317.228960585,584
15,Abs (100k),Phase 3 (Near Expiry),2.8892052096742107e-06,0.2506096793576531,2.2784951611455013e-38,19345.6293721108,5632083.377927546,584
15,MAD (3),Phase 1 (Early),3.164600264645144e-06,0.0782441136273461,3.650025057177499e-11,17076.224635989314,6055841.9499712465,540
15,MAD (3),Phase 2 (Middle),3.5543731300038103e-06,0.13620262834757585,7.229200007477234e-19,20459.344647636884,4347202.767682237,540
15,MAD (3),Phase 3 (Near Expiry),3.882068170397394e-06,0.2305829564599519,1.4876391270489977e-32,18485.20001445783,6386826.2176906215,541
15,Pctl (5%-95%),Phase 1 (Early),3.010874182923753e-06,0.07545749946420621,5.601139889711964e-11,17119.66142683858,6018206.163677837,550
15,Pctl (5%-95%),Phase 2 (Middle),3.76542765291741e-06,0.15894305855327168,2.1370152818611013e-22,20208.094932686246,5162130.849348666,550
15,Pctl (5%-95%),Phase 3 (Near Expiry),3.529286185925525e-06,0.2265451689663369,1.6870329391902509e-32,18824.60679843568,5578541.950868658,551
20,Raw,Phase 1 (Early),2.406232209216948e-06,0.09899428580726666,5.5469514010023045e-12,17242.790645210887,5845915.759937136,458
20,Raw,Phase 2 (Middle),2.7956894527723077e-06,0.3128243618679592,4.7201800088312816e-39,20725.26624799902,5157159.1992527405,458
20,Raw,Phase 3 (Near Expiry),9.881335430411e-07,0.19696068549748114,1.2736247918473784e-23,22533.976319214606,5703956.264013219,460
20,IQR (1.5x),Phase 1 (Early),3.2416048086260337e-06,0.08158635081341631,7.483209867539908e-09,16750.53865738882,6100200.669000386,395
20,IQR (1.5x),Phase 2 (Middle),3.955823751377945e-06,0.16508256631006377,3.9190114281404143e-17,20571.17040662849,3913339.595162469,395
20,IQR (1.5x),Phase 3 (Near Expiry),3.549959042006068e-06,0.2217523161410433,3.002123484848363e-23,18496.604689289645,6776646.261900956,396
20,Pctl (1%-99%),Phase 1 (Early),2.37624193664753e-06,0.09354924217487119,3.536226999105435e-11,17134.17699460818,5887799.700183129,449
20,Pctl (1%-99%),Phase 2 (Middle),2.560738713861614e-06,0.19895071326651775,2.461495939598381e-23,20426.410820931073,5168992.350197997,449
20,Pctl (1%-99%),Phase 3 (Near Expiry),2.8228951151149846e-06,0.34979822181577447,8.417057562548585e-44,20711.89555296259,5676096.997879535,450
20,Z-Score (3),Phase 1 (Early),2.3664523651439334e-06,0.09324074594349313,3.1288318924890154e-11,17242.712752647418,5869196.204833573,453
20,Z-Score (3),Phase 2 (Middle),2.138471705273654e-06,0.17940679453960157,3.795393332686869e-21,20740.42828130495,5162572.813177701,453
20,Z-Score (3),Phase 3 (Near Expiry),3.0246425387762677e-06,0.4202714333226045,1.3519925682992231e-55,20801.41105155099,5692080.631366539,455
20,Winsorized,Phase 1 (Early),2.406232209216948e-06,0.09899428580726666,5.5469514010023045e-12,17242.790645210887,5845915.759937136,458
20,Winsorized,Phase 2 (Middle),2.8508127667399305e-06,0.2343737668592996,2.754559858263565e-28,20725.26624799902,5157159.1992527405,458
20,Winsorized,Phase 3 (Near Expiry),2.9643087206004282e-06,0.41920651665602826,5.2448750088166125e-56,22533.976319214606,5703956.264013219,460
20,Abs (200k),Phase 1 (Early),2.373795571439574e-06,0.09355811150515098,3.1913910952391935e-11,17192.344059647898,5878425.752208006,451
20,Abs (200k),Phase 2 (Middle),2.456687418256256e-06,0.19949815361439896,1.685266373441548e-23,20444.19394209905,5166549.299172334,451
20,Abs (200k),Phase 3 (Near Expiry),2.7898726728713713e-06,0.3754773819903929,4.8067503742582457e-48,20836.904775243638,5689510.736255648,453
20,Abs (100k),Phase 1 (Early),2.9278788218772594e-06,0.09781037106287739,3.455269240841141e-11,17096.26587474632,5969312.895525894,429
20,Abs (100k),Phase 2 (Middle),3.100086274164806e-06,0.17948751006967031,4.0938598593854024e-20,19651.800262765893,5204809.494649727,429
20,Abs (100k),Phase 3 (Near Expiry),3.3666882922252953e-06,0.3202185856198412,1.1027270243303982e-37,19610.261533260666,5603545.223854643,429
20,MAD (3),Phase 1 (Early),3.2189363702905202e-06,0.08631581601323644,1.8235918571068789e-09,16985.708370719236,6073974.046123076,403
20,MAD (3),Phase 2 (Middle),3.820366714837904e-06,0.17362861514976052,2.338523082235672e-18,20234.43979474781,4412749.5737270145,403
20,MAD (3),Phase 3 (Near Expiry),3.6767699164370337e-06,0.257267094137786,8.48555648733307e-28,18469.582010541482,6265940.600504655,404
20,Pctl (5%-95%),Phase 1 (Early),3.134905180346179e-06,0.09423269024725722,1.9363855064942756e-10,17172.331851635376,6049698.2598389285,412
20,Pctl (5%-95%),Phase 2 (Middle),3.3912344172019048e-06,0.16104102171286386,2.2559797532020653e-17,19833.094578856755,5017280.881862837,412
20,Pctl (5%-95%),Phase 3 (Near Expiry),3.368277874891375e-06,0.26082372656155967,7.002000856059373e-29,18816.13780164395,5663398.536010324,414
30,Raw,Phase 1 (Early),2.442651560252729e-06,0.10157239820884685,1.1869373191900444e-08,17256.004186581682,5858694.419747434,306
30,Raw,Phase 2 (Middle),2.7568305880158167e-06,0.3199198226252969,2.843128657473809e-27,20735.13599987972,5165010.539830568,306
30,Raw,Phase 3 (Near Expiry),8.347613654577821e-07,0.13752360146575549,1.780021394291116e-11,22034.028522357814,5696868.798180374,308
30,IQR (1.5x),Phase 1 (Early),2.883835028042907e-06,0.08032797882095039,3.0038047701439855e-06,16535.80622809221,6145475.11679141,263
30,IQR (1.5x),Phase 2 (Middle),3.4221496079245977e-06,0.13073347770578836,1.5279413605105361e-09,20975.723845730303,3654143.2890031934,263
30,IQR (1.5x),Phase 3 (Near Expiry),3.765247652587957e-06,0.22345716102139215,3.699847800124929e-16,16608.92612227629,7018459.579686448,265
30,Pctl (1%-99%),Phase 1 (Early),2.482248858481769e-06,0.1011337554014585,1.7805344406611023e-08,17090.054563609257,5900490.533070749,300
30,Pctl (1%-99%),Phase 2 (Middle),2.7528127967950924e-06,0.21110569018724193,4.495420544275468e-17,20738.650716931417,5173159.827399458,300
30,Pctl (1%-99%),Phase 3 (Near Expiry),2.4079231757676636e-06,0.2805106622702787,4.3001681139453526e-23,18912.086095411723,5676454.414766953,300
30,Z-Score (3),Phase 1 (Early),2.470394315004585e-06,0.10054245846611275,1.7656699296808706e-08,17121.03083674888,5886355.328129884,302
30,Z-Score (3),Phase 2 (Middle),2.843934790746748e-06,0.24937826847934935,1.8772922901901005e-20,20771.528649300286,5168214.104525299,302
30,Z-Score (3),Phase 3 (Near Expiry),2.554120711599138e-06,0.34688889153150465,1.3750421849807792e-29,18831.46387109516,5678568.418318112,302
30,Winsorized,Phase 1 (Early),2.442651560252729e-06,0.10157239820884685,1.1869373191900444e-08,17256.004186581682,5858694.419747434,306
30,Winsorized,Phase 2 (Middle),3.0422483276138604e-06,0.2896021874643999,2.2598309719988256e-24,20735.13599987972,5165010.539830568,306
30,Winsorized,Phase 3 (Near Expiry),2.4141882876419575e-06,0.3393556302239504,2.2169591323700883e-29,22034.028522357814,5696868.798180374,308
30,Abs (200k),Phase 1 (Early),2.4865838766476164e-06,0.10151037518954399,1.8644138348991195e-08,17150.437099050294,5915184.561119309,298
30,Abs (200k),Phase 2 (Middle),3.0653116921371242e-06,0.2260508943845951,3.2614070353616984e-18,20421.788598459483,5174198.365314737,298
30,Abs (200k),Phase 3 (Near Expiry),2.653195209962583e-06,0.3025425006022326,4.829498123425589e-25,18617.42807507813,5649673.984359504,299
30,Abs (100k),Phase 1 (Early),2.8604896287459722e-06,0.09436985178175941,1.6472120297745614e-07,17277.85863736703,6035705.730452253,279
30,Abs (100k),Phase 2 (Middle),3.849264943085768e-06,0.19976261413245094,4.167083288323901e-15,19640.971585347426,5104491.815351653,279
30,Abs (100k),Phase 3 (Near Expiry),3.1749110339220944e-06,0.2462709961547377,9.424744583884985e-19,17645.55092384737,5558411.422657772,279
30,MAD (3),Phase 1 (Early),2.7344881432118685e-06,0.07624420814170578,4.105249686642699e-06,16975.225711487317,6081779.698591474,270
30,MAD (3),Phase 2 (Middle),3.456214991836662e-06,0.15001745420885834,4.2820892309657316e-11,20244.711674739177,4220309.671906479,270
30,MAD (3),Phase 3 (Near Expiry),3.5251503814179456e-06,0.23781682309826999,1.5498467723352294e-17,17448.548194791223,6463468.327792741,270
30,Pctl (5%-95%),Phase 1 (Early),2.8643200415612157e-06,0.08712802661175671,5.937155093443681e-07,17205.83071814628,6039910.856729507,276
30,Pctl (5%-95%),Phase 2 (Middle),3.5182237110599663e-06,0.17019548381653754,9.109962068268404e-13,19723.556964813873,5124535.342182925,276
30,Pctl (5%-95%),Phase 3 (Near Expiry),3.0939282609630275e-06,0.22822611229895487,3.8411257009516315e-17,17981.398559227982,5576051.442497528,276
45,Raw,Phase 1 (Early),2.955823246099617e-06,0.14836828571181956,1.177964498459117e-08,16910.82540458539,5866483.197629923,205
45,Raw,Phase 2 (Middle),2.7136766577221107e-06,0.3719983092036242,2.8307586210944065e-22,20811.560431844067,5148245.391987805,205
45,Raw,Phase 3 (Near Expiry),8.055109240404953e-07,0.16362244899743747,1.796161378081627e-09,21920.648423661347,5696789.833164987,205
45,IQR (1.5x),Phase 1 (Early),3.2442344286219993e-06,0.1170556743359707,2.949274086367068e-06,16181.740177743919,6145638.070349747,178
45,IQR (1.5x),Phase 2 (Middle),2.914417232431314e-06,0.17335520165992305,7.451007936195128e-09,20771.921818052855,3651999.426943767,178
45,IQR (1.5x),Phase 3 (Near Expiry),3.821463113931498e-06,0.24109826109234328,3.4389638792948505e-12,16492.635731049788,7070083.810707949,178
45,Pctl (1%-99%),Phase 1 (Early),2.987546675840183e-06,0.14869355794479097,1.7130260222636564e-08,16805.376209158017,5919247.413399574,200
45,Pctl (1%-99%),Phase 2 (Middle),2.8658382973348208e-06,0.26084741163641223,1.105581251510032e-14,20675.45890942307,5163797.516541081,200
45,Pctl (1%-99%),Phase 3 (Near Expiry),2.6348335399671905e-06,0.41424039647919947,6.736275258994138e-25,18917.158180541788,5677731.18961816,201
45,Z-Score (3),Phase 1 (Early),2.980149871321068e-06,0.1481497322707452,1.5497615628099194e-08,16757.443462598236,5897561.98152468,202
45,Z-Score (3),Phase 2 (Middle),2.4722169928957183e-06,0.27287044186885984,1.5435850302039034e-15,20950.273751077122,5154006.802603425,202
45,Z-Score (3),Phase 3 (Near Expiry),2.685061415865452e-06,0.4428149054510767,2.494523464164005e-27,19384.60274450138,5678610.779292396,203
45,Winsorized,Phase 1 (Early),2.955823246099617e-06,0.14836828571181956,1.177964498459117e-08,16910.82540458539,5866483.197629923,205
45,Winsorized,Phase 2 (Middle),2.9444476847009544e-06,0.3378329813192619,6.418795376205505e-20,20811.560431844067,5148245.391987805,205
45,Winsorized,Phase 3 (Near Expiry),2.5897738840877563e-06,0.4310238320953823,1.1740913390921918e-26,21920.648423661347,5696789.833164987,205
45,Abs (200k),Phase 1 (Early),2.9663942677914927e-06,0.14673126962247554,3.258427557757013e-08,16895.523874430524,5976222.85889384,195
45,Abs (200k),Phase 2 (Middle),3.946757001869174e-06,0.3229069335242948,4.540205614057395e-18,19886.427187952944,5174096.813405204,195
45,Abs (200k),Phase 3 (Near Expiry),2.987928157022855e-06,0.37688629904624643,1.3887692967019715e-21,18264.672099225405,5619284.084836431,195
45,Abs (100k),Phase 1 (Early),3.3800444059766767e-06,0.12034619017902498,2.395913519014279e-06,15950.971964567474,6158045.700537327,176
45,Abs (100k),Phase 2 (Middle),3.1765988096159205e-06,0.2343854909536828,9.936625550670117e-12,20955.909078623212,3653512.8290876043,176
45,Abs (100k),Phase 3 (Near Expiry),3.6389863569643397e-06,0.1875902202838101,1.7316921218938337e-09,16489.676873962795,7063809.997079017,177
45,MAD (3),Phase 1 (Early),3.204981840399562e-06,0.11655524024248652,2.55912739226204e-06,16439.52180898956,6104907.951001359,181
45,MAD (3),Phase 2 (Middle),2.6857761783505153e-06,0.15635859830773732,3.6046951397240293e-08,20483.188668050545,3652124.2354195607,181
45,MAD (3),Phase 3 (Near Expiry),3.9190586832222695e-06,0.30307799821046005,9.857329357278133e-16,16716.398446476705,7082480.172799708,181
45,Pctl (5%-95%),Phase 1 (Early),3.193118050050688e-06,0.11606640724954118,2.221845984864727e-06,16768.21367628692,6065414.402496037,184
45,Pctl (5%-95%),Phase 2 (Middle),3.9972124407078145e-06,0.28087966220911337,1.0236288407029079e-14,19883.176752149207,3923590.497259245,184
45,Pctl (5%-95%),Phase 3 (Near Expiry),3.2389646291220678e-06,0.24952911784823884,4.547895705888815e-13,17860.59919628277,6795714.866854913,185
60,Raw,Phase 1 (Early),2.402028599838851e-06,0.10603071824919526,4.004535724970508e-05,17142.81244980219,5857599.686824797,153
60,Raw,Phase 2 (Middle),3.1006656126327196e-06,0.4462219038957773,4.030445613738998e-21,20852.156307491467,5151996.146088442,153
60,Raw,Phase 3 (Near Expiry),6.664419023141127e-07,0.09440703532390246,0.00010615029906180277,22029.914161290595,5695144.857062017,154
60,IQR (1.5x),Phase 1 (Early),2.5162273789168104e-06,0.0882078937823401,0.0004687808653407068,16442.057908216382,6123059.719559287,135
60,IQR (1.5x),Phase 2 (Middle),3.693702874759194e-06,0.34934503473011713,4.462667314703455e-14,21205.443808914803,3645558.504968719,135
60,IQR (1.5x),Phase 3 (Near Expiry),2.913255318167093e-06,0.21502059023663891,1.1528278532622867e-08,16151.194456721561,6917184.66798032,137
60,Pctl (1%-99%),Phase 1 (Early),2.459758304941207e-06,0.10437067569239346,5.5237040979370504e-05,16967.417772297307,5899353.628680074,150
60,Pctl (1%-99%),Phase 2 (Middle),3.2057572409355002e-06,0.39171172527203246,1.0947233396076398e-17,20698.903350502726,5167098.922064781,150
60,Pctl (1%-99%),Phase 3 (Near Expiry),2.2604214145269815e-06,0.3309761468827442,1.3588950819712594e-14,19531.587635766333,5657947.441915689,150
60,Z-Score (3),Phase 1 (Early),2.43635346707988e-06,0.10315121271660878,5.7980877079219525e-05,17004.749622345866,5885236.505484252,151
60,Z-Score (3),Phase 2 (Middle),2.742125110938413e-06,0.3638930528730193,2.467373615853178e-16,21046.402960492433,5154354.395071913,151
60,Z-Score (3),Phase 3 (Near Expiry),2.028105093417289e-06,0.3195587670139625,2.6871969921995072e-14,20467.450481580803,5663538.888038308,153
60,Winsorized,Phase 1 (Early),2.402028599838851e-06,0.10603071824919526,4.004535724970508e-05,17142.81244980219,5857599.686824797,153
60,Winsorized,Phase 2 (Middle),3.2071862932404258e-06,0.4318287277075947,2.8418621353664376e-20,20852.156307491467,5151996.146088442,153
60,Winsorized,Phase 3 (Near Expiry),1.880516640480883e-06,0.26469932131040946,8.765004785571894e-12,22029.914161290595,5695144.857062017,154
60,Abs (200k),Phase 1 (Early),2.4313038591444505e-06,0.10206658926875094,0.000100530312798856,17202.93495223653,6007346.1178583475,143
60,Abs (200k),Phase 2 (Middle),4.006987252996377e-06,0.38757564311929343,1.0349165721976375e-16,19821.660131751854,5177762.844483953,143
60,Abs (200k),Phase 3 (Near Expiry),2.661736058837607e-06,0.28065958951573733,8.627212405074333e-12,16995.644785926437,5550772.070523075,144
60,Abs (100k),Phase 1 (Early),2.8855573545454236e-06,0.07627178831496423,0.0019040211122836514,15275.002922550944,6270016.599809972,124
60,Abs (100k),Phase 2 (Middle),2.6685200206018954e-06,0.2488577801412479,3.7063267361761346e-09,21783.82332013147,3655219.0983269224,124
60,Abs (100k),Phase 3 (Near Expiry),3.6628867187484226e-06,0.22186957925179213,2.9603078429273405e-08,14975.461298710945,7024203.731957304,125
60,MAD (3),Phase 1 (Early),2.5341177798255973e-06,0.09974783859978185,0.00016100353751515462,16716.81192268246,6070058.128268084,138
60,MAD (3),Phase 2 (Middle),3.7329183917487697e-06,0.32451610066156333,3.063730121394331e-13,20600.228032130864,3649759.8527000817,138
60,MAD (3),Phase 3 (Near Expiry),3.2238418938981037e-06,0.29685940196101834,4.09060476024637e-12,16199.727092735544,6915334.121234319,139
60,Pctl (5%-95%),Phase 1 (Early),2.5341177798255973e-06,0.09974783859978185,0.00016100353751515462,16716.81192268246,6070058.128268084,138
60,Pctl (5%-95%),Phase 2 (Middle),3.2505578782004336e-06,0.28828787546196105,1.1316235119190919e-11,20599.920077242532,4016732.376402456,138
60,Pctl (5%-95%),Phase 3 (Near Expiry),3.2156338161833373e-06,0.29639201281665845,5.125690814967604e-12,16292.052093407538,6572572.64782421,138
90,Raw,Phase 1 (Early),2.926966093880021e-06,0.14712911463881148,6.349197264807183e-05,16652.454058279447,5881142.249714404,103
90,Raw,Phase 2 (Middle),2.8270836432709574e-06,0.44342668003137137,1.655886989082788e-14,20968.65384292456,5126817.7546099685,103
90,Raw,Phase 3 (Near Expiry),6.752499927514446e-07,0.1588981365089822,3.0406579357992225e-05,21987.765640019268,5690986.257191077,103
90,IQR (1.5x),Phase 1 (Early),3.154922228941768e-06,0.1509423163740178,0.0001543150188924937,15701.798442957439,6196139.694064438,90
90,IQR (1.5x),Phase 2 (Middle),3.8886986572474796e-06,0.41716952818107006,6.246889858426513e-12,21386.26300576579,3649634.198663625,90
90,IQR (1.5x),Phase 3 (Near Expiry),3.342355984275811e-06,0.2944915209811445,2.296200632033023e-08,16846.77958169254,6718250.31900436,92
90,Pctl (1%-99%),Phase 1 (Early),2.9552182628430325e-06,0.14779853120955946,7.847544353554644e-05,16595.352083456448,5945264.242882696,100
90,Pctl (1%-99%),Phase 2 (Middle),3.24907773441583e-06,0.42012262721281207,3.0988360731573033e-13,20405.374705122482,5146125.482150321,100
90,Pctl (1%-99%),Phase 3 (Near Expiry),2.059203659989903e-06,0.3586463011957855,3.7122914190350026e-11,19619.135308520952,5657029.307463149,101
90,Z-Score (3),Phase 1 (Early),2.9471825681766405e-06,0.14768504268006893,6.673356955840103e-05,16546.188911197813,5901758.121125152,102
90,Z-Score (3),Phase 2 (Middle),2.86987116840578e-06,0.4469970183043385,1.6104820974083106e-14,21045.98283391917,5123832.547085529,102
90,Z-Score (3),Phase 3 (Near Expiry),2.166831780436724e-06,0.3827344642902963,3.307771848108067e-12,20267.170572090552,5675610.26195146,103
90,Winsorized,Phase 1 (Early),2.926966093880021e-06,0.14712911463881148,6.349197264807183e-05,16652.454058279447,5881142.249714404,103
90,Winsorized,Phase 2 (Middle),2.876568024904076e-06,0.44769336019932204,1.1175318717574011e-14,20968.65384292456,5126817.7546099685,103
90,Winsorized,Phase 3 (Near Expiry),2.005901574414927e-06,0.3458468995986358,6.507694799198e-11,21987.765640019268,5690986.257191077,103
90,Abs (200k),Phase 1 (Early),3.3481669828623298e-06,0.1594737915303959,8.808367285270352e-05,15815.268947877947,6136012.636605082,91
90,Abs (200k),Phase 2 (Middle),4.044958153517809e-06,0.41043522285466183,7.969780231717257e-12,21044.78923406529,3649406.8849706566,91
90,Abs (200k),Phase 3 (Near Expiry),3.5267272127663557e-06,0.3744529971900007,7.192330085199825e-11,16651.98877373843,6989594.445345157,93
90,Abs (100k),Phase 1 (Early),3.7161085272588876e-06,0.09031908933818224,0.009276373100437708,14665.838793493152,6465020.973481789,74
90,Abs (100k),Phase 2 (Middle),3.050035009087448e-06,0.47766093837461904,9.381960400854749e-12,21835.402737174336,3644535.4540495323,74
90,Abs (100k),Phase 3 (Near Expiry),5.1502572915729405e-06,0.29787105316984525,4.930156494987495e-07,14283.198730577844,6753709.663592649,74
90,MAD (3),Phase 1 (Early),2.9653863838325147e-06,0.1464679157733057,0.00015307974943940103,16198.429106891468,6115546.5026513245,93
90,MAD (3),Phase 2 (Middle),3.9555105237985715e-06,0.395268156772876,1.5031812196777868e-11,20772.762231578643,3647368.3082383424,93
90,MAD (3),Phase 3 (Near Expiry),2.9889464450045123e-06,0.326503627783485,2.2099223430395457e-09,16899.57349104906,7039705.406252383,93
90,Pctl (5%-95%),Phase 1 (Early),2.973256183796905e-06,0.14650580039738717,0.0001661670184702992,16046.356429785495,6141959.985906697,92
90,Pctl (5%-95%),Phase 2 (Middle),3.7808179635956335e-06,0.38649998078997,3.753986532568667e-11,21176.321125311028,3645011.372835183,92
90,Pctl (5%-95%),Phase 3 (Near Expiry),3.530043560920434e-06,0.36943338234512846,1.0412999512054999e-10,16759.41981535499,6993101.037173619,93
