mid_price_method,time_window,outlier_method,r_squared,beta,p_value,n_windows,std_err
last_trade,1,Raw,0.00041869226732514105,-1.7404588034674163e-07,0.0016749778486872227,23584,5.5377713934753194e-08
last_trade,1,IQR (1.5x),2.7559801083619465e-05,1.7964899067968368e-06,0.4858239089599985,17628,2.5775308662038794e-06
last_trade,1,Pctl (1%-99%),1.9634471115372732e-05,-1.3953799261755596e-07,0.5005607888648627,23112,2.071469918430211e-07
last_trade,1,Z-Score (3),6.549025019718686e-05,-2.1021415532490282e-07,0.21585697719334782,23390,1.6984895068256904e-07
last_trade,1,Winsorized,0.0006536959470594943,-6.179251236753695e-07,8.606467601457236e-05,23584,1.5733148607200692e-07
last_trade,1,Abs (200k),0.0017121374304900972,-5.19722423892815e-07,2.081298619695868e-10,23572,8.174293902862352e-08
last_trade,1,Abs (100k),0.0013785424288864435,-5.989424440375049e-07,1.2045744321359794e-08,23547,1.0505727242707959e-07
last_trade,1,MAD (3),0.00018975939123113149,8.324524264414374e-06,0.08141912382075724,16002,4.777014762050544e-06
last_trade,1,Pctl (5%-95%),1.9542812990957545e-05,-3.3344333325067667e-07,0.5195775190596066,21224,5.177631070940503e-07
last_trade,5,Raw,3.824021233047565e-05,-3.398967086766296e-08,0.6394918103483634,5740,7.256016068514253e-08
last_trade,5,IQR (1.5x),1.3312951314286276e-06,5.393628896321916e-08,0.9361899278105362,4817,6.736672815618857e-07
last_trade,5,Pctl (1%-99%),0.0007313553799265291,-3.649635955139876e-07,0.042559380993564905,5624,1.79920655932057e-07
last_trade,5,Z-Score (3),0.0017014481193061122,-5.358556722947944e-07,0.0018748499798050553,5680,1.7225466933039464e-07
last_trade,5,Winsorized,0.001813959030241353,-4.80999072338537e-07,0.0012485778683025686,5740,1.4895530530168166e-07
last_trade,5,Abs (200k),0.006083017821728361,-7.422080585329418e-07,3.4309675276974925e-09,5726,1.2539821773132914e-07
last_trade,5,Abs (100k),0.0019715376849930126,-5.31518664690957e-07,0.0008030993039101838,5695,1.584954684695522e-07
last_trade,5,MAD (3),3.492503744194344e-05,-4.559286335140075e-07,0.7007593758656778,4231,1.1863204068663422e-06
last_trade,5,Pctl (5%-95%),0.00013165645429286048,-3.03859921756056e-07,0.4096373957993571,5166,3.6849418322849187e-07
last_trade,10,Raw,1.04754473727667e-05,1.3904222824180043e-08,0.8617631054157411,2897,7.984245286354578e-08
last_trade,10,IQR (1.5x),0.0005499669664141019,5.715990809379308e-07,0.23898467478686716,2523,4.853078766525591e-07
last_trade,10,Pctl (1%-99%),0.0007335114256157311,-2.518915752706692e-07,0.14910642811996022,2839,1.745505391241565e-07
last_trade,10,Z-Score (3),0.0017398300668331663,-3.8047202986413006e-07,0.025548153636895218,2866,1.702960930154486e-07
last_trade,10,Winsorized,0.008883209690428594,-7.828750384703878e-07,3.7336232108075464e-07,2897,1.5369000397740204e-07
last_trade,10,Abs (200k),0.015723159835894476,-1.0220126372200491e-06,1.4250515224027454e-11,2882,1.5067761610362752e-07
last_trade,10,Abs (100k),0.0028035547060527165,-5.582955277002326e-07,0.004743610004029256,2843,1.9754424198988517e-07
last_trade,10,MAD (3),3.909381130086044e-06,-6.293248863206539e-08,0.9236646627643457,2351,6.567174291772459e-07
last_trade,10,Pctl (5%-95%),0.001493767044092746,-6.474806595601401e-07,0.04847546870741032,2607,3.279871959074373e-07
last_trade,15,Raw,0.0001240278540095351,-4.1664660349151455e-08,0.6245134822919971,1934,8.510944061160232e-08
last_trade,15,IQR (1.5x),0.0011324540621840825,-6.043348663131824e-07,0.16423848904954055,1710,4.3428754290838025e-07
last_trade,15,Pctl (1%-99%),0.005658381975860067,-6.423394588380458e-07,0.0010522881797724478,1894,1.9576079190435705e-07
last_trade,15,Z-Score (3),0.0055676912048061,-6.201708122183067e-07,0.0010874703019387543,1914,1.895472209931876e-07
last_trade,15,Winsorized,0.014679414511113941,-9.034868794580182e-07,9.067713553605732e-08,1934,1.6840411527657296e-07
last_trade,15,Abs (200k),0.0055676912048061,-6.201708122183067e-07,0.0010874703019387543,1914,1.895472209931876e-07
last_trade,15,Abs (100k),0.0010132106505180134,-3.278011377231393e-07,0.16782626944355478,1879,2.3757914752895227e-07
last_trade,15,MAD (3),0.00020441504909946443,-3.282294075271746e-07,0.568282760859913,1595,5.751336464972278e-07
last_trade,15,Pctl (5%-95%),0.0012292068954200162,-4.6104168971561916e-07,0.14377712327593756,1740,3.1523594706690827e-07
last_trade,20,Raw,0.003600600412818631,2.046373017731316e-07,0.022265949889251804,1451,8.942930861434677e-08
last_trade,20,IQR (1.5x),8.116673480221558e-06,-4.2886326866800574e-08,0.9190509409457486,1275,4.2190420051709787e-07
last_trade,20,Pctl (1%-99%),0.013782498693044785,-8.882569471628173e-07,9.124551369882673e-06,1421,1.9946641754678113e-07
last_trade,20,Z-Score (3),0.02013397419854737,-1.0464578310712586e-06,6.606131867996312e-08,1437,1.9271449349697665e-07
last_trade,20,Winsorized,0.012436477827623513,-7.550582930379418e-07,2.06628650012507e-05,1451,1.7675841932176485e-07
last_trade,20,Abs (200k),0.013073294191239834,-9.000762924935342e-07,1.4429322955293818e-05,1432,2.068050965320514e-07
last_trade,20,Abs (100k),0.0012294538975645036,-3.422917224549342e-07,0.1915459504063182,1389,2.6195995400166076e-07
last_trade,20,MAD (3),0.0019926074407625822,7.995126088236386e-07,0.1200665492692967,1214,5.139608191117412e-07
last_trade,20,Pctl (5%-95%),0.00013580308839277575,-1.228581899466733e-07,0.6740548443863855,1305,2.9204353064296864e-07
last_trade,30,Raw,0.009223322222163136,2.6869731807996994e-07,0.0027942409447762185,967,8.964867433836303e-08
last_trade,30,IQR (1.5x),0.00015225438940753947,1.562513603716851e-07,0.7187905277471319,854,4.337964909724835e-07
last_trade,30,Pctl (1%-99%),0.0403195697482347,-1.3257704884953023e-06,4.5277731886961485e-10,947,2.104058536429175e-07
last_trade,30,Z-Score (3),0.04068958347117829,-1.2817191598305875e-06,3.0371914069811987e-10,957,2.0138594102225497e-07
last_trade,30,Winsorized,0.008425569921245556,-5.271740741271722e-07,0.004280324737134956,967,1.840998367005091e-07
last_trade,30,Abs (200k),0.001153515225520994,-2.442582239478975e-07,0.29669953268585014,946,2.3393807123395831e-07
last_trade,30,Abs (100k),0.0017164289877454775,-4.280908714439064e-07,0.21562840803454286,895,3.454810885862933e-07
last_trade,30,MAD (3),0.00014631840253301158,1.7354877969245844e-07,0.7289661098671212,823,5.006897898316372e-07
last_trade,30,Pctl (5%-95%),2.9155612550116043e-05,-5.204840851188436e-08,0.8737117162621184,869,3.2736367659259535e-07
last_trade,45,Raw,0.009485650327332359,2.6558914885131837e-07,0.013266981806369735,646,1.0694592070796406e-07
last_trade,45,IQR (1.5x),0.004562971769585738,7.658271763429185e-07,0.10810591052582179,567,4.7587134559846546e-07
last_trade,45,Pctl (1%-99%),0.029977898176783643,-1.0123378379428827e-06,1.2022041598515659e-05,632,2.2942747198932868e-07
last_trade,45,Z-Score (3),0.04288147517387656,-1.1519847471029196e-06,1.2230402050482743e-07,641,2.1530013500655518e-07
last_trade,45,Winsorized,0.018025878976545055,-7.302939880617519e-07,0.0006231593582988075,646,2.1240101489564596e-07
last_trade,45,Abs (200k),0.001832257972785817,-3.0531980576217826e-07,0.2872517341398902,620,2.866613851803295e-07
last_trade,45,Abs (100k),0.005560853978156664,8.253356831849504e-07,0.0752511327151191,570,4.631000359164594e-07
last_trade,45,MAD (3),0.006027672699111536,9.39683971242241e-07,0.06710460524736359,557,5.122095164024832e-07
last_trade,45,Pctl (5%-95%),0.0003376857463966753,-1.4780049330594796e-07,0.6587492087856972,580,3.3448932311446534e-07
last_trade,60,Raw,0.019721748833392796,3.469947907198417e-07,0.00195540612718407,484,1.114298145516103e-07
last_trade,60,IQR (1.5x),0.005104820847934726,7.189985508773023e-07,0.14190349483137468,424,4.886188308330257e-07
last_trade,60,Pctl (1%-99%),0.025988152245941292,-8.076161347419083e-07,0.00042578843011600756,474,2.2757701992367367e-07
last_trade,60,Z-Score (3),0.020654801184277927,-7.331019869972823e-07,0.0016311712964307884,478,2.3137600068258266e-07
last_trade,60,Winsorized,0.0017105703033266145,-1.7824047364025151e-07,0.3639127232166315,484,1.961284430342008e-07
last_trade,60,Abs (200k),3.923774322932352e-06,1.4712541876056138e-08,0.9665384163030672,451,3.5051909281281444e-07
last_trade,60,Abs (100k),0.0036846606623718676,6.508706012909443e-07,0.21720663260561404,415,5.26646605522582e-07
last_trade,60,MAD (3),0.009535758337792776,1.0449489778129037e-06,0.04627530599675153,417,5.22772603081436e-07
last_trade,60,Pctl (5%-95%),0.004313403075949981,-4.812466878106243e-07,0.17201881259981716,434,3.51784895854164e-07
last_trade,90,Raw,0.015215197450847984,2.986908797530862e-07,0.026640413156738655,323,1.341224007029198e-07
last_trade,90,IQR (1.5x),1.852989673885066e-09,-3.257530767447431e-10,0.999425793932417,282,4.5224420511142346e-07
last_trade,90,Pctl (1%-99%),0.040803226040971356,-8.37944969505133e-07,0.0003084224248912834,315,2.2964126650777788e-07
last_trade,90,Z-Score (3),0.03734473682051051,-8.722024962316942e-07,0.0005297329457566584,318,2.4911190174501963e-07
last_trade,90,Winsorized,0.00013271585992127418,-4.005993330236804e-08,0.8365970608975757,323,1.9407405144685082e-07
last_trade,90,Abs (200k),8.469767764969923e-05,-6.538985493396398e-08,0.8770678826828014,285,4.2234077474340123e-07
last_trade,90,Abs (100k),0.03207687321986658,1.8354044001780473e-06,0.00426590735863534,253,6.363841102750874e-07
last_trade,90,MAD (3),0.002277035234688645,3.6638099187853296e-07,0.42640357658022854,280,4.599712049834501e-07
last_trade,90,Pctl (5%-95%),0.02610186582270703,-1.0090353803154643e-06,0.005909955535104964,289,3.638198885658923e-07
last_trade,120,Raw,0.021312873351071144,3.1650121436733846e-07,0.023117631896001477,242,1.3844290242501033e-07
last_trade,120,IQR (1.5x),0.002834647539134324,-3.4402938262040057e-07,0.43307056290362733,219,4.380258348641627e-07
last_trade,120,Pctl (1%-99%),0.02826536441253834,-5.864172375058688e-07,0.009667916073214036,236,2.2477362302174763e-07
last_trade,120,Z-Score (3),0.0001641192592575242,5.209516400016462e-08,0.8444640533157163,237,2.6524552366207434e-07
last_trade,120,Winsorized,0.004144896046917688,1.7488259592760098e-07,0.3185796934500694,242,1.749775074242346e-07
last_trade,120,Abs (200k),0.0027012541439509325,4.116575194147834e-07,0.4614661105491653,203,5.579148708512906e-07
last_trade,120,Abs (100k),0.005520057717918746,8.109647534287639e-07,0.3355976978960522,170,8.397954996262612e-07
last_trade,120,MAD (3),0.0008523081423704226,-2.2731829757974256e-07,0.6740250262705038,210,5.396587877009006e-07
last_trade,120,Pctl (5%-95%),0.019687925748834746,-7.572822446011786e-07,0.03935843505611724,216,3.6528604583215726e-07
last_trade,180,Raw,0.015088406205711606,2.561818047833308e-07,0.11826369019294469,163,1.6312190475428495e-07
last_trade,180,IQR (1.5x),0.00928553091428884,-4.338259401809081e-07,0.24891527716545855,145,3.747299289147898e-07
last_trade,180,Pctl (1%-99%),0.0006576080166668345,-7.291484715417579e-08,0.7483177722915639,159,2.2685050445664475e-07
last_trade,180,Z-Score (3),0.012493024076023002,-3.612796716351829e-07,0.1607144839863441,159,2.563480374811922e-07
last_trade,180,Winsorized,0.005024987361775926,1.6985248692887753e-07,0.36854970019877775,163,1.8836385596959484e-07
last_trade,180,Abs (200k),0.0014664883646347804,2.7107909932040687e-07,0.6715638659557109,125,6.378014318155771e-07
last_trade,180,Abs (100k),0.00022710995337669315,1.3499621739277176e-07,0.8816992842932883,100,9.047761747090167e-07
last_trade,180,MAD (3),0.0007037307832805164,1.3770974629408337e-07,0.7583025875820996,137,4.466235842561917e-07
last_trade,180,Pctl (5%-95%),0.005600846460476962,-3.251750465782664e-07,0.37098267359793013,145,3.6232869662108164e-07
last_trade,240,Raw,0.04848895021705684,4.214029445052967e-07,0.014802862572783041,122,1.7040897727165154e-07
last_trade,240,IQR (1.5x),0.06162109291180596,-1.4322304537789307e-06,0.00861475426966124,111,5.353330732390514e-07
last_trade,240,Pctl (1%-99%),0.02906864265722705,-5.351549874516673e-07,0.06491009770167552,118,2.8716563693245023e-07
last_trade,240,Z-Score (3),0.03133717776699258,-5.502913516257901e-07,0.05308877077313881,120,2.816488997570846e-07
last_trade,240,Winsorized,0.0010798046124049525,8.940597107760978e-08,0.7193591648179138,122,2.482382547078827e-07
last_trade,240,Abs (200k),0.03562783838818759,1.242735584364746e-06,0.08362280260917458,85,7.096877087358963e-07
last_trade,240,Abs (100k),0.050177577824672116,2.1475389586502514e-06,0.08533021445466907,60,1.2268555067259382e-06
last_trade,240,MAD (3),0.010688820847726183,-6.418445367250555e-07,0.28927082945196925,107,6.026105888369225e-07
last_trade,240,Pctl (5%-95%),0.003286297820447643,-2.671384963888297e-07,0.5556570745658296,108,4.5187186282763967e-07
last_trade,360,Raw,0.009242764452405695,1.7132447846520333e-07,0.39022691351674277,82,1.9831570519218736e-07
last_trade,360,IQR (1.5x),0.10432158380983249,-1.354562000348819e-06,0.005318117230378116,73,4.7104096956241557e-07
last_trade,360,Pctl (1%-99%),0.0011548020609428063,-6.783320833510608e-08,0.7647490060319815,80,2.2588655138511722e-07
last_trade,360,Z-Score (3),0.03273762060014431,-4.4689972035915907e-07,0.11054306487490408,79,2.768301021750835e-07
last_trade,360,Winsorized,0.006386271083877177,1.4798410010584355e-07,0.47542104250209494,82,2.0637409388381724e-07
last_trade,360,Abs (200k),0.016486934044754903,7.785270538351925e-07,0.37418717492458053,50,8.679070314803024e-07
last_trade,360,Abs (100k),0.050132681935890225,-2.498068797250523e-06,0.29290563678325815,24,2.3182702267512717e-06
last_trade,360,MAD (3),5.11729176519448e-05,-2.991937359445493e-08,0.9541844161617101,67,5.187577721022551e-07
last_trade,360,Pctl (5%-95%),0.004069762441860175,1.8202246396915585e-07,0.5944594645958754,72,3.4033443900039836e-07
vwap,1,Raw,0.0012261328042733847,-3.2974578578838e-07,7.501975910812422e-08,23583,6.128623951336056e-08
vwap,1,IQR (1.5x),0.002419919534414168,2.1019304529309945e-05,6.376141538498095e-11,17627,3.214601930159693e-06
vwap,1,Pctl (1%-99%),3.4181160254432456e-05,2.0418523834564965e-07,0.37413373943770234,23111,2.297380563058849e-07
vwap,1,Z-Score (3),3.9349726112561667e-07,1.7998837655546567e-08,0.9235763309546963,23389,1.876230793701703e-07
vwap,1,Winsorized,0.0005627681445196826,-6.347562002272864e-07,0.00026909951816894495,23583,1.7419627004652668e-07
vwap,1,Abs (200k),0.0031776298761155013,-7.850405183081543e-07,4.6804843382039994e-18,23571,9.056882368733758e-08
vwap,1,Abs (100k),0.002231643350227612,-8.423961612366241e-07,4.090123133082593e-13,23546,1.1608569967132481e-07
vwap,1,MAD (3),0.007010598079756511,5.6958648017769096e-05,2.692401729478413e-26,16002,5.359131982595141e-06
vwap,1,Pctl (5%-95%),0.00017125358295744722,1.1311339223761609e-06,0.05659707373157265,21223,5.932996341900417e-07
vwap,5,Raw,0.00021913636408844368,-8.403085655947081e-08,0.2621791939332881,5739,7.493617987767135e-08
vwap,5,IQR (1.5x),2.732519878561525e-05,2.0357323187913302e-07,0.7168492359448673,4816,5.612805976475395e-07
vwap,5,Pctl (1%-99%),5.2696785936805916e-05,-9.993486728982377e-08,0.5862808091624852,5623,1.8361440104763985e-07
vwap,5,Z-Score (3),0.0007599846089000737,-3.639849625420481e-07,0.03776239116714138,5679,1.7516869918069367e-07
vwap,5,Winsorized,0.002661046942715752,-6.016631020071864e-07,9.242604654017223e-05,5739,1.5378220240556288e-07
vwap,5,Abs (200k),0.007649760764939931,-8.564796920505913e-07,3.3789719667259684e-11,5725,1.2894774733064668e-07
vwap,5,Abs (100k),0.0023023079740157716,-5.893345233050513e-07,0.00029236384158108305,5694,1.6260998588509148e-07
vwap,5,MAD (3),0.0007572008088146152,1.7465734458269022e-06,0.07353573230808172,4230,9.757742265870234e-07
vwap,5,Pctl (5%-95%),2.4499702428049188e-05,1.3720459044092804e-07,0.7221086526053728,5165,3.8577302310053704e-07
vwap,10,Raw,0.0007580880174997607,1.259826484187389e-07,0.13851676732487417,2896,8.502310776894234e-08
vwap,10,IQR (1.5x),0.002080631322669517,1.3055588186190531e-06,0.021976911889947718,2522,5.69568984548125e-07
vwap,10,Pctl (1%-99%),0.0011844159298453902,-3.4884607846046343e-07,0.06678176729274733,2838,1.902266093486397e-07
vwap,10,Z-Score (3),0.0030221259436206908,-5.461054878254528e-07,0.003245697504140019,2865,1.853755050614546e-07
vwap,10,Winsorized,0.007170604804085532,-7.491752637561626e-07,5.037717232719494e-06,2896,1.6386778586325652e-07
vwap,10,Abs (200k),0.016859931720054757,-1.1408256190909718e-06,2.6322789064916124e-12,2881,1.6235969447019882e-07
vwap,10,Abs (100k),0.004207738557668994,-7.488314477771179e-07,0.0005397459248470745,2842,2.1616476458882572e-07
vwap,10,MAD (3),0.002937564896926511,2.0954645119800262e-06,0.008590299464731402,2350,7.967071341636021e-07
vwap,10,Pctl (5%-95%),0.0001432242573112461,-2.2366563630557067e-07,0.5414217473650285,2606,3.6621774356150346e-07
vwap,15,Raw,0.002108873005095965,1.8035854942227622e-07,0.04350994092382904,1933,8.928159978573977e-08
vwap,15,IQR (1.5x),0.0014039128025712098,8.041965391311847e-07,0.12153238254819568,1709,5.191230371278886e-07
vwap,15,Pctl (1%-99%),0.00367790081735892,-5.500778489514033e-07,0.00830780951981797,1893,2.0819882171584322e-07
vwap,15,Z-Score (3),0.0067393727301269185,-7.294777263214459e-07,0.0003252363862276424,1913,2.0258326408800123e-07
vwap,15,Winsorized,0.008138924880937183,-7.062709281441785e-07,7.128290749129004e-05,1933,1.7742797524578793e-07
vwap,15,Abs (200k),0.0067393727301269185,-7.294777263214459e-07,0.0003252363862276424,1913,2.0258326408800123e-07
vwap,15,Abs (100k),4.536726336057693e-05,-7.586442279890215e-08,0.7705168668442419,1878,2.6004026383675435e-07
vwap,15,MAD (3),0.00039892720696074334,4.1291503573052617e-07,0.42552013511974673,1594,5.180309340802539e-07
vwap,15,Pctl (5%-95%),0.0001769693661511421,1.9505275215095738e-07,0.5793204588490624,1739,3.5177477486486234e-07
vwap,20,Raw,0.009830979742814766,3.584563098661647e-07,0.00015580204054284862,1450,9.453839289298569e-08
vwap,20,IQR (1.5x),2.0273561323930676e-05,8.801516490636318e-08,0.8724434373487738,1274,5.480807217612622e-07
vwap,20,Pctl (1%-99%),0.008430970485665844,-7.59553380058061e-07,0.0005315580274250433,1420,2.187473888481103e-07
vwap,20,Z-Score (3),0.01251381307161019,-8.929366807236325e-07,2.1498164366965703e-05,1436,2.0946755862822715e-07
vwap,20,Winsorized,0.003911019238045175,-4.488960005777811e-07,0.01723483674017207,1450,1.8826324793989155e-07
vwap,20,Abs (200k),0.007150142205967563,-7.227577909421719e-07,0.0013663484667645225,1431,2.2529996108852837e-07
vwap,20,Abs (100k),0.0020326690068894135,-5.194776072087716e-07,0.09314691248927935,1388,3.091790411441418e-07
vwap,20,MAD (3),0.0021578114167295384,1.111265707193156e-06,0.10586731291277907,1213,6.867047139256864e-07
vwap,20,Pctl (5%-95%),1.3527551463564969e-05,-4.7179322431735365e-08,0.8944397661573726,1304,3.554951437671707e-07
vwap,30,Raw,0.0220903158387309,4.511996352739066e-07,3.496743439927256e-06,966,9.668934846699383e-08
vwap,30,IQR (1.5x),0.002963836524575844,8.846316072055375e-07,0.11209125031379585,853,5.561936225822647e-07
vwap,30,Pctl (1%-99%),0.013636578714308923,-8.5496210313674e-07,0.0003191274498390912,946,2.3666096708701677e-07
vwap,30,Z-Score (3),0.014276140672378168,-8.393324072079371e-07,0.00021326895940743579,956,2.2580420722130314e-07
vwap,30,Winsorized,0.0008932470006049374,-1.8626839981905672e-07,0.35345110390819645,966,2.0064152987963714e-07
vwap,30,Abs (200k),0.00034889565954670886,-1.5441522071131656e-07,0.5663124911265055,945,2.691601129621656e-07
vwap,30,Abs (100k),0.0007806525743315164,3.519543534706986e-07,0.4040555042879035,894,4.216046900999016e-07
vwap,30,MAD (3),1.5665671961672272e-05,-5.2171069435012e-08,0.9097884101253677,822,4.603041571673261e-07
vwap,30,Pctl (5%-95%),0.001373497033765567,4.1165620085488145e-07,0.2754144755479152,868,3.7719280213357435e-07
vwap,45,Raw,0.029600026328737265,4.983385648466612e-07,1.1140208283614463e-05,645,1.1252482599888208e-07
vwap,45,IQR (1.5x),0.015412397598866255,1.6222648209597497e-06,0.0030917406590922165,566,5.45976912150391e-07
vwap,45,Pctl (1%-99%),0.0021500160887707345,-2.9142000700122483e-07,0.24479959657875808,631,2.503259159861702e-07
vwap,45,Z-Score (3),0.007366702686634522,-5.10630969824584e-07,0.02992387636213312,640,2.346684259573129e-07
vwap,45,Winsorized,0.0006647970585957159,-1.4900983157265084e-07,0.5133294480028104,645,2.278350234664684e-07
vwap,45,Abs (200k),0.00027994682996192166,1.3239242845184933e-07,0.6778012881897293,619,3.1850920729351676e-07
vwap,45,Abs (100k),0.016270208068943182,1.6214206924724207e-06,0.0023004458677436295,569,5.294750990826893e-07
vwap,45,MAD (3),0.011994192627486012,1.5451293612911813e-06,0.009755921999749588,556,5.958050801192904e-07
vwap,45,Pctl (5%-95%),0.0006877290133909987,2.3678343002051253e-07,0.5288439911776931,579,3.7575549277164604e-07
vwap,60,Raw,0.05091761534015241,5.496691897064878e-07,5.412605027807701e-07,483,1.0820486428945713e-07
vwap,60,IQR (1.5x),0.0050017284694750756,8.73684890160856e-07,0.14648218420786238,423,6.005717288546177e-07
vwap,60,Pctl (1%-99%),0.007282635797815807,-4.3149390059600676e-07,0.06367336875852309,473,2.3213077479614647e-07
vwap,60,Z-Score (3),0.007521247431729449,-4.474387769620922e-07,0.058397365463488234,477,2.3583186488846548e-07
vwap,60,Winsorized,0.002055315684454696,1.9263921490598447e-07,0.3200857215220224,483,1.9354685905024604e-07
vwap,60,Abs (200k),1.5719530720280646e-05,-3.385494901374051e-08,0.933158025045058,450,4.034223502971499e-07
vwap,60,Abs (100k),0.0046317026468917335,9.043375254790024e-07,0.1669215522716866,414,6.531358333115127e-07
vwap,60,MAD (3),0.010677480828513905,1.3673020994631728e-06,0.03512914615085929,416,6.468429621844117e-07
vwap,60,Pctl (5%-95%),0.0016489463794735321,-3.3103582507449107e-07,0.39929183441697724,433,3.9235097362524497e-07
vwap,90,Raw,0.03716957120859404,4.924196450598288e-07,0.0005036545300990608,322,1.4010108852815307e-07
vwap,90,IQR (1.5x),9.762138408584426e-07,-9.384706439147841e-09,0.9868445436195992,281,5.686511189646546e-07
vwap,90,Pctl (1%-99%),2.7967516473962354e-05,2.3381973744139317e-08,0.9256349070855867,314,2.503057619652197e-07
vwap,90,Z-Score (3),0.0009029094833559058,-1.441315236543695e-07,0.5940305281948646,317,2.701378510316571e-07
vwap,90,Winsorized,0.003798890916475449,2.2609527579059623e-07,0.27013545593365135,322,2.046734912485603e-07
vwap,90,Abs (200k),1.553615609280857e-05,3.4963436946793987e-08,0.9472725693706667,284,5.282194660966035e-07
vwap,90,Abs (100k),0.015889091733275722,1.693581155152319e-06,0.045603522519921634,252,8.429629655237452e-07
vwap,90,MAD (3),4.2971606955953934e-05,6.455344449165164e-08,0.913199128131989,279,5.91669806492003e-07
vwap,90,Pctl (5%-95%),0.0064990590929823846,-5.809677127703665e-07,0.17244697248622845,288,4.247446126326921e-07
vwap,120,Raw,0.03602699091837726,4.514374750321882e-07,0.003094130848174378,241,1.5104873749031134e-07
vwap,120,IQR (1.5x),0.0007413242225965325,-2.1263762389507121e-07,0.6893268365969669,218,5.311878141570076e-07
vwap,120,Pctl (1%-99%),0.0056008099259734845,-2.752724703791034e-07,0.2531468725976433,235,2.402922608772038e-07
vwap,120,Z-Score (3),0.0009669880827302445,1.3913928444396545e-07,0.6345795888825703,236,2.923621827096743e-07
vwap,120,Winsorized,0.00648470766549225,2.4000694816984825e-07,0.21289285144970985,241,1.9216174815853244e-07
vwap,120,Abs (200k),0.004497028712803318,-6.653790067152381e-07,0.3430005411573894,202,7.000233822683282e-07
vwap,120,Abs (100k),0.004784292925489062,1.0044151656567698e-06,0.3715419307140865,169,1.1209977882089115e-06
vwap,120,MAD (3),0.007440451278609512,-7.949050366195481e-07,0.21428996808599632,209,6.381293549277615e-07
vwap,120,Pctl (5%-95%),0.004963762756063517,-4.3513406505621687e-07,0.30380204592800436,215,4.221309768440279e-07
vwap,180,Raw,0.026698209181455688,3.491293127979558e-07,0.03774905245354199,162,1.6665141970047678e-07
vwap,180,IQR (1.5x),0.013159499822443545,-7.250487514860679e-07,0.17096642760143702,144,5.268983371053113e-07
vwap,180,Pctl (1%-99%),5.615738269409204e-06,6.376019722039446e-09,0.9764252435117208,158,2.1541835432999484e-07
vwap,180,Z-Score (3),0.0005593623614011842,-7.909195567117371e-08,0.7680189401123457,158,2.6767135481408056e-07
vwap,180,Winsorized,0.005976943252356496,1.8980405545048625e-07,0.3281489216577843,162,1.9351033245085055e-07
vwap,180,Abs (200k),0.0011440788565897733,3.680457826627571e-07,0.7091909579531259,124,9.845672253281885e-07
vwap,180,Abs (100k),0.012973045425303413,1.8646148395128368e-06,0.2616294574723827,99,1.6513791849303876e-06
vwap,180,MAD (3),0.0036104988733168175,-4.888649484564373e-07,0.48712169103373093,136,7.015642734092035e-07
vwap,180,Pctl (5%-95%),0.007862315055101748,-4.3893479056401784e-07,0.2905818284679537,144,4.137772266805305e-07
vwap,240,Raw,0.0570790840268929,4.454172771335028e-07,0.008312917419434747,121,1.6595590697324148e-07
vwap,240,IQR (1.5x),0.06799860820937943,-1.47121807144835e-06,0.0059329911812655385,110,5.241112015002316e-07
vwap,240,Pctl (1%-99%),0.01468221158262031,-3.535990933926982e-07,0.1931268442470008,117,2.7011869643669754e-07
vwap,240,Z-Score (3),0.014570477425660033,-3.483079965984816e-07,0.1909888475683407,119,2.648173332411229e-07
vwap,240,Winsorized,0.001081474850561643,8.719684188318491e-08,0.7202792434580179,121,2.4293164810748887e-07
vwap,240,Abs (200k),0.00397482542414009,7.178934493208859e-07,0.568855899258428,84,1.2549580029962007e-06
vwap,240,Abs (100k),0.021154758471836774,3.3101859479152534e-06,0.2717020091591927,59,2.982414102152419e-06
vwap,240,MAD (3),0.03332597164703564,-1.1611316811098892e-06,0.061069041559220376,106,6.132159184845799e-07
vwap,240,Pctl (5%-95%),0.013103989828128031,-5.16488371351128e-07,0.2403668449076965,107,4.3742119360020844e-07
vwap,360,Raw,0.018793390708365703,2.7682746985791526e-07,0.22231496112414562,81,2.2504703674743417e-07
vwap,360,IQR (1.5x),0.10415859641854779,-1.6897381701966125e-06,0.005692554522318528,72,5.922954555095932e-07
vwap,360,Pctl (1%-99%),0.009892622787572497,-2.1013244838531593e-07,0.383148896072116,79,2.3957041306676296e-07
vwap,360,Z-Score (3),0.01869416770862718,-3.526531667316897e-07,0.23261249084279306,78,2.9308265335924734e-07
vwap,360,Winsorized,0.011584084675518913,2.2586521090949044e-07,0.33887495703500015,81,2.34733352240455e-07
vwap,360,Abs (200k),0.0021364526292077758,5.54578508848829e-07,0.7524819178610294,49,1.748248046952477e-06
vwap,360,Abs (100k),0.030415610599611294,5.882307778033804e-06,0.4261010636347381,23,7.24740672147453e-06
vwap,360,MAD (3),0.025584515329115712,-1.0421754614973925e-06,0.19952612377672638,66,8.039598261947475e-07
vwap,360,Pctl (5%-95%),0.00010185272196403435,-3.249902599545337e-08,0.9334292095815312,71,3.876478341318932e-07
