timestamp,trade_imbalance,total_volume,num_trades
2025-10-15 00:00:00+00:00,-19140.572884,69549.33744,129
2025-10-15 00:45:00+00:00,55471.663356000005,346674.963378,336
2025-10-15 01:30:00+00:00,12536.358873999998,158310.300698,238
2025-10-15 02:15:00+00:00,36170.810644,358694.341802,321
2025-10-15 03:00:00+00:00,34837.251782,272857.736676,239
2025-10-15 03:45:00+00:00,10564.694602,182915.318528,289
2025-10-15 04:30:00+00:00,8931.71844,356429.502356,382
2025-10-15 05:15:00+00:00,25172.197718,78479.445092,210
2025-10-15 06:00:00+00:00,12010.693746,78144.88467,188
2025-10-15 06:45:00+00:00,12805.723218,35100.415012,110
2025-10-15 07:30:00+00:00,8442.687354000002,77695.698244,174
2025-10-15 08:15:00+00:00,24457.083174,90370.539312,163
2025-10-15 09:00:00+00:00,34814.387274,154382.249018,147
2025-10-15 09:45:00+00:00,46561.221414,116125.86392,300
2025-10-15 10:30:00+00:00,25756.489970000002,49833.650616,95
2025-10-15 11:15:00+00:00,9589.415538,25378.06248,86
2025-10-15 12:00:00+00:00,18802.775584,107330.10913,166
2025-10-15 12:45:00+00:00,8778.958888,44800.578888000004,106
2025-10-15 13:30:00+00:00,53681.45489,123639.924612,89
2025-10-15 14:15:00+00:00,38486.381268,187998.844012,124
2025-10-15 15:00:00+00:00,-1212.1289259999999,8008.77377,52
2025-10-15 15:45:00+00:00,37.03142399999999,2377.320112,37
2025-10-15 16:30:00+00:00,3938.502072,99648.21059,112
2025-10-15 17:15:00+00:00,-6088.381262,16758.308792,61
2025-10-15 18:00:00+00:00,14230.94196,98525.00137,105
2025-10-15 18:45:00+00:00,14517.473329999997,104054.975162,212
2025-10-15 19:30:00+00:00,-11818.389569999998,128160.65172,215
2025-10-15 20:15:00+00:00,11049.765438,43356.098752,166
2025-10-15 21:00:00+00:00,1472.1358779999996,33983.835852,169
2025-10-15 21:45:00+00:00,16768.039622,48368.739846000004,101
2025-10-15 22:30:00+00:00,25768.745243999998,248592.433808,282
2025-10-15 23:15:00+00:00,-14987.089758,153976.831342,346
2025-10-16 00:00:00+00:00,41734.277579999994,289112.800054,559
2025-10-16 00:45:00+00:00,200704.093486,791526.419462,612
2025-10-16 01:30:00+00:00,35146.906124,248609.079538,462
2025-10-16 02:15:00+00:00,147834.199128,418879.49539,417
2025-10-16 03:00:00+00:00,43011.6141,137968.779714,308
2025-10-16 03:45:00+00:00,11915.890534000002,223870.616512,363
2025-10-16 04:30:00+00:00,729.5483839999997,48263.968078,202
2025-10-16 05:15:00+00:00,21252.018186,56020.788836,210
2025-10-16 06:00:00+00:00,27125.64346,49149.054488,208
2025-10-16 06:45:00+00:00,42679.06671,84753.190342,207
2025-10-16 07:30:00+00:00,49346.782684000005,184524.0107,270
2025-10-16 08:15:00+00:00,30090.693467999998,179861.286392,239
2025-10-16 09:00:00+00:00,157439.660226,409743.551552,239
2025-10-16 09:45:00+00:00,12158.677102,45032.892272000005,148
2025-10-16 10:30:00+00:00,-74051.04936,267543.054998,373
2025-10-16 11:15:00+00:00,-4973.580590000001,208491.58209799998,168
2025-10-16 12:00:00+00:00,-19847.76126,67576.615252,101
2025-10-16 12:45:00+00:00,109180.801012,391325.359244,191
2025-10-16 13:30:00+00:00,12404.991636,140438.330656,110
2025-10-16 14:15:00+00:00,-2317.7395079999997,121293.322216,122
2025-10-16 15:00:00+00:00,6880.336082,42791.055062,64
2025-10-16 15:45:00+00:00,-2764.3599999999965,73788.019438,76
2025-10-16 16:30:00+00:00,-3622.2153860000003,97262.323664,111
2025-10-16 17:15:00+00:00,213021.122832,450277.952386,203
2025-10-16 18:00:00+00:00,-45347.61457600001,258214.739992,127
2025-10-16 18:45:00+00:00,122825.568082,175336.91151,182
2025-10-16 19:30:00+00:00,18628.494156,84363.890544,158
2025-10-16 20:15:00+00:00,1412.3427900000002,20969.798142,118
2025-10-16 21:00:00+00:00,-1888.8322840000003,106159.530056,230
2025-10-16 21:45:00+00:00,104430.843188,845592.125284,506
2025-10-16 22:30:00+00:00,-57774.686202,1379921.720606,380
2025-10-16 23:15:00+00:00,15115.297429999999,53994.718524,190
2025-10-17 00:00:00+00:00,78061.853328,220437.83059199998,379
2025-10-17 00:45:00+00:00,30782.967134,142120.790852,290
2025-10-17 01:30:00+00:00,91160.850016,289927.036988,453
2025-10-17 02:15:00+00:00,-2596.444740000001,113460.87053,460
2025-10-17 03:00:00+00:00,60406.28785,437157.082636,552
2025-10-17 03:45:00+00:00,-37223.787824,553148.062902,393
2025-10-17 04:30:00+00:00,106170.416118,604297.97742,333
2025-10-17 05:15:00+00:00,21429.013533999998,44690.228808,143
2025-10-17 06:00:00+00:00,44745.464176,106033.198222,231
2025-10-17 06:45:00+00:00,141530.313736,400106.570838,290
2025-10-17 07:30:00+00:00,-34257.34,156236.902662,190
2025-10-17 08:15:00+00:00,-13028.482471999998,84439.211232,173
2025-10-17 09:00:00+00:00,29853.287322,80426.968888,133
2025-10-17 09:45:00+00:00,46591.040758,161855.58217,210
2025-10-17 10:30:00+00:00,-6243.419092,70622.895094,214
2025-10-17 11:15:00+00:00,197582.053188,249524.85363,166
2025-10-17 12:00:00+00:00,-19148.611765999998,53266.606094,182
2025-10-17 12:45:00+00:00,20985.653814,46697.417863999995,162
2025-10-17 13:30:00+00:00,11914.792161999998,63403.586204,108
2025-10-17 14:15:00+00:00,15482.0,40768.34066,67
2025-10-17 15:00:00+00:00,-5294.848091999999,60633.747758,119
2025-10-17 15:45:00+00:00,-2007.6257399999986,87901.72194999999,113
2025-10-17 16:30:00+00:00,9571.474398,48727.614308000004,96
2025-10-17 17:15:00+00:00,-449.115558,1920.513078,42
2025-10-17 18:00:00+00:00,225305.03991400002,286468.740612,137
2025-10-17 18:45:00+00:00,1509.2595000000013,261184.512028,450
2025-10-17 19:30:00+00:00,7983.660384000001,59427.602136,130
2025-10-17 20:15:00+00:00,4189.407277999997,416811.54676,400
2025-10-17 21:00:00+00:00,54063.905874000004,257458.891936,315
2025-10-17 21:45:00+00:00,9375.468016000003,237922.980844,229
2025-10-17 22:30:00+00:00,41874.866630000004,419032.484788,289
2025-10-17 23:15:00+00:00,-3509.5357619999995,373751.131142,326
2025-10-18 00:00:00+00:00,23047.454724,48362.46756,125
2025-10-18 00:45:00+00:00,18677.926228,256873.068166,585
2025-10-18 01:30:00+00:00,46286.502394,187489.894058,454
2025-10-18 02:15:00+00:00,97089.179804,429209.970544,490
2025-10-18 03:00:00+00:00,83938.184186,374904.72863,416
2025-10-18 03:45:00+00:00,16575.85371,104796.622902,389
2025-10-18 04:30:00+00:00,21229.74916,70515.007402,219
2025-10-18 05:15:00+00:00,23558.801534000002,46811.983842,181
2025-10-18 06:00:00+00:00,76698.488438,375043.893606,685
2025-10-18 06:45:00+00:00,-257.77419999999995,86446.712558,191
2025-10-18 07:30:00+00:00,-20123.113182000005,213071.000764,284
2025-10-18 08:15:00+00:00,27902.227808,146956.691624,271
2025-10-18 09:00:00+00:00,7741.12279,169749.407776,380
2025-10-18 09:45:00+00:00,56877.340028,204956.722486,435
2025-10-18 10:30:00+00:00,12881.729905999999,117615.34679,92
2025-10-18 11:15:00+00:00,-17010.397748,95530.980602,114
2025-10-18 12:00:00+00:00,-59678.753954,166581.16406,111
2025-10-18 12:45:00+00:00,-30012.413256,53919.867928,80
2025-10-18 13:30:00+00:00,-2905.5809560000002,114317.493512,113
2025-10-18 14:15:00+00:00,-4207.762481999999,75782.321216,89
2025-10-18 15:00:00+00:00,2119.3360140000004,14742.670307999999,77
2025-10-18 15:45:00+00:00,-104.33471600000021,12604.648854,62
2025-10-18 16:30:00+00:00,2932.890866000001,23806.860144000002,50
2025-10-18 17:15:00+00:00,25617.840904,65153.8362,73
2025-10-18 18:00:00+00:00,-900.8407259999996,79963.89801599999,84
2025-10-18 18:45:00+00:00,-14875.25441,77803.734754,177
2025-10-18 19:30:00+00:00,22894.708509999997,172625.866606,277
2025-10-18 20:15:00+00:00,18982.039796,211083.157458,597
2025-10-18 21:00:00+00:00,-11204.171839999997,406302.135412,411
2025-10-18 21:45:00+00:00,439.7077079999999,89764.546108,147
2025-10-18 22:30:00+00:00,133781.16027000002,226139.172064,155
2025-10-18 23:15:00+00:00,31178.292472,62164.40055,204
2025-10-19 00:00:00+00:00,16205.514078,80950.804774,129
2025-10-19 00:45:00+00:00,16846.642348,229387.458194,438
2025-10-19 01:30:00+00:00,107735.623266,309973.908468,752
2025-10-19 02:15:00+00:00,48512.656314,251066.101626,748
2025-10-19 03:00:00+00:00,7155.249404,38295.532712,164
2025-10-19 03:45:00+00:00,13517.198900000001,103351.678446,318
2025-10-19 04:30:00+00:00,38268.311638,195257.06225,648
2025-10-19 05:15:00+00:00,18032.146526,234410.7788,831
2025-10-19 06:00:00+00:00,18298.578494,95132.16516,327
2025-10-19 06:45:00+00:00,1289.78796,72633.691376,241
2025-10-19 07:30:00+00:00,49571.976112000004,86368.427426,267
2025-10-19 08:15:00+00:00,1669.201082000001,75271.766186,238
2025-10-19 09:00:00+00:00,112535.220662,182609.712396,294
2025-10-19 09:45:00+00:00,49902.01186,153895.052628,196
2025-10-19 10:30:00+00:00,304.91357800000014,11474.86052,51
2025-10-19 11:15:00+00:00,-22008.777324000002,62504.976842000004,70
2025-10-19 12:00:00+00:00,4862.312674,10773.112674,38
2025-10-19 12:45:00+00:00,71117.013962,121754.610362,108
2025-10-19 13:30:00+00:00,10025.094022,56334.381438000004,117
2025-10-19 14:15:00+00:00,11737.137674,13742.877674,51
2025-10-19 15:00:00+00:00,14834.001458,69535.17563,176
2025-10-19 15:45:00+00:00,-16.939341999999982,18590.081248,138
2025-10-19 16:30:00+00:00,-23767.4057,125246.852212,183
2025-10-19 17:15:00+00:00,11291.553562,13978.666009999999,172
2025-10-19 18:00:00+00:00,335.96981800000003,5592.398416,178
2025-10-19 18:45:00+00:00,584.4755360000001,98679.24549,551
2025-10-19 19:30:00+00:00,19015.67828,78094.27775,252
2025-10-19 20:15:00+00:00,13878.441178,52689.05959,257
2025-10-19 21:00:00+00:00,-8507.705022,53104.672852,215
2025-10-19 21:45:00+00:00,27039.822662,48350.533903999996,204
2025-10-19 22:30:00+00:00,22640.203279999998,89959.45552999999,323
2025-10-19 23:15:00+00:00,151857.755686,297443.95354,363
2025-10-20 00:00:00+00:00,12977.781486,59901.205574,366
2025-10-20 00:45:00+00:00,1799.9225600000004,97181.837382,286
2025-10-20 01:30:00+00:00,27394.781509999997,124265.667856,327
2025-10-20 02:15:00+00:00,22105.67895,151529.556438,290
2025-10-20 03:00:00+00:00,17683.688204,225520.780294,478
2025-10-20 03:45:00+00:00,115327.55418800001,891600.858308,518
2025-10-20 04:30:00+00:00,35974.026006,153184.727982,407
2025-10-20 05:15:00+00:00,17732.219591999998,127877.027522,396
2025-10-20 06:00:00+00:00,-474.1262480000014,437618.470886,594
2025-10-20 06:45:00+00:00,-37718.974294,453537.529096,525
2025-10-20 07:30:00+00:00,31632.01761,168720.117952,316
2025-10-20 08:15:00+00:00,83526.20787,304898.480876,395
2025-10-20 09:00:00+00:00,45646.018004000005,216086.002642,333
2025-10-20 09:45:00+00:00,72113.295606,239652.934566,228
2025-10-20 10:30:00+00:00,110250.40629200001,277158.647686,213
2025-10-20 11:15:00+00:00,19560.385653999998,160963.541068,168
2025-10-20 12:00:00+00:00,11993.219847999999,93404.915792,111
2025-10-20 12:45:00+00:00,24849.124286000002,167615.948236,248
2025-10-20 13:30:00+00:00,74233.912732,126362.45178999999,149
2025-10-20 14:15:00+00:00,-3758.6266739999955,70263.78278,75
2025-10-20 15:00:00+00:00,-43389.73647399999,287504.536564,126
2025-10-20 15:45:00+00:00,26797.062697999994,132544.90295,131
2025-10-20 16:30:00+00:00,4183.310916,23768.300806,51
2025-10-20 17:15:00+00:00,10763.604438,17212.686902,91
2025-10-20 18:00:00+00:00,7420.1771420000005,68324.115324,331
2025-10-20 18:45:00+00:00,9431.250744000003,93806.597604,314
2025-10-20 19:30:00+00:00,-994.2482800000007,107030.92375,225
2025-10-20 20:15:00+00:00,-30391.839836,121886.80483,339
2025-10-20 21:00:00+00:00,33691.121244,142781.240654,317
2025-10-20 21:45:00+00:00,-18621.434263999996,110637.61925999999,233
2025-10-20 22:30:00+00:00,6422.997885999999,111593.09841199999,336
2025-10-20 23:15:00+00:00,4283.083679999999,267733.179242,636
2025-10-21 00:00:00+00:00,23578.212206000007,516027.884894,742
2025-10-21 00:45:00+00:00,49346.496036000004,271699.603654,518
2025-10-21 01:30:00+00:00,114.35043199999963,275056.025988,563
2025-10-21 02:15:00+00:00,60114.063802,382097.71576,766
2025-10-21 03:00:00+00:00,54299.767874,255400.936916,284
2025-10-21 03:45:00+00:00,30498.594878,248693.018288,251
2025-10-21 04:30:00+00:00,214033.798304,458410.581624,359
2025-10-21 05:15:00+00:00,8096.120538000001,86220.12824399999,394
2025-10-21 06:00:00+00:00,39190.1917,167282.262954,236
2025-10-21 06:45:00+00:00,81064.503776,356678.97562,233
2025-10-21 07:30:00+00:00,57793.642483999996,290228.950982,165
2025-10-21 08:15:00+00:00,69546.2366,209838.84976800001,214
2025-10-21 09:00:00+00:00,7674.706640000002,127065.99459,218
2025-10-21 09:45:00+00:00,1955.341552,50790.503204,123
2025-10-21 10:30:00+00:00,-1509.5884979999992,94926.284412,91
2025-10-21 11:15:00+00:00,1197.8399999999997,36415.205602,70
2025-10-21 12:00:00+00:00,604.429865999999,56705.71578,114
2025-10-21 12:45:00+00:00,21937.238602,42122.406102,82
2025-10-21 13:30:00+00:00,10560.477348,18376.197348,72
2025-10-21 14:15:00+00:00,41936.578846,61837.730652,112
2025-10-21 15:00:00+00:00,43988.144522,175264.635278,175
2025-10-21 15:45:00+00:00,758.203968,5695.997172,54
2025-10-21 16:30:00+00:00,-556.1789780000001,11681.232834,40
2025-10-21 17:15:00+00:00,1283.2323959999972,39459.85284,73
2025-10-21 18:00:00+00:00,16341.111566000001,22273.352176,113
2025-10-21 18:45:00+00:00,14775.549498,72292.251082,238
2025-10-21 19:30:00+00:00,-7312.169069999999,268135.187524,598
2025-10-21 20:15:00+00:00,162302.812786,426641.37776400003,352
2025-10-21 21:00:00+00:00,-5905.38,49758.45486,121
2025-10-21 21:45:00+00:00,2209.1822119999997,11330.179808,101
2025-10-21 22:30:00+00:00,14897.601626000001,165815.043272,246
2025-10-21 23:15:00+00:00,-20121.751035999998,335993.233606,255
2025-10-22 00:00:00+00:00,30816.669748,305098.86215,419
2025-10-22 00:45:00+00:00,14958.403356,515939.012732,758
2025-10-22 01:30:00+00:00,33906.987464,578562.10905,945
2025-10-22 02:15:00+00:00,10814.167813999997,567655.302828,763
2025-10-22 03:00:00+00:00,50305.68294600001,483879.394448,502
2025-10-22 03:45:00+00:00,81611.178304,578822.775332,394
2025-10-22 04:30:00+00:00,65428.496972,326816.03605,352
2025-10-22 05:15:00+00:00,24666.15006999999,316263.531636,274
2025-10-22 06:00:00+00:00,36619.601956,123322.367682,403
2025-10-22 06:45:00+00:00,32543.044877999997,351177.278298,361
2025-10-22 07:30:00+00:00,34821.061866,230104.36781,268
2025-10-22 08:15:00+00:00,135985.043948,509554.81955,323
2025-10-22 09:00:00+00:00,38311.826268000004,284059.468648,273
2025-10-22 09:45:00+00:00,83.0775839999992,75931.358836,275
2025-10-22 10:30:00+00:00,1253.2759180000007,36361.69798,143
2025-10-22 11:15:00+00:00,835.0472860000013,73644.520734,83
2025-10-22 12:00:00+00:00,8095.951863999999,242764.880952,85
2025-10-22 12:45:00+00:00,-54.339045999999826,43822.197638,107
2025-10-22 13:30:00+00:00,36375.834372,42753.114372000004,55
2025-10-22 14:15:00+00:00,6220.748229999999,10208.194006,57
2025-10-22 15:00:00+00:00,-36362.323314,131291.312172,85
2025-10-22 15:45:00+00:00,-11096.250640000002,291059.954542,84
2025-10-22 16:30:00+00:00,10404.559966,69842.567816,58
2025-10-22 17:15:00+00:00,8737.380000000003,77736.673892,69
2025-10-22 18:00:00+00:00,4850.9076700000005,41635.436132,155
2025-10-22 18:45:00+00:00,7189.56,35948.075454,156
2025-10-22 19:30:00+00:00,48929.529848,113481.768414,234
2025-10-22 20:15:00+00:00,117640.025704,152272.854904,227
2025-10-22 21:00:00+00:00,11741.137141999998,115736.081512,188
2025-10-22 21:45:00+00:00,42564.313322,76485.112198,181
2025-10-22 22:30:00+00:00,236.6066639999998,53276.667874,168
2025-10-22 23:15:00+00:00,52067.677334,148186.337334,307
2025-10-23 00:00:00+00:00,881.31511,81116.824868,322
2025-10-23 00:45:00+00:00,10446.50919,190016.971444,411
2025-10-23 01:30:00+00:00,54574.23332000001,419285.098742,707
2025-10-23 02:15:00+00:00,79369.049988,496155.631404,624
2025-10-23 03:00:00+00:00,-362.8864179999944,396198.732624,510
2025-10-23 03:45:00+00:00,22584.379969999995,271261.571024,373
2025-10-23 04:30:00+00:00,148221.959394,467216.338022,656
2025-10-23 05:15:00+00:00,12810.103363999999,453471.916424,708
2025-10-23 06:00:00+00:00,10581.424187999999,144922.113778,326
2025-10-23 06:45:00+00:00,11433.8629,38585.909952,183
2025-10-23 07:30:00+00:00,59860.741786,241910.977532,302
2025-10-23 08:15:00+00:00,13773.765193999998,100393.201048,260
2025-10-23 09:00:00+00:00,47941.681318,146966.235688,285
2025-10-23 09:45:00+00:00,5742.222792,13878.312882,108
2025-10-23 10:30:00+00:00,12724.996890000002,40009.684898,66
2025-10-23 11:15:00+00:00,3438.1114519999996,15547.89704,74
2025-10-23 12:00:00+00:00,46095.331227999995,60474.261702,96
2025-10-23 12:45:00+00:00,18974.633471999998,30033.070724,84
2025-10-23 13:30:00+00:00,199.88986999999997,5620.79724,30
2025-10-23 14:15:00+00:00,4072.867554,28581.191396000002,71
2025-10-23 15:00:00+00:00,4632.163088,11057.229172,62
2025-10-23 15:45:00+00:00,-4278.505948,7795.690704,32
2025-10-23 16:30:00+00:00,11767.707294,18091.577404,55
2025-10-23 17:15:00+00:00,35136.538598,61868.584127999995,91
2025-10-23 18:00:00+00:00,15240.9661,45981.101512,183
2025-10-23 18:45:00+00:00,-2411.686192,97593.669678,332
2025-10-23 19:30:00+00:00,13547.240236,131115.975724,468
2025-10-23 20:15:00+00:00,111057.385394,203949.168778,307
2025-10-23 21:00:00+00:00,36401.880015999996,58240.875828,187
2025-10-23 21:45:00+00:00,649.6405180000003,18440.029368,165
2025-10-23 22:30:00+00:00,-5277.710346,39790.662682,234
2025-10-23 23:15:00+00:00,-2712.4778459999998,110182.150356,383
2025-10-24 00:00:00+00:00,21607.40657,127501.203404,353
2025-10-24 00:45:00+00:00,26587.24394,117376.333662,327
2025-10-24 01:30:00+00:00,58309.840346000005,98754.241314,232
2025-10-24 02:15:00+00:00,-15545.834124,133130.470706,375
2025-10-24 03:00:00+00:00,6136.425336,74961.888978,262
2025-10-24 03:45:00+00:00,41764.967786,152539.406704,698
2025-10-24 04:30:00+00:00,37115.757258,99900.003434,693
2025-10-24 05:15:00+00:00,38615.17248,113894.509642,719
2025-10-24 06:00:00+00:00,231623.619262,815799.01943,1703
2025-10-24 06:45:00+00:00,-4633.305998000001,59840.077768,633
2025-10-24 07:30:00+00:00,17947.378392,58110.374786,624
2025-10-24 08:15:00+00:00,77481.960078,227142.38871,681
2025-10-24 09:00:00+00:00,-11999.338356,53376.4732,516
2025-10-24 09:45:00+00:00,-2717.684354,65118.730687999996,625
2025-10-24 10:30:00+00:00,33804.074645999994,149081.355554,795
2025-10-24 11:15:00+00:00,30926.322484,81067.490736,691
2025-10-24 12:00:00+00:00,41614.786294,70117.446178,535
2025-10-24 12:45:00+00:00,16606.897402,81488.866596,544
2025-10-24 13:30:00+00:00,-52971.86190599999,138206.967488,555
2025-10-24 14:15:00+00:00,-911.9008720000002,128945.79988,539
2025-10-24 15:00:00+00:00,1829.6615279999992,70027.849528,477
2025-10-24 15:45:00+00:00,2003.778452,44773.084408,436
2025-10-24 16:30:00+00:00,1079.0862679999998,38207.027424,265
2025-10-24 17:15:00+00:00,-1115.8400000000001,11630.200956,88
2025-10-24 18:00:00+00:00,-3193.1565819999996,50160.222686,260
2025-10-24 18:45:00+00:00,-13102.115258000002,50167.81082,227
2025-10-24 19:30:00+00:00,-27182.465556,105213.93067,338
2025-10-24 20:15:00+00:00,-118595.751718,192282.59187200002,301
2025-10-24 21:00:00+00:00,-57513.1,152848.92748,304
2025-10-24 21:45:00+00:00,-137942.822232,411492.329188,289
2025-10-24 22:30:00+00:00,-22696.514053999996,688469.382224,556
2025-10-24 23:15:00+00:00,37515.284396,143016.3302,307
2025-10-25 00:00:00+00:00,-2066.810994000001,171017.861644,435
2025-10-25 00:45:00+00:00,20833.616312000002,223176.192432,371
2025-10-25 01:30:00+00:00,-343.98646600000285,177508.043036,347
2025-10-25 02:15:00+00:00,-3728.198966,78170.403038,299
2025-10-25 03:00:00+00:00,27329.521318,136320.773294,221
2025-10-25 03:45:00+00:00,25335.282531999997,117869.142532,233
2025-10-25 04:30:00+00:00,-12143.618882,108815.580992,451
2025-10-25 05:15:00+00:00,19811.389874,105950.194688,442
2025-10-25 06:00:00+00:00,40554.097032000005,302398.236406,1018
2025-10-25 06:45:00+00:00,-12494.181918,220420.039666,719
2025-10-25 07:30:00+00:00,1226.379577999999,150864.62327799998,1124
2025-10-25 08:15:00+00:00,20838.446294,175729.316226,637
2025-10-25 09:00:00+00:00,39808.363430000005,387965.86068599997,1395
2025-10-25 09:45:00+00:00,60454.158756,201899.421384,530
2025-10-25 10:30:00+00:00,59812.91717,103137.360634,761
2025-10-25 11:15:00+00:00,55072.56561,138459.19752,200
2025-10-25 12:00:00+00:00,40356.812772,119143.29896,108
2025-10-25 12:45:00+00:00,54204.65234,87457.132944,86
2025-10-25 13:30:00+00:00,-2516.468114000002,52350.638304,110
2025-10-25 14:15:00+00:00,12846.274452,39632.137674,79
2025-10-25 15:00:00+00:00,46235.747152,69317.638544,131
2025-10-25 15:45:00+00:00,31232.087884,36012.147884,93
2025-10-25 16:30:00+00:00,40141.581498,103483.478364,112
2025-10-25 17:15:00+00:00,14922.300444,45877.385894,82
2025-10-25 18:00:00+00:00,91136.99610199999,125276.120742,300
2025-10-25 18:45:00+00:00,254441.902504,542810.952292,473
2025-10-25 19:30:00+00:00,141510.132676,331049.762114,419
2025-10-25 20:15:00+00:00,82480.388636,155018.562244,274
2025-10-25 21:00:00+00:00,22930.976826000002,86393.088508,131
2025-10-25 21:45:00+00:00,10830.122911999999,96087.874206,236
2025-10-25 22:30:00+00:00,3517.068578,31656.050706,193
2025-10-25 23:15:00+00:00,42526.173956000006,131678.01458,251
2025-10-26 00:00:00+00:00,-5247.637618,80698.755848,324
2025-10-26 00:45:00+00:00,24873.922414,124633.854342,169
2025-10-26 01:30:00+00:00,10238.57914,180742.308556,267
2025-10-26 02:15:00+00:00,16846.884236,217215.04767,413
2025-10-26 03:00:00+00:00,94093.790184,144260.26033000002,212
2025-10-26 03:45:00+00:00,27043.565156,85110.718164,241
2025-10-26 04:30:00+00:00,47288.774928,208741.687838,289
2025-10-26 05:15:00+00:00,100866.508406,214382.996578,299
2025-10-26 06:00:00+00:00,6993.160148000001,151746.775118,328
2025-10-26 06:45:00+00:00,122507.23484399999,428443.825294,365
2025-10-26 07:30:00+00:00,7831.381045999999,177249.463808,253
2025-10-26 08:15:00+00:00,-9678.551494000003,120707.53825,184
2025-10-26 09:00:00+00:00,272035.081842,780095.005004,491
2025-10-26 09:45:00+00:00,40008.04836,180888.525834,270
2025-10-26 10:30:00+00:00,265986.793906,415725.59642,298
2025-10-26 11:15:00+00:00,129969.056566,231958.79697,175
2025-10-26 12:00:00+00:00,44269.204918,82341.859826,185
2025-10-26 12:45:00+00:00,54744.032794,110001.475184,245
2025-10-26 13:30:00+00:00,151263.574856,277684.40241599997,216
2025-10-26 14:15:00+00:00,64008.117165999996,194843.943768,155
2025-10-26 15:00:00+00:00,-27366.590558,111253.573836,164
2025-10-26 15:45:00+00:00,18225.834328,47498.573566,145
2025-10-26 16:30:00+00:00,48594.962558,79262.487946,170
2025-10-26 17:15:00+00:00,24725.516667999997,165519.850614,295
2025-10-26 18:00:00+00:00,137716.174166,181627.864684,277
2025-10-26 18:45:00+00:00,57990.442259999996,176181.319816,333
2025-10-26 19:30:00+00:00,97712.932712,192904.13791,463
2025-10-26 20:15:00+00:00,33174.49502,162669.405418,548
2025-10-26 21:00:00+00:00,-14282.233296,58706.29387,171
2025-10-26 21:45:00+00:00,18142.983626,53834.004758,222
2025-10-26 22:30:00+00:00,-19245.039868,49309.89401,225
2025-10-26 23:15:00+00:00,12779.604608,243097.482096,300
2025-10-27 00:00:00+00:00,17358.119488,52865.06706,326
2025-10-27 00:45:00+00:00,-12850.650862,74749.49486,319
2025-10-27 01:30:00+00:00,3327.9630979999997,34201.600796,234
2025-10-27 02:15:00+00:00,53914.851969999996,152271.292674,257
2025-10-27 03:00:00+00:00,47941.761056,181640.195182,234
2025-10-27 03:45:00+00:00,-23984.199306,121224.346342,220
2025-10-27 04:30:00+00:00,17679.419656,71493.198862,313
2025-10-27 05:15:00+00:00,-21233.394902,75522.158936,262
2025-10-27 06:00:00+00:00,-16973.523717999997,177774.315394,266
2025-10-27 06:45:00+00:00,-8123.601519999999,66944.189894,197
2025-10-27 07:30:00+00:00,60977.53285000001,474858.789776,258
2025-10-27 08:15:00+00:00,20881.268042000003,218964.90843,299
2025-10-27 09:00:00+00:00,90102.323888,270272.924724,474
2025-10-27 09:45:00+00:00,92078.03476600001,382247.26732,499
2025-10-27 10:30:00+00:00,133090.818424,194072.131412,328
2025-10-27 11:15:00+00:00,179026.134214,294319.38593,357
2025-10-27 12:00:00+00:00,10750.378256,65785.504108,185
2025-10-27 12:45:00+00:00,501254.559622,979872.765528,394
2025-10-27 13:30:00+00:00,144509.29238,340279.805962,433
2025-10-27 14:15:00+00:00,301913.21704,699916.427868,501
2025-10-27 15:00:00+00:00,23129.070724,312209.381136,558
2025-10-27 15:45:00+00:00,51792.783898,269176.55773,517
2025-10-27 16:30:00+00:00,41295.069756000004,779859.535926,711
2025-10-27 17:15:00+00:00,71447.481966,244837.85152999999,522
2025-10-27 18:00:00+00:00,44083.423502,173587.70936,452
2025-10-27 18:45:00+00:00,93492.104096,239590.25678599998,311
2025-10-27 19:30:00+00:00,473584.20839,599903.796246,612
2025-10-27 20:15:00+00:00,42398.063896,394377.820686,374
2025-10-27 21:00:00+00:00,77019.14126,149126.05062,285
2025-10-27 21:45:00+00:00,289891.24641,380312.76433,533
2025-10-27 22:30:00+00:00,70997.143166,187265.999866,420
2025-10-27 23:15:00+00:00,4556.260891999999,100160.702556,455
2025-10-28 00:00:00+00:00,39956.911688,202593.883516,386
2025-10-28 00:45:00+00:00,48127.911758,92676.808186,339
2025-10-28 01:30:00+00:00,8873.86907,120723.019882,436
2025-10-28 02:15:00+00:00,7875.6220379999995,52147.85198,187
2025-10-28 03:00:00+00:00,401501.225816,488064.200426,720
2025-10-28 03:45:00+00:00,14871.773445999997,135906.514168,452
2025-10-28 04:30:00+00:00,136232.003778,347756.821582,467
2025-10-28 05:15:00+00:00,38151.644088,173743.66785600001,453
2025-10-28 06:00:00+00:00,63589.653738,204203.74577,538
2025-10-28 06:45:00+00:00,138797.015032,266898.458244,505
2025-10-28 07:30:00+00:00,212905.138662,384135.54977599997,529
2025-10-28 08:15:00+00:00,77462.759404,277902.613444,771
2025-10-28 09:00:00+00:00,68340.108052,446682.432314,912
2025-10-28 09:45:00+00:00,500437.50584,860371.297138,1013
2025-10-28 10:30:00+00:00,285135.695134,679987.744858,1031
2025-10-28 11:15:00+00:00,237142.567574,425154.421086,637
2025-10-28 12:00:00+00:00,78418.69174,196595.722088,351
2025-10-28 12:45:00+00:00,188234.566676,270909.904896,531
2025-10-28 13:30:00+00:00,236360.780046,345932.732152,381
2025-10-28 14:15:00+00:00,233645.223038,268158.984104,296
2025-10-28 15:00:00+00:00,81251.74046999999,127453.23695399999,369
2025-10-28 15:45:00+00:00,177789.811044,391248.98917200003,577
2025-10-28 16:30:00+00:00,55098.02664800001,212179.194892,415
2025-10-28 17:15:00+00:00,95766.500544,149582.133268,582
2025-10-28 18:00:00+00:00,20884.485112000002,48560.644618,225
2025-10-28 18:45:00+00:00,107491.006704,204041.79793,460
2025-10-28 19:30:00+00:00,55036.715811999995,318988.29695,422
2025-10-28 20:15:00+00:00,26081.234603999997,200431.488662,287
2025-10-28 21:00:00+00:00,4634.997106,68149.796028,192
2025-10-28 21:45:00+00:00,29943.324836,77411.137624,288
2025-10-28 22:30:00+00:00,133940.09932799998,688902.85489,515
2025-10-28 23:15:00+00:00,33172.65876,110274.451426,295
2025-10-29 00:00:00+00:00,14433.981942,180637.751192,276
2025-10-29 00:45:00+00:00,18994.994664,102666.694048,265
2025-10-29 01:30:00+00:00,54237.086128,107715.41981,400
2025-10-29 02:15:00+00:00,36632.033928,89329.80048,308
2025-10-29 03:00:00+00:00,125884.434744,246644.43351,422
2025-10-29 03:45:00+00:00,40166.012164,135519.728396,315
2025-10-29 04:30:00+00:00,53068.204474,114929.97182800001,360
2025-10-29 05:15:00+00:00,49543.974354,139713.569358,556
2025-10-29 06:00:00+00:00,85659.13049000001,693580.048634,527
2025-10-29 06:45:00+00:00,291015.771822,408447.399154,689
2025-10-29 07:30:00+00:00,316292.897366,454024.75151000003,851
2025-10-29 08:15:00+00:00,36539.088488,162825.744066,466
2025-10-29 09:00:00+00:00,187900.750874,659895.5642660001,753
2025-10-29 09:45:00+00:00,1614221.7566240001,1806688.96346,644
2025-10-29 10:30:00+00:00,40485.338950000005,248514.636514,684
2025-10-29 11:15:00+00:00,155928.555892,405188.64005600003,348
2025-10-29 12:00:00+00:00,-25824.95838,148851.013438,326
2025-10-29 12:45:00+00:00,-13861.502102,89508.082878,310
2025-10-29 13:30:00+00:00,132356.723684,239867.816694,485
2025-10-29 14:15:00+00:00,317372.270798,531068.00678,528
2025-10-29 15:00:00+00:00,34858.88524799999,345191.023544,463
2025-10-29 15:45:00+00:00,-197.68,1306.8,9
2025-10-30 10:30:00+00:00,128109.939184,269689.303268,582
2025-10-30 11:15:00+00:00,40920.924028,95986.410346,373
2025-10-30 12:00:00+00:00,66269.16342,121084.004158,407
2025-10-30 12:45:00+00:00,75713.106406,195186.85046000002,446
2025-10-30 13:30:00+00:00,-216310.36927400003,532659.851928,542
2025-10-30 14:15:00+00:00,-97178.241898,154295.988452,231
2025-10-30 15:00:00+00:00,20732.430906,72026.645574,237
2025-10-30 15:45:00+00:00,315524.55313,423690.539258,442
2025-10-30 16:30:00+00:00,4549.305206,82068.265234,216
2025-10-30 17:15:00+00:00,116.01914999999968,68836.736782,356
2025-10-30 18:00:00+00:00,12996.41016,35258.998316,209
2025-10-30 18:45:00+00:00,63305.563708,128118.443212,390
2025-10-30 19:30:00+00:00,4991.306138000001,66993.57162,353
2025-10-30 20:15:00+00:00,14855.625571999999,52545.898498,375
2025-10-30 21:00:00+00:00,9367.045138000001,66236.11065,331
2025-10-30 21:45:00+00:00,33378.823052,235551.945778,289
2025-10-30 22:30:00+00:00,5913.34285,88989.102946,274
2025-10-30 23:15:00+00:00,26662.31428,165593.102132,540
2025-10-31 00:00:00+00:00,10836.031952,220873.425184,652
2025-10-31 00:45:00+00:00,70391.136022,177724.861062,569
2025-10-31 01:30:00+00:00,146763.749144,354373.335192,561
2025-10-31 02:15:00+00:00,-1479.5042620000002,85658.971414,295
2025-10-31 03:00:00+00:00,87644.80085799999,431937.076878,653
2025-10-31 03:45:00+00:00,33353.180322,410727.109648,496
2025-10-31 04:30:00+00:00,17863.96204,545401.757126,549
2025-10-31 05:15:00+00:00,36597.011357999996,202388.3231,422
2025-10-31 06:00:00+00:00,182210.33725799999,388432.383126,572
2025-10-31 06:45:00+00:00,147292.555276,241820.202496,363
2025-10-31 07:30:00+00:00,46296.36692,127225.606996,351
2025-10-31 08:15:00+00:00,283975.997854,464817.788478,768
2025-10-31 09:00:00+00:00,13823.861523999998,119004.682752,400
2025-10-31 09:45:00+00:00,24804.261464,83828.479348,387
2025-10-31 10:30:00+00:00,35782.631466,107490.568994,399
2025-10-31 11:15:00+00:00,176229.462152,308891.860354,532
2025-10-31 12:00:00+00:00,31913.833282,146781.775594,594
2025-10-31 12:45:00+00:00,5529.153998000001,103592.336546,466
2025-10-31 13:30:00+00:00,41826.652583999996,70648.552584,183
2025-10-31 14:15:00+00:00,26070.361346,105398.20902,253
2025-10-31 15:00:00+00:00,-7999.463036,123462.496586,278
2025-10-31 15:45:00+00:00,137942.966146,204894.119986,365
2025-10-31 16:30:00+00:00,107956.509872,289790.576656,312
2025-10-31 17:15:00+00:00,24507.572808,56879.35722,290
2025-10-31 18:00:00+00:00,145973.642468,287738.102788,433
2025-10-31 18:45:00+00:00,341756.107502,727733.211278,660
2025-10-31 19:30:00+00:00,29640.972265999997,115912.973236,489
2025-10-31 20:15:00+00:00,199773.449184,397824.484696,838
2025-10-31 21:00:00+00:00,107383.377262,183235.598722,592
2025-10-31 21:45:00+00:00,28693.524105999997,164036.918704,501
2025-10-31 22:30:00+00:00,46284.635032,188734.340656,959
2025-10-31 23:15:00+00:00,82851.417646,259703.556332,531
2025-11-01 00:00:00+00:00,31649.027412,163480.796524,572
2025-11-01 00:45:00+00:00,20805.40493,127601.79268,705
2025-11-01 01:30:00+00:00,11667.931658,103595.80511,545
2025-11-01 02:15:00+00:00,32738.696458000002,109553.429132,254
2025-11-01 03:00:00+00:00,32087.716472,133558.080008,312
2025-11-01 03:45:00+00:00,41124.879951999996,197770.833844,503
2025-11-01 04:30:00+00:00,54191.796044,268841.315858,696
2025-11-01 05:15:00+00:00,50084.182656,173028.409046,645
2025-11-01 06:00:00+00:00,305435.485986,774927.41681,869
2025-11-01 06:45:00+00:00,148737.6687,295356.000938,494
2025-11-01 07:30:00+00:00,57309.445448,198716.733268,432
2025-11-01 08:15:00+00:00,60854.657498,217432.565814,468
2025-11-01 09:00:00+00:00,180511.884048,282570.84955,507
2025-11-01 09:45:00+00:00,276464.625458,393846.706726,322
2025-11-01 10:30:00+00:00,111841.13465200001,194379.960766,352
2025-11-01 11:15:00+00:00,107142.768538,286069.416048,386
2025-11-01 12:00:00+00:00,71314.865916,295080.805482,420
2025-11-01 12:45:00+00:00,86859.849002,458750.73229,459
2025-11-01 13:30:00+00:00,72042.013836,293387.264328,383
2025-11-01 14:15:00+00:00,667839.69433,1081559.314544,746
2025-11-01 15:00:00+00:00,15270.693287999995,447760.7048,413
2025-11-01 15:45:00+00:00,-58397.779140000006,271410.017092,261
2025-11-01 16:30:00+00:00,97886.924702,151737.78471,131
2025-11-01 17:15:00+00:00,44259.487874,130815.31674,240
2025-11-01 18:00:00+00:00,65980.108904,135424.939876,284
2025-11-01 18:45:00+00:00,147495.09146599998,228881.48495399999,573
2025-11-01 19:30:00+00:00,78500.794232,157834.994668,588
2025-11-01 20:15:00+00:00,45648.651052,118159.261462,494
2025-11-01 21:00:00+00:00,26619.469568,89868.324008,243
2025-11-01 21:45:00+00:00,44369.50406,180506.060786,261
2025-11-01 22:30:00+00:00,-20401.706430000002,139695.62977,360
2025-11-01 23:15:00+00:00,95056.320736,430134.097092,625
2025-11-02 00:00:00+00:00,50790.857816,362020.912484,1033
2025-11-02 00:45:00+00:00,39249.92979,223998.01936,956
2025-11-02 01:30:00+00:00,138277.265318,351308.95488,678
2025-11-02 02:15:00+00:00,-50109.400012,185878.94065,394
2025-11-02 03:00:00+00:00,58842.67587399999,302628.841138,569
2025-11-02 03:45:00+00:00,86905.132074,270312.14393,504
2025-11-02 04:30:00+00:00,53010.932276,332823.644234,626
2025-11-02 05:15:00+00:00,218261.255876,411178.84532,469
2025-11-02 06:00:00+00:00,113859.548272,234741.08377599998,432
2025-11-02 06:45:00+00:00,13715.221425999998,352627.51207,443
2025-11-02 07:30:00+00:00,48495.143308,134855.20335,333
2025-11-02 08:15:00+00:00,127910.846704,238391.512998,534
2025-11-02 09:00:00+00:00,73016.921394,264650.014386,367
2025-11-02 09:45:00+00:00,87460.686042,180273.586788,342
2025-11-02 10:30:00+00:00,24650.257646000002,317167.601184,523
2025-11-02 11:15:00+00:00,150437.940438,309395.659536,423
2025-11-02 12:00:00+00:00,102834.87453,190057.534388,289
2025-11-02 12:45:00+00:00,294168.3754,420621.649584,361
2025-11-02 13:30:00+00:00,176554.014708,426477.48561,390
2025-11-02 14:15:00+00:00,127412.27232999999,194751.900352,231
2025-11-02 15:00:00+00:00,25633.21461,42558.507016,142
2025-11-02 15:45:00+00:00,51545.66923,143365.527998,285
2025-11-02 16:30:00+00:00,45164.252089999994,193248.414384,263
2025-11-02 17:15:00+00:00,363949.820738,634445.279856,498
2025-11-02 18:00:00+00:00,92606.96324,392471.308552,449
2025-11-02 18:45:00+00:00,66812.304,405580.992202,669
2025-11-02 19:30:00+00:00,104161.395376,294667.635844,477
2025-11-02 20:15:00+00:00,43865.329362000004,264425.732732,404
2025-11-02 21:00:00+00:00,6248.298951999998,164330.678142,431
2025-11-02 21:45:00+00:00,74824.31244000001,224721.127828,520
2025-11-02 22:30:00+00:00,44630.10774200001,291906.561902,692
2025-11-02 23:15:00+00:00,43299.773092,275055.742066,699
2025-11-03 00:00:00+00:00,100758.38842999999,313335.639334,761
2025-11-03 00:45:00+00:00,77857.057554,347495.111458,657
2025-11-03 01:30:00+00:00,58418.680506,209410.844946,528
2025-11-03 02:15:00+00:00,268347.427656,469313.280668,572
2025-11-03 03:00:00+00:00,288556.33464799996,996110.610332,783
2025-11-03 03:45:00+00:00,41942.467366000004,396379.068456,622
2025-11-03 04:30:00+00:00,-27126.224339999997,381978.991212,520
2025-11-03 05:15:00+00:00,478140.49099,1018152.09459,957
2025-11-03 06:00:00+00:00,149887.013818,745942.25323,663
2025-11-03 06:45:00+00:00,83798.944902,567369.045148,775
2025-11-03 07:30:00+00:00,-51166.256536,362609.68347,641
2025-11-03 08:15:00+00:00,470413.188266,944776.22778,602
2025-11-03 09:00:00+00:00,243985.25923000003,647337.796824,792
2025-11-03 09:45:00+00:00,630559.9980959999,2446542.88413,1187
2025-11-03 10:30:00+00:00,1100306.310424,1801132.234596,1489
2025-11-03 11:15:00+00:00,733961.2605099999,1176977.535756,934
2025-11-03 12:00:00+00:00,710713.762932,1364461.006836,1289
2025-11-03 12:45:00+00:00,1761515.22907,3183273.452702,1262
2025-11-03 13:30:00+00:00,363637.590328,682884.60135,700
2025-11-03 14:15:00+00:00,526392.228108,956767.858694,809
2025-11-03 15:00:00+00:00,225402.517204,462276.130268,632
2025-11-03 15:45:00+00:00,362109.447462,721351.75629,903
2025-11-03 16:30:00+00:00,156928.71164,462083.604304,1073
2025-11-03 17:15:00+00:00,257136.230488,474953.997448,811
2025-11-03 18:00:00+00:00,336677.917152,598802.307626,995
2025-11-03 18:45:00+00:00,366676.109122,909804.701352,1440
2025-11-03 19:30:00+00:00,751829.149898,1289229.047738,1637
2025-11-03 20:15:00+00:00,599858.436098,1331661.56449,1362
2025-11-03 21:00:00+00:00,-31890.472893999995,732663.005408,1040
2025-11-03 21:45:00+00:00,108373.699624,416402.606368,1027
2025-11-03 22:30:00+00:00,406633.75974,737671.606772,1422
2025-11-03 23:15:00+00:00,370107.76779199997,931087.761408,1577
2025-11-04 00:00:00+00:00,443365.326272,1041247.78002,1246
2025-11-04 00:45:00+00:00,293564.182868,632128.553092,1092
2025-11-04 01:30:00+00:00,707783.037378,1316001.287646,1878
2025-11-04 02:15:00+00:00,195272.759818,474313.722714,1327
2025-11-04 03:00:00+00:00,332142.923666,664271.059616,1185
2025-11-04 03:45:00+00:00,210967.549032,449268.06213,995
2025-11-04 04:30:00+00:00,262091.054286,685035.906848,1252
2025-11-04 05:15:00+00:00,243619.531604,447188.679128,1012
2025-11-04 06:00:00+00:00,465052.720648,735990.464386,1550
2025-11-04 06:45:00+00:00,447111.31196,728693.394954,880
2025-11-04 07:30:00+00:00,407760.828932,866112.937706,1289
2025-11-04 08:15:00+00:00,388353.10373,1107233.170556,1547
2025-11-04 09:00:00+00:00,346160.26291600004,647205.715846,683
2025-11-04 09:45:00+00:00,85352.610682,1048706.136828,1061
2025-11-04 10:30:00+00:00,287579.127266,1018813.304962,966
2025-11-04 11:15:00+00:00,241940.036884,520797.915594,981
2025-11-04 12:00:00+00:00,337576.400244,717403.711794,1169
2025-11-04 12:45:00+00:00,105716.0469,396984.717586,919
2025-11-04 13:30:00+00:00,402245.605684,835606.6707,1086
2025-11-04 14:15:00+00:00,390793.650528,904373.998638,1035
2025-11-04 15:00:00+00:00,240203.306034,704989.336194,797
2025-11-04 15:45:00+00:00,712123.335986,1256457.407676,1299
2025-11-04 16:30:00+00:00,304301.932178,631307.916848,784
2025-11-04 17:15:00+00:00,1952677.81889,2934208.905838,1635
2025-11-04 18:00:00+00:00,5217943.286572,15746118.370854,2488
2025-11-04 18:45:00+00:00,96432.82600000004,7421389.273774,1057
2025-11-04 19:30:00+00:00,22000.000000000004,550766.12,369
2025-11-04 20:15:00+00:00,4000.0,737744.86,294
2025-11-04 21:00:00+00:00,-53.68000000000029,301346.48,323
2025-11-04 21:45:00+00:00,0.0,157.08,2
