window,trade_imbalance,total_volume,trade_count,price_first,price_last,price_mean,mid_first,mid_last,snapshot_count,avg_bid_size,avg_ask_size,avg_total_bid,avg_total_ask,delta_mid_price,delta_mid_ticks,avg_depth_l1,avg_depth_l2
2025-10-15 00:00:00+00:00,-19140.572884,69549.33744,129,0.882,0.8829996870153327,0.6869612142931827,0.785,0.785,1,240.77,7045.0,1086854.04,703435.8899999999,0.0,0.0,3642.885,895144.965
2025-10-15 00:45:00+00:00,55471.663356000005,346674.963378,336,0.8829998271085647,0.88,0.7404895600625708,0.785,0.785,1,290.03,6917.73,1090242.1700000002,702828.6199999999,0.0,0.0,3603.8799999999997,896535.395
2025-10-15 01:30:00+00:00,12536.358873999998,158310.300698,238,0.881,0.88,0.771698190325127,0.785,0.785,2,393.88,6575.23,1088534.375,702833.845,0.0,0.0,3484.555,895684.11
2025-10-15 03:00:00+00:00,34837.251782,272857.736676,239,0.881,0.88,0.6669955151141023,0.785,0.785,1,366.1,5225.9,1089366.9500000002,702548.7599999999,0.0,0.0,2796.0,895957.855
2025-10-15 04:30:00+00:00,8931.71844,356429.502356,382,0.12,0.88,0.5974044537355802,0.785,0.785,5,312.608,4904.616,1086588.548,702423.7359999998,0.0,0.0,2608.612,894506.1419999999
2025-10-15 06:45:00+00:00,12805.723218,35100.415012,110,0.12,0.88,0.6861909005139735,0.785,0.815,13,7529.274615384615,820.48,1094541.1530769232,696406.5807692307,0.029999999999999916,2.9999999999999916,4174.877307692307,895473.866923077
2025-10-15 07:30:00+00:00,8442.687354000002,77695.698244,174,0.879,0.8799999647998255,0.6394760428300796,0.815,0.815,5,7981.270000000001,60.08399999999999,1096464.01,700654.394,0.0,0.0,4020.6770000000006,898559.202
2025-10-15 08:15:00+00:00,24457.083174,90370.539312,163,0.8799999647998255,0.879,0.6229878118340534,0.825,0.8200000000000001,5,1670.89,6448.14,1097601.94,702299.35,-0.004999999999999893,-0.49999999999998934,4059.5150000000003,899950.645
2025-10-15 09:00:00+00:00,34814.387274,154382.249018,147,0.121,0.1200000352001745,0.5897754764417644,0.8200000000000001,0.8200000000000001,1,8472.94,7013.65,1095354.55,705703.0299999999,0.0,0.0,7743.295,900528.79
2025-10-15 09:45:00+00:00,46561.221414,116125.86392,300,0.8799999961572024,0.876,0.5528096497078968,0.825,0.825,1,643.32,7022.44,1097313.86,707495.5399999999,0.0,0.0,3832.8799999999997,902404.7
2025-10-15 10:30:00+00:00,25756.489970000002,49833.650616,95,0.124,0.879,0.639177607428374,0.825,0.825,3,627.65,6752.196666666667,1099006.8566666667,706509.1033333332,0.0,0.0,3689.923333333333,902757.98
2025-10-15 11:15:00+00:00,9589.415538,25378.06248,86,0.8789999996636956,0.878,0.6936045797801369,0.825,0.825,3,962.3766666666667,5351.356666666667,1099390.3866666667,704627.6066666666,0.0,0.0,3156.866666666667,902008.9966666666
2025-10-15 12:00:00+00:00,18802.775584,107330.10913,166,0.1210000019057445,0.1219999917233478,0.6229397442563694,0.825,0.825,1,962.36,3048.79,1097858.37,702728.0599999999,0.0,0.0,2005.575,900293.2150000001
2025-10-15 12:45:00+00:00,8778.958888,44800.578888000004,106,0.8789999050676305,0.877,0.5212794481015862,0.825,0.825,2,1071.6,2586.295,1099810.61,701698.4249999999,0.0,0.0,1828.9475,900754.5175000001
2025-10-15 13:30:00+00:00,53681.45489,123639.924612,89,0.122,0.879000058654242,0.6650998344877678,0.825,0.825,1,822.67,2333.78,1098368.68,702998.6799999998,0.0,0.0,1578.2250000000001,900683.6799999999
2025-10-15 14:15:00+00:00,38486.381268,187998.844012,124,0.879,0.8810000937676056,0.6595469842978616,0.825,0.825,1,668.67,4150.14,1098569.68,704880.9499999998,0.0,0.0,2409.405,901725.315
2025-10-15 15:00:00+00:00,-1212.1289259999999,8008.77377,52,0.118,0.8819999993508175,0.7349230369220847,0.825,0.825,2,786.175,4128.565,1100662.685,706597.3749999999,0.0,0.0,2457.37,903630.03
2025-10-15 15:45:00+00:00,37.03142399999999,2377.320112,37,0.8819996736594681,0.8819999530334908,0.7785675079154643,0.825,0.825,3,768.6966666666667,3335.2466666666664,1099968.3733333333,704938.1599999998,0.0,0.0,2051.9716666666664,902453.2666666666
2025-10-15 16:30:00+00:00,3938.502072,99648.21059,112,0.8819999943475654,0.881,0.6493482083768597,0.825,0.825,1,779.05,3008.71,1099485.06,704880.2099999998,0.0,0.0,1893.88,902182.635
2025-10-15 17:15:00+00:00,-6088.381262,16758.308792,61,0.8809997676617056,0.8819999336094475,0.5937376832845805,0.825,0.8200000000000001,3,2921.3266666666673,2349.383333333333,1098370.5366666669,703285.9399999998,-0.004999999999999893,-0.49999999999998934,2635.3550000000005,900828.2383333333
2025-10-15 21:45:00+00:00,16768.039622,48368.739846000004,101,0.879,0.877,0.5260398756461866,0.815,0.815,1,9221.64,975.0,1095487.25,700910.5899999999,0.0,0.0,5098.32,898198.9199999999
2025-10-16 00:45:00+00:00,200704.093486,791526.419462,612,0.122000004214402,0.879,0.6692628190762696,0.815,0.815,1,8878.44,1441.0,1101250.05,700757.2199999997,0.0,0.0,5159.72,901003.6349999999
2025-10-16 03:45:00+00:00,11915.890534000002,223870.616512,363,0.8769996728784678,0.124,0.7706591916512667,0.815,0.815,2,9510.785,3140.77,1098062.395,704327.3399999999,0.0,0.0,6325.7775,901194.8674999999
2025-10-16 04:30:00+00:00,729.5483839999997,48263.968078,202,0.876,0.125,0.7459108596642748,0.815,0.8200000000000001,3,9545.016666666666,2524.3866666666668,1100499.96,703858.1099999999,0.0050000000000001155,0.5000000000000115,6034.701666666667,902179.0349999999
2025-10-17 21:00:00+00:00,54063.905874000004,257458.891936,315,0.0810000000069043,0.918,0.8092352281408796,0.81,0.81,1,226.87,155.39,1083150.38,706718.02,0.0,0.0,191.13,894934.2
2025-10-17 21:45:00+00:00,9375.468016000003,237922.980844,229,0.9189999998299688,0.919,0.7613497121837558,0.81,0.815,2,225.45,1284.43,1079964.5899999999,709469.06,0.004999999999999893,0.49999999999998934,754.94,894716.825
2025-10-17 23:15:00+00:00,-3509.5357619999995,373751.131142,326,0.081,0.918,0.8060022921429664,0.8200000000000001,0.8200000000000001,1,194.8,2539.58,1091418.94,711232.21,0.0,0.0,1367.19,901325.575
2025-10-18 04:30:00+00:00,21229.74916,70515.007402,219,0.918999994754666,0.918,0.7731643608264915,0.8200000000000001,0.8200000000000001,1,243.06,3015.66,1091841.2,717905.29,0.0,0.0,1629.36,904873.245
2025-10-18 06:00:00+00:00,76698.488438,375043.893606,685,0.081,0.9159999996028124,0.7089631421693159,0.8200000000000001,0.8200000000000001,1,290.23,3406.68,1093817.37,718333.8200000001,0.0,0.0,1848.455,906075.5950000001
2025-10-18 06:45:00+00:00,-257.77419999999995,86446.712558,191,0.915,0.9149999108105968,0.6845902311720561,0.8200000000000001,0.825,2,1155.8899999999999,2926.97,1091518.56,710213.11,0.004999999999999893,0.49999999999998934,2041.4299999999998,900865.835
2025-10-18 07:30:00+00:00,-20123.113182000005,213071.000764,284,0.0859999286199878,0.089,0.8284097372254707,0.8200000000000001,0.8200000000000001,3,244.85666666666665,1910.6266666666668,1091399.9966666664,708803.7666666667,0.0,0.0,1077.7416666666668,900101.8816666666
2025-10-18 08:15:00+00:00,27902.227808,146956.691624,271,0.911,0.913,0.7636833350441585,0.8200000000000001,0.815,2,1188.285,615.3449999999999,1092976.9849999999,707090.5800000001,-0.0050000000000001155,-0.5000000000000115,901.815,900033.7825
2025-10-18 11:15:00+00:00,-17010.397748,95530.980602,114,0.912999971696916,0.91399999318156,0.7024167766884155,0.825,0.825,1,3239.94,8115.74,1097295.0799999998,707458.82,0.0,0.0,5677.84,902376.95
2025-10-18 12:45:00+00:00,-30012.413256,53919.867928,80,0.083,0.0829999856023758,0.791627386347632,0.8200000000000001,0.8200000000000001,2,3562.495,287.40500000000003,1095770.6349999998,703050.025,0.0,0.0,1924.95,899410.3299999998
2025-10-18 18:45:00+00:00,-14875.25441,77803.734754,177,0.917,0.917,0.7573759854884577,0.8200000000000001,0.8200000000000001,1,295.32,32.82,1090436.6700000002,700789.2399999999,0.0,0.0,164.07,895612.9550000001
2025-10-18 21:00:00+00:00,-11204.171839999997,406302.135412,411,0.9170000217784264,0.917,0.8626496311140908,0.8200000000000001,0.815,2,250.11499999999998,77.615,1090322.4649999999,700235.03,-0.0050000000000001155,-0.5000000000000115,163.86499999999998,895278.7474999999
2025-10-18 22:30:00+00:00,133781.16027000002,226139.172064,155,0.9180000011657145,0.917,0.6743621459234708,0.815,0.815,1,345.2,25.62,1089199.55,699483.2,0.0,0.0,185.41,894341.375
2025-10-19 00:00:00+00:00,16205.514078,80950.804774,129,0.9149999908499816,0.0840000293120283,0.5996577994453873,0.815,0.815,2,420.91,13.26,1090465.2600000002,697054.52,0.0,0.0,217.085,893759.8900000001
2025-10-19 02:15:00+00:00,48512.656314,251066.101626,748,0.916,0.915,0.7382888103755537,0.8200000000000001,0.825,2,382.82500000000005,4399.275,1088269.175,698336.845,0.004999999999999893,0.49999999999998934,2391.0499999999997,893303.01
2025-10-19 03:45:00+00:00,13517.198900000001,103351.678446,318,0.915,0.9169999995871188,0.7901753697220459,0.825,0.825,3,718.5366666666667,8016.163333333333,1089832.22,702570.81,0.0,0.0,4367.349999999999,896201.515
2025-10-19 04:30:00+00:00,38268.311638,195257.06225,648,0.916,0.0820000001102813,0.7756017161268913,0.83,0.83,1,606.27,6894.13,1095842.53,707224.11,0.0,0.0,3750.2,901533.3200000001
2025-10-19 05:15:00+00:00,18032.146526,234410.7788,831,0.917,0.918,0.7859663461006327,0.83,0.83,2,794.8399999999999,5934.48,1095601.6,709190.96,0.0,0.0,3364.66,902396.28
2025-10-19 06:45:00+00:00,1289.78796,72633.691376,241,0.9189992445811102,0.0819999991869198,0.6092696824764099,0.83,0.83,1,1021.48,6992.29,1088161.74,703880.27,0.0,0.0,4006.885,896021.005
2025-10-19 07:30:00+00:00,49571.976112000004,86368.427426,267,0.0819999985699199,0.918999999572708,0.686363283033602,0.83,0.83,2,1108.35,6988.219999999999,1097740.61,709892.7,0.0,0.0,4048.285,903816.655
2025-10-19 09:00:00+00:00,112535.220662,182609.712396,294,0.0819999841578226,0.918,0.6792102904959056,0.83,0.83,1,1403.34,5966.22,1098143.6,708886.2,0.0,0.0,3684.78,903514.9
2025-10-19 12:00:00+00:00,4862.312674,10773.112674,38,0.92,0.92,0.5662105263157895,0.83,0.83,1,2316.74,2530.41,1089407.1,703124.62,0.0,0.0,2423.575,896265.8600000001
2025-10-19 13:30:00+00:00,10025.094022,56334.381438000004,117,0.92,0.0780000060349139,0.7917234312891537,0.83,0.83,1,764.69,2530.41,1087909.05,702997.49,0.0,0.0,1647.55,895453.27
2025-10-19 14:15:00+00:00,11737.137674,13742.877674,51,0.0780000534764781,0.0780000031376967,0.5577254901960784,0.83,0.83,1,2105.29,2518.22,1089249.65,705046.2999999999,0.0,0.0,2311.755,897147.9749999999
2025-10-19 15:00:00+00:00,14834.001458,69535.17563,176,0.921000049491182,0.0779999497727215,0.6726713821842375,0.83,0.83,1,2940.97,1518.22,1086178.33,697908.4299999999,0.0,0.0,2229.595,892043.38
2025-10-19 15:45:00+00:00,-16.939341999999982,18590.081248,138,0.077,0.9229997856759576,0.738930377733163,0.83,0.83,3,2748.43,1503.5233333333333,1086031.79,697900.4,0.0,0.0,2125.9766666666665,891966.095
2025-10-19 17:15:00+00:00,11291.553562,13978.666009999999,172,0.9220000618222304,0.9219994870884988,0.6919418187300035,0.83,0.83,1,2367.5,1501.53,1088712.86,700434.74,0.0,0.0,1934.5149999999999,894573.8
2025-10-19 20:15:00+00:00,13878.441178,52689.05959,257,0.9229999998735616,0.078,0.6726264153422588,0.83,0.83,2,1822.94,1645.5749999999998,1086554.21,699771.655,0.0,0.0,1734.2575,893162.9325
2025-10-19 21:00:00+00:00,-8507.705022,53104.672852,215,0.923,0.076,0.682855301617717,0.83,0.83,1,2667.94,1765.81,1090175.21,701666.89,0.0,0.0,2216.875,895921.05
2025-10-19 22:30:00+00:00,22640.203279999998,89959.45552999999,323,0.924,0.076,0.6770868451699189,0.83,0.83,1,2377.94,1265.81,1087420.0,703476.92,0.0,0.0,1821.875,895448.46
2025-10-20 02:15:00+00:00,22105.67895,151529.556438,290,0.9320000585056653,0.93,0.7229861850504821,0.825,0.825,2,2257.025,0.9,1079948.085,697430.2100000001,0.0,0.0,1128.9625,888689.1475
2025-10-20 03:45:00+00:00,115327.55418800001,891600.858308,518,0.0690000039192002,0.063,0.6346851922212442,0.825,0.825,1,2198.79,0.9,1086381.85,705782.15,0.0,0.0,1099.845,896082.0
2025-10-20 05:15:00+00:00,17732.219591999998,127877.027522,396,0.9359999467882164,0.936,0.7927212033912252,0.83,0.83,2,2212.64,1920.38,1086327.7000000002,706122.36,0.0,0.0,2066.51,896225.03
2025-10-20 06:00:00+00:00,-474.1262480000014,437618.470886,594,0.9359999960700554,0.0659999566147025,0.7462908594014276,0.835,0.83,2,2081.25,1164.42,1085595.775,710015.4799999999,-0.0050000000000000044,-0.5000000000000004,1622.835,897805.6275
2025-10-20 11:15:00+00:00,19560.385653999998,160963.541068,168,0.0699999362999942,0.931,0.5873000985796885,0.83,0.83,1,2065.61,903.59,1078897.6700000002,704840.7299999999,0.0,0.0,1484.6000000000001,891869.2
2025-10-20 12:00:00+00:00,11993.219847999999,93404.915792,111,0.931,0.934,0.5192040953015353,0.83,0.83,1,1764.22,902.39,1079724.28,702746.3799999999,0.0,0.0,1333.305,891235.33
2025-10-20 12:45:00+00:00,24849.124286000002,167615.948236,248,0.066,0.067,0.6918530235783117,0.83,0.83,1,1734.37,901.19,1074115.4300000002,700912.1799999998,0.0,0.0,1317.78,887513.8049999999
2025-10-20 15:45:00+00:00,26797.062697999994,132544.90295,131,0.928,0.928,0.509537802975317,0.83,0.83,1,2044.66,897.35,1080132.72,700720.3399999999,0.0,0.0,1471.005,890426.5299999999
2025-10-20 16:30:00+00:00,4183.310916,23768.300806,51,0.071,0.9299999841963212,0.5755969545436466,0.825,0.825,1,1912.18,265.46,1085226.24,698524.7999999998,0.0,0.0,1088.82,891875.5199999999
2025-10-20 17:15:00+00:00,10763.604438,17212.686902,91,0.928,0.9289999925743514,0.7306263728165117,0.825,0.825,2,1827.18,265.46,1082965.74,700664.1799999998,0.0,0.0,1046.32,891814.96
2025-10-20 19:30:00+00:00,-994.2482800000007,107030.92375,225,0.925,0.926,0.664851481821032,0.825,0.825,2,1479.935,117.26,1082461.585,699815.9149999999,0.0,0.0,798.5975,891138.75
2025-10-20 20:15:00+00:00,-30391.839836,121886.80483,339,0.9269999927439054,0.925999999598332,0.7703185733440541,0.825,0.83,2,1263.34,687.305,1082420.59,700770.4899999999,0.0050000000000000044,0.5000000000000004,975.3225,891595.54
2025-10-21 01:30:00+00:00,114.35043199999963,275056.025988,563,0.926,0.9279999992576,0.8492433292719844,0.835,0.835,1,328.79,1257.35,1089083.28,703739.2999999998,0.0,0.0,793.0699999999999,896411.2899999999
2025-10-21 02:15:00+00:00,60114.063802,382097.71576,766,0.926,0.9279999197991076,0.8180535140452168,0.835,0.835,1,326.09,1257.35,1087242.4900000002,702854.0399999998,0.0,0.0,791.7199999999999,895048.265
2025-10-21 03:00:00+00:00,54299.767874,255400.936916,284,0.9270000669410056,0.073,0.7860544021175976,0.835,0.835,1,377.79,1107.35,1087312.1900000002,706772.3199999997,0.0,0.0,742.5699999999999,897042.2549999999
2025-10-21 05:15:00+00:00,8096.120538000001,86220.12824399999,394,0.0740000036262957,0.0740000000780833,0.7418836086119214,0.835,0.835,1,1285.66,1107.35,1094233.06,709395.9199999998,0.0,0.0,1196.505,901814.49
2025-10-21 06:45:00+00:00,81064.503776,356678.97562,233,0.925,0.9259995258872944,0.6661647541368274,0.835,0.835,1,31555.99,809.73,1118707.48,702637.0099999998,0.0,0.0,16182.86,910672.2449999999
2025-10-21 11:15:00+00:00,1197.8399999999997,36415.205602,70,0.92,0.078,0.8129428047927567,0.835,0.835,1,31315.98,804.73,1125022.38,705248.0799999998,0.0,0.0,16060.355,915135.2299999999
2025-10-21 12:00:00+00:00,604.429865999999,56705.71578,114,0.921,0.078,0.80348238810397,0.835,0.835,4,31038.2,944.26,1118043.4175,699334.4824999998,0.0,0.0,15991.23,908688.95
2025-10-21 12:45:00+00:00,21937.238602,42122.406102,82,0.9229999932106248,0.079,0.6130384252611076,0.835,0.835,4,30785.4525,415.14,1113604.9425000001,696515.7874999999,0.0,0.0,15600.29625,905060.365
2025-10-21 15:00:00+00:00,43988.144522,175264.635278,175,0.08,0.923,0.7018944139030268,0.835,0.835,2,30728.64,370.81,1116742.54,699174.6199999999,0.0,0.0,15549.725,907958.58
2025-10-21 15:45:00+00:00,758.203968,5695.997172,54,0.9230000055055,0.923,0.6725484042560511,0.84,0.835,2,30468.96,798.8299999999999,1110354.3599999999,693362.6499999999,-0.0050000000000000044,-0.5000000000000004,15633.895,901858.5049999999
2025-10-21 16:30:00+00:00,-556.1789780000001,11681.232834,40,0.9229998301286342,0.924,0.7960019020847084,0.835,0.835,1,30223.99,608.8,1113165.39,697152.3499999999,0.0,0.0,15416.395,905158.8699999999
2025-10-21 17:15:00+00:00,1283.2323959999972,39459.85284,73,0.076,0.925,0.8427122894358645,0.835,0.85,6,12479.801666666666,4352.6016666666665,1107084.715,702843.7949999999,0.015000000000000013,1.5000000000000013,8416.201666666666,904964.255
2025-10-21 18:00:00+00:00,16341.111566000001,22273.352176,113,0.924,0.076,0.8117875762625961,0.845,0.845,1,30140.65,8389.0,1104079.25,702598.1299999999,0.0,0.0,19264.825,903338.69
2025-10-21 18:45:00+00:00,14775.549498,72292.251082,238,0.9249999985036764,0.925,0.7959327706083384,0.835,0.835,1,30242.28,76.0,1110869.97,707811.14,0.0,0.0,15159.14,909340.5549999999
2025-10-21 19:30:00+00:00,-7312.169069999999,268135.187524,598,0.074,0.928,0.7758430582501606,0.835,0.835,1,30242.28,31.0,1110877.88,706146.71,0.0,0.0,15136.64,908512.2949999999
2025-10-21 21:45:00+00:00,2209.1822119999997,11330.179808,101,0.072,0.9289997310543088,0.8352078695389615,0.845,0.845,1,1149.89,360.0,1112738.38,703563.24,0.0,0.0,754.945,908150.8099999999
2025-10-22 00:00:00+00:00,30816.669748,305098.86215,419,0.93,0.07,0.8272895653710676,0.845,0.845,1,513.52,1360.0,1108860.67,706417.54,0.0,0.0,936.76,907639.105
2025-10-22 03:45:00+00:00,81611.178304,578822.775332,394,0.934,0.933,0.8430879796796549,0.855,0.855,2,30913.0,6473.49,1120116.94,710433.2149999999,0.0,0.0,18693.245,915275.0774999999
2025-10-22 04:30:00+00:00,65428.496972,326816.03605,352,0.9339999914072,0.9339998969535708,0.859579528038416,0.855,0.855,3,21622.806666666667,5282.696666666667,1114630.08,710645.3099999997,0.0,0.0,13452.751666666667,912637.6949999998
2025-10-22 07:30:00+00:00,34821.061866,230104.36781,268,0.934,0.934,0.7657425316580474,0.865,0.865,2,127.0,2875.63,1094975.78,708078.3999999998,0.0,0.0,1501.315,901527.0899999999
2025-10-22 08:15:00+00:00,135985.043948,509554.81955,323,0.934,0.9349999969039732,0.6895034565587079,0.865,0.865,1,127.0,3111.49,1092686.16,708210.9799999997,0.0,0.0,1619.245,900448.5699999998
2025-10-22 09:00:00+00:00,38311.826268000004,284059.468648,273,0.934,0.931,0.7910744847570833,0.865,0.865,3,103.19,3143.8799999999997,1091832.14,702751.9599999998,0.0,0.0,1623.5349999999999,897292.0499999998
2025-10-22 09:45:00+00:00,83.0775839999992,75931.358836,275,0.933,0.9329998707033856,0.8375754464004127,0.865,0.86,4,2296.9925000000003,2856.9525,1091033.4025,703889.47,-0.0050000000000000044,-0.5000000000000004,2576.9725,897461.43625
2025-10-22 12:00:00+00:00,8095.951863999999,242764.880952,85,0.0680000059648065,0.931999970548798,0.7896255648876229,0.86,0.86,1,3900.1,2333.98,1087412.14,703704.5699999997,0.0,0.0,3117.04,895558.3549999997
2025-10-22 12:45:00+00:00,-54.339045999999826,43822.197638,107,0.068,0.931,0.8026896979658209,0.86,0.86,2,3485.75,1408.98,1082142.79,702203.0099999998,0.0,0.0,2447.365,892172.8999999999
2025-10-22 13:30:00+00:00,36375.834372,42753.114372000004,55,0.067,0.066,0.5075391514655111,0.86,0.86,1,3752.6,1192.13,1079728.64,695987.9499999998,0.0,0.0,2472.365,887858.2949999999
2025-10-22 14:15:00+00:00,6220.748229999999,10208.194006,57,0.066,0.9339999910587864,0.5075438592946351,0.855,0.855,1,2239.8,1192.13,1077390.04,692845.1799999998,0.0,0.0,1715.9650000000001,885117.6099999999
2025-10-22 15:00:00+00:00,-36362.323314,131291.312172,85,0.9339999105227906,0.931,0.5965949982331415,0.85,0.85,2,2458.675,213.10000000000002,1080472.415,695392.7349999999,0.0,0.0,1335.8875,887932.575
2025-10-22 16:30:00+00:00,10404.559966,69842.567816,58,0.93,0.9309999874314372,0.7074111292471192,0.85,0.85,1,2258.36,47.98,1085455.6,695252.6299999999,0.0,0.0,1153.17,890354.115
2025-10-22 17:15:00+00:00,8737.380000000003,77736.673892,69,0.929,0.93,0.7933891057830887,0.86,0.86,1,200.0,2822.84,1085752.94,694588.3399999999,0.0,0.0,1511.42,890170.6399999999
2025-10-22 21:00:00+00:00,11741.137141999998,115736.081512,188,0.071,0.9259999562001976,0.7815476477186286,0.845,0.845,1,2139.7,100.0,1080490.04,694580.4899999999,0.0,0.0,1119.85,887535.2649999999
2025-10-22 23:15:00+00:00,52067.677334,148186.337334,307,0.926,0.926,0.6841791530944625,0.85,0.85,1,2494.22,223.58,1081984.46,692853.7699999999,0.0,0.0,1358.8999999999999,887419.115
2025-10-23 00:00:00+00:00,881.31511,81116.824868,322,0.925,0.073,0.8048769814781155,0.85,0.85,1,2494.22,724.0,1081973.56,693040.7299999999,0.0,0.0,1609.11,887507.145
2025-10-23 00:45:00+00:00,10446.50919,190016.971444,411,0.929,0.07,0.817527242026218,0.85,0.85,3,2492.77,713.3333333333334,1080433.4100000001,696667.4799999999,0.0,0.0,1603.0516666666667,888550.4450000001
2025-10-23 02:15:00+00:00,79369.049988,496155.631404,624,0.929,0.0720000222720662,0.8370944346317136,0.855,0.855,1,497.31,1293.24,1084793.9,699176.3499999999,0.0,0.0,895.275,891985.1249999999
2025-10-23 05:15:00+00:00,12810.103363999999,453471.916424,708,0.93,0.069,0.6378894262133361,0.85,0.85,1,1591.1,4735.66,1089369.34,706065.5299999999,0.0,0.0,3163.38,897717.435
2025-10-23 09:00:00+00:00,47941.681318,146966.235688,285,0.926,0.920999995901361,0.6685267030624815,0.85,0.85,1,604.14,2560.72,1083516.38,714796.5899999999,0.0,0.0,1582.4299999999998,899156.4849999999
2025-10-23 11:15:00+00:00,3438.1114519999996,15547.89704,74,0.9239999778239985,0.9239999998152,0.8091080955093405,0.865,0.865,3,560.9433333333333,7025.223333333334,1087191.61,717433.2433333332,0.0,0.0,3793.083333333334,902312.4266666666
2025-10-23 12:45:00+00:00,18974.633471999998,30033.070724,84,0.925,0.925,0.6418452548633321,0.865,0.865,1,549.84,2222.07,1077949.84,712422.0599999998,0.0,0.0,1385.9550000000002,895185.95
2025-10-23 13:30:00+00:00,199.88986999999997,5620.79724,30,0.92500000328125,0.074,0.727258469571927,0.865,0.865,1,549.84,1638.62,1072138.84,707396.6099999999,0.0,0.0,1094.23,889767.725
2025-10-23 14:15:00+00:00,4072.867554,28581.191396000002,71,0.0739999342879926,0.9279999977919048,0.7468181398667735,0.865,0.865,3,241.61333333333334,1846.6066666666666,1073016.62,706899.6066666665,0.0,0.0,1044.11,889958.1133333333
2025-10-23 15:00:00+00:00,4632.163088,11057.229172,62,0.927999989614402,0.9269995652363344,0.7891535734528258,0.855,0.84,3,946.7966666666666,650.9033333333333,1075187.3833333335,709241.2066666664,-0.015000000000000013,-1.5000000000000013,798.8499999999999,892214.2949999999
2025-10-23 17:15:00+00:00,35136.538598,61868.584127999995,91,0.075,0.071,0.617451136042697,0.835,0.835,3,737.9066666666666,812.6333333333333,1077218.5,710085.4133333331,0.0,0.0,775.27,893651.9566666665
2025-10-23 18:00:00+00:00,15240.9661,45981.101512,183,0.928999999787104,0.071,0.6943110437288789,0.835,0.835,1,170.06,1082.11,1074138.4200000002,707973.7899999999,0.0,0.0,626.0849999999999,891056.105
2025-10-23 18:45:00+00:00,-2411.686192,97593.669678,332,0.929,0.9289999991500552,0.8252678446479125,0.825,0.825,5,887.6,44.0,1075225.25,709323.1899999998,0.0,0.0,465.8,892274.22
2025-10-23 19:30:00+00:00,13547.240236,131115.975724,468,0.928999999082937,0.929,0.8463805549805608,0.825,0.825,1,557.93,276.38,1077984.0699999998,709790.5699999998,0.0,0.0,417.155,893887.3199999998
2025-10-23 20:15:00+00:00,111057.385394,203949.168778,307,0.9289997310543088,0.0760000004206373,0.7850021190825245,0.825,0.8200000000000001,2,390.13,285.02,1074025.44,708722.1999999998,-0.004999999999999893,-0.49999999999998934,337.575,891373.8199999998
2025-10-23 21:45:00+00:00,649.6405180000003,18440.029368,165,0.9219998849343684,0.922,0.6770455842337798,0.815,0.815,1,210.0,643.8,1077240.34,709915.8999999999,0.0,0.0,426.9,893578.12
2025-10-23 23:15:00+00:00,-2712.4778459999998,110182.150356,383,0.922,0.923,0.7133237338398919,0.815,0.825,2,1855.0,119.165,1080804.72,712966.0499999999,0.010000000000000009,1.0000000000000009,987.0825,896885.385
2025-10-24 00:45:00+00:00,26587.24394,117376.333662,327,0.9259999999492295,0.9259999941305131,0.7121284192941614,0.83,0.83,2,3376.385,1653.27,1086708.575,712665.8399999999,0.0,0.0,2514.8275000000003,899687.2074999999
2025-10-24 01:30:00+00:00,58309.840346000005,98754.241314,232,0.9259999984092682,0.926,0.6394222491869472,0.835,0.83,3,1706.5966666666666,489.87999999999994,1080272.8833333335,713249.5799999997,-0.0050000000000000044,-0.5000000000000004,1098.2383333333332,896761.2316666667
2025-10-24 02:15:00+00:00,-15545.834124,133130.470706,375,0.926,0.929,0.7301979220142704,0.825,0.825,1,3124.19,193.92,1085975.42,723753.0799999998,0.0,0.0,1659.055,904864.2499999999
2025-10-24 03:00:00+00:00,6136.425336,74961.888978,262,0.929,0.07,0.6049961795947993,0.825,0.825,2,3113.07,186.08499999999998,1088051.6099999999,717984.4049999998,0.0,0.0,1649.5775,903018.0074999998
2025-10-24 03:45:00+00:00,41764.967786,152539.406704,698,0.07,0.07,0.5897808023798753,0.825,0.825,1,2721.47,178.25,1085477.9,718958.7999999998,0.0,0.0,1449.86,902218.3499999999
2025-10-24 04:30:00+00:00,37115.757258,99900.003434,693,0.93,0.93,0.6741673832972007,0.825,0.825,1,2721.47,374.63,1080276.04,717144.8499999997,0.0,0.0,1548.05,898710.4449999998
2025-10-24 05:15:00+00:00,38615.17248,113894.509642,719,0.9299999991816,0.0700000008439205,0.6367635581468876,0.825,0.825,2,1321.47,174.63,1077526.04,715384.8499999999,0.0,0.0,748.05,896455.445
2025-10-24 06:00:00+00:00,231623.619262,815799.01943,1703,0.93,0.933,0.670373162457349,0.825,0.825,1,521.37,637.06,1077826.2100000002,712433.8599999999,0.0,0.0,579.2149999999999,895130.035
2025-10-24 08:15:00+00:00,77481.960078,227142.38871,681,0.933999990424042,0.933,0.7654082078446929,0.825,0.825,1,517.32,450.84,1080611.16,713310.5399999998,0.0,0.0,484.08000000000004,896960.8499999999
2025-10-24 09:00:00+00:00,-11999.338356,53376.4732,516,0.933,0.93199999921712,0.8133421708894245,0.825,0.8200000000000001,8,738.04125,400.1275,1081002.4537499999,717710.2949999998,-0.004999999999999893,-0.49999999999998934,569.084375,899356.3743749999
2025-10-24 09:45:00+00:00,-2717.684354,65118.730687999996,625,0.9319999435633056,0.932,0.9083679763210594,0.815,0.8200000000000001,3,2349.9733333333334,2297.076666666667,1075728.9000000001,710662.9533333331,0.0050000000000001155,0.5000000000000115,2323.525,893195.9266666666
2025-10-24 10:30:00+00:00,33804.074645999994,149081.355554,795,0.932,0.933,0.7498968507281037,0.815,0.815,3,2143.22,159.60999999999999,1076097.4800000002,711459.8899999998,0.0,0.0,1151.415,893778.685
2025-10-24 11:15:00+00:00,30926.322484,81067.490736,691,0.0660000002480237,0.936,0.6123548846010811,0.815,0.8200000000000001,4,1906.95,1827.68,1073796.71,712101.4349999998,0.0050000000000001155,0.5000000000000115,1867.315,892949.0724999999
2025-10-24 12:00:00+00:00,41614.786294,70117.446178,535,0.064,0.937,0.5889783506475079,0.825,0.84,10,112.894,1891.1950000000002,1069390.06,701246.7469999999,0.015000000000000013,1.5000000000000013,1002.0445000000001,885318.4035
2025-10-24 12:45:00+00:00,16606.897402,81488.866596,544,0.937,0.938,0.8712720510215798,0.845,0.845,9,1023.2955555555556,1525.9244444444444,1101048.3311111114,704771.7666666666,0.0,0.0,1274.61,902910.048888889
2025-10-24 13:30:00+00:00,-52971.86190599999,138206.967488,555,0.938,0.937,0.847536922155173,0.845,0.845,4,3454.365,960.01,1102819.8450000002,702945.5174999998,0.0,0.0,2207.1875,902882.68125
2025-10-24 14:15:00+00:00,-911.9008720000002,128945.79988,539,0.937,0.936,0.8763654887548221,0.845,0.845,12,3633.8633333333332,2864.7833333333333,1103447.3783333334,704815.85,0.0,0.0,3249.3233333333333,904131.6141666668
2025-10-24 16:30:00+00:00,1079.0862679999998,38207.027424,265,0.936,0.93599999047559,0.7879093833620678,0.845,0.845,1,4783.67,2791.95,1108493.86,707179.8099999998,0.0,0.0,3787.81,907836.835
2025-10-24 17:15:00+00:00,-1115.8400000000001,11630.200956,88,0.9359999748915088,0.936,0.9060340724548321,0.845,0.845,4,4722.36,2803.3900000000003,1106406.1700000002,706642.6999999998,0.0,0.0,3762.875,906524.435
2025-10-24 18:45:00+00:00,-13102.115258000002,50167.81082,227,0.934,0.934,0.4827921722855001,0.845,0.845,2,7975.790000000001,932.48,1109782.98,704810.7999999998,0.0,0.0,4454.135,907296.8899999999
2025-10-24 19:30:00+00:00,-27182.465556,105213.93067,338,0.9349999766249188,0.069,0.7606407353389164,0.845,0.845,3,12230.366666666667,930.9066666666668,1114284.7233333334,703395.7533333333,0.0,0.0,6580.636666666667,908840.2383333333
2025-10-24 20:15:00+00:00,-118595.751718,192282.59187200002,301,0.9319999515359833,0.935,0.8013180762510632,0.845,0.845,1,12609.61,930.12,1112051.87,702399.5199999998,0.0,0.0,6769.865000000001,907225.695
2025-10-24 21:00:00+00:00,-57513.1,152848.92748,304,0.935999969367268,0.933,0.7767730104351868,0.845,0.845,1,12522.5,930.12,1114360.76,703173.1099999999,0.0,0.0,6726.31,908766.9349999999
2025-10-24 21:45:00+00:00,-137942.822232,411492.329188,289,0.9329996820023434,0.9329999988990928,0.6755294109112374,0.845,0.845,3,7418.856666666667,506.05333333333334,1108310.45,706324.443333333,0.0,0.0,3962.455,907317.4466666665
2025-10-24 23:15:00+00:00,37515.284396,143016.3302,307,0.93599999908055,0.063,0.643789243668481,0.845,0.845,2,5279.74,1392.5,1110481.0,703556.8200000001,0.0,0.0,3336.12,907018.91
2025-10-25 00:00:00+00:00,-2066.810994000001,171017.861644,435,0.938,0.9379999549759122,0.7626620097599447,0.845,0.855,4,4750.7575,1413.195,1110745.0175,703311.07,0.010000000000000009,1.0000000000000009,3081.9762499999997,907028.04375
2025-10-25 00:45:00+00:00,20833.616312000002,223176.192432,371,0.063,0.939,0.5222991913745455,0.845,0.85,4,6250.2225,1097.77,1111637.0075000003,710162.0725,0.0050000000000000044,0.5000000000000004,3673.99625,910899.5400000002
2025-10-25 01:30:00+00:00,-343.98646600000285,177508.043036,347,0.0610000000694107,0.062,0.6378587602655127,0.85,0.85,1,6773.86,416.41,1104494.2400000002,710101.11,0.0,0.0,3595.1349999999998,907297.675
2025-10-25 02:15:00+00:00,-3728.198966,78170.403038,299,0.06100000016902,0.9389999924421948,0.6306287338557067,0.85,0.855,4,7375.625,5706.725,1108645.975,718754.31,0.0050000000000000044,0.5000000000000004,6541.175,913700.1425000001
2025-10-25 03:45:00+00:00,25335.282531999997,117869.142532,233,0.939,0.939,0.7015579400086766,0.865,0.855,2,818.75,10698.44,1107497.85,721935.2999999999,-0.010000000000000009,-1.0000000000000009,5758.595,914716.575
2025-10-25 04:30:00+00:00,-12143.618882,108815.580992,451,0.94,0.9409999555847977,0.5598891018351944,0.85,0.86,2,4328.8949999999995,9830.470000000001,1108817.635,720193.6099999999,0.010000000000000009,1.0000000000000009,7079.682500000001,914505.6224999999
2025-10-25 05:15:00+00:00,19811.389874,105950.194688,442,0.941,0.0580000005894869,0.6736357312459413,0.86,0.86,2,1103.82,18222.28,1111577.0200000005,720523.1299999999,0.0,0.0,9663.05,916050.0750000002
2025-10-25 06:00:00+00:00,40554.097032000005,302398.236406,1018,0.941,0.9409999999979088,0.8969180106933133,0.855,0.855,17,429.22235294117644,758.0870588235293,1111956.9105882354,705204.0788235294,0.0,0.0,593.6547058823529,908580.4947058824
2025-10-25 06:45:00+00:00,-12494.181918,220420.039666,719,0.06,0.94,0.5839012448289134,0.85,0.85,2,7456.52,360.085,1112137.84,713656.1299999999,0.0,0.0,3908.3025000000002,912896.985
2025-10-25 07:30:00+00:00,1226.379577999999,150864.62327799998,1124,0.94,0.94,0.745905687786703,0.855,0.855,5,512.8100000000001,1064.566,1112359.7899999998,710115.164,0.0,0.0,788.6880000000001,911237.477
2025-10-25 08:15:00+00:00,20838.446294,175729.316226,637,0.94,0.0590000508142513,0.7631426198499596,0.85,0.855,4,7498.1849999999995,7820.595,1108005.975,710721.6699999999,0.0050000000000000044,0.5000000000000004,7659.389999999999,909363.8225
2025-10-25 09:00:00+00:00,39808.363430000005,387965.86068599997,1395,0.94,0.941,0.852094644136593,0.855,0.86,4,2241.5725,17141.6975,1108647.19,716942.6375,0.0050000000000000044,0.5000000000000004,9691.634999999998,912794.91375
2025-10-25 09:45:00+00:00,60454.158756,201899.421384,530,0.9419999994938104,0.942,0.8764622412422783,0.86,0.86,3,1247.1000000000001,16397.623333333333,1109024.5033333334,716234.8566666666,0.0,0.0,8822.361666666666,912629.6799999999
2025-10-25 10:30:00+00:00,59812.91717,103137.360634,761,0.942,0.0570000000253251,0.9095597786356018,0.855,0.855,4,1808.0775,587.4825000000001,1111143.1475,711263.53,0.0,0.0,1197.7800000000002,911203.33875
2025-10-25 11:15:00+00:00,55072.56561,138459.19752,200,0.942,0.94399999496533,0.8009549745692517,0.855,0.855,4,1636.1550000000002,353.0875,1109557.725,711346.6975,0.0,0.0,994.6212500000001,910452.21125
2025-10-25 12:45:00+00:00,54204.65234,87457.132944,86,0.944999997471406,0.056,0.7791837661290552,0.855,0.855,5,1796.266,320.07800000000003,1109506.736,712664.518,0.0,0.0,1058.172,911085.6270000001
2025-10-25 14:15:00+00:00,12846.274452,39632.137674,79,0.055,0.946,0.7654971094517592,0.855,0.855,3,1699.82,1024.3700000000001,1118932.5566666669,712594.6733333333,0.0,0.0,1362.095,915763.6150000001
2025-10-25 15:00:00+00:00,46235.747152,69317.638544,131,0.0530000132580528,0.947,0.7694274613251516,0.855,0.855,9,2112.945555555556,592.468888888889,1121773.237777778,711334.0077777778,0.0,0.0,1352.7072222222225,916553.622777778
2025-10-25 15:45:00+00:00,31232.087884,36012.147884,93,0.948,0.9470000250160008,0.5432150563469852,0.855,0.855,5,1531.7,7993.339999999999,1122619.7780000002,713458.452,0.0,0.0,4762.5199999999995,918039.1150000001
2025-10-25 16:30:00+00:00,40141.581498,103483.478364,112,0.052,0.9440000076740488,0.6677095916414889,0.855,0.855,4,1925.1075,711.2774999999999,1124584.1775000002,715668.8675,0.0,0.0,1318.1925,920126.5225000002
2025-10-25 17:15:00+00:00,14922.300444,45877.385894,82,0.945,0.9449999914744562,0.9013689157490254,0.855,0.85,8,3464.9375,631.12625,1123739.5462500001,715232.77875,-0.0050000000000000044,-0.5000000000000004,2048.031875,919486.1625000001
2025-10-25 18:00:00+00:00,91136.99610199999,125276.120742,300,0.9449999095499828,0.944763766756509,0.6749757145078935,0.86,0.86,1,123.88,14458.62,1119830.69,715688.9800000001,0.0,0.0,7291.25,917759.835
2025-10-25 18:45:00+00:00,254441.902504,542810.952292,473,0.945,0.9479999869807998,0.6633600740782645,0.86,0.86,1,6152.73,8985.63,1125665.54,708496.5800000001,0.0,0.0,7569.179999999999,917081.06
2025-10-25 19:30:00+00:00,141510.132676,331049.762114,419,0.9479999998653116,0.9469999867419472,0.5372843949887917,0.86,0.86,1,623.89,13204.96,1120638.7,714609.27,0.0,0.0,6914.424999999999,917623.985
2025-10-25 20:15:00+00:00,82480.388636,155018.562244,274,0.0530000132580528,0.0510000237253552,0.6762063625593754,0.86,0.86,1,632.6,13160.35,1120647.41,714592.0299999998,0.0,0.0,6896.475,917619.7199999999
2025-10-25 22:30:00+00:00,3517.068578,31656.050706,193,0.947,0.947,0.7389426073606935,0.865,0.865,3,231.66666666666666,9369.313333333334,1120918.9633333331,710835.5133333332,0.0,0.0,4800.49,915877.2383333332
2025-10-25 23:15:00+00:00,42526.173956000006,131678.01458,251,0.0520000004297137,0.948,0.715971706498461,0.855,0.855,1,25.82,257.47,1117982.63,713204.9999999998,0.0,0.0,141.645,915593.8149999998
2025-10-26 00:00:00+00:00,-5247.637618,80698.755848,324,0.948,0.9489999995464256,0.7935524196626581,0.855,0.855,2,335.35,498.52,1121391.26,713620.3849999998,0.0,0.0,416.935,917505.8224999999
2025-10-26 00:45:00+00:00,24873.922414,124633.854342,169,0.9489999990112707,0.9489999822125632,0.8424970103630376,0.855,0.855,2,518.34,752.49,1123132.15,712507.1649999998,0.0,0.0,635.415,917819.6574999999
2025-10-26 01:30:00+00:00,10238.57914,180742.308556,267,0.948,0.949999997118884,0.7976477749731787,0.855,0.855,7,519.5128571428571,757.9242857142857,1122443.1800000002,712449.7757142856,0.0,0.0,638.7185714285714,917446.4778571429
2025-10-26 02:15:00+00:00,16846.884236,217215.04767,413,0.949,0.052,0.8619299876184204,0.855,0.85,4,5149.672500000001,1622.8775,1120012.66,713937.1624999999,-0.0050000000000000044,-0.5000000000000004,3386.2750000000005,916974.9112499999
2025-10-26 03:00:00+00:00,94093.790184,144260.26033000002,212,0.9479999999075046,0.9439999305215911,0.6844813910249449,0.855,0.855,3,317.34999999999997,1734.1966666666667,1116759.6966666668,708676.2699999997,0.0,0.0,1025.7733333333333,912717.9833333332
2025-10-26 03:45:00+00:00,27043.565156,85110.718164,241,0.9439999974246074,0.943999977343978,0.7814232246758951,0.855,0.855,2,2054.615,2726.625,1127769.905,709564.3199999998,0.0,0.0,2390.62,918667.1124999999
2025-10-26 04:30:00+00:00,47288.774928,208741.687838,289,0.943,0.947999968715998,0.6832311772587532,0.855,0.855,1,2576.24,2630.97,1129298.53,709197.3499999997,0.0,0.0,2603.6049999999996,919247.94
2025-10-26 06:00:00+00:00,6993.160148000001,151746.775118,328,0.946,0.9479995449593912,0.8325853319421234,0.855,0.855,1,3170.43,2641.1,1128788.72,714687.7399999998,0.0,0.0,2905.765,921738.2299999999
2025-10-26 06:45:00+00:00,122507.23484399999,428443.825294,365,0.948,0.945,0.8072819705010389,0.855,0.855,6,3187.5333333333333,2607.88,1128909.8233333332,714446.1866666664,0.0,0.0,2897.706666666667,921678.0049999999
2025-10-26 07:30:00+00:00,7831.381045999999,177249.463808,253,0.9459999489159944,0.055,0.8676639822205989,0.855,0.855,3,3197.66,2539.226666666667,1129660.6166666665,714220.8666666666,0.0,0.0,2868.4433333333336,921940.7416666665
2025-10-26 08:15:00+00:00,-9678.551494000003,120707.53825,184,0.944,0.9439996979198952,0.8767554069688563,0.855,0.855,2,3210.5,2426.865,1127136.79,715919.2849999998,0.0,0.0,2818.6825,921528.0374999999
2025-10-26 09:00:00+00:00,272035.081842,780095.005004,491,0.944000003776002,0.94899999785526,0.6681350597420534,0.855,0.855,7,4022.2242857142855,1227.8314285714284,1128664.5142857141,717026.5814285713,0.0,0.0,2625.027857142857,922845.5478571428
2025-10-26 09:45:00+00:00,40008.04836,180888.525834,270,0.9489997693929024,0.95,0.6163666508966905,0.86,0.86,7,3749.7042857142856,18728.062857142857,1129026.5657142857,716273.3499999999,0.0,0.0,11238.88357142857,922649.9578571428
2025-10-26 11:15:00+00:00,129969.056566,231958.79697,175,0.954999999995225,0.955,0.6222171299411783,0.865,0.84,7,10974.604285714286,11048.225714285714,1124693.7985714287,709734.9914285714,-0.025000000000000022,-2.500000000000002,11011.415,917214.395
2025-10-26 12:00:00+00:00,44269.204918,82341.859826,185,0.956,0.9559999996013898,0.6354432195014954,0.845,0.845,2,660.4,2331.88,1117685.8099999998,704262.8999999999,0.0,0.0,1496.14,910974.3549999999
2025-10-26 12:45:00+00:00,54744.032794,110001.475184,245,0.955999996012351,0.043,0.6504693562246792,0.845,0.845,4,847.5425,1504.85,1121180.5525,709163.6224999998,0.0,0.0,1176.19625,915172.0874999999
2025-10-26 13:30:00+00:00,151263.574856,277684.40241599997,216,0.043,0.9559999986658526,0.6897175421249246,0.845,0.845,4,1210.11,1627.8175,1123483.0875,709833.485,0.0,0.0,1418.96375,916658.2862499999
2025-10-26 14:15:00+00:00,64008.117165999996,194843.943768,155,0.956,0.954999817594962,0.7553278679233117,0.845,0.845,4,1397.3475,1515.4575,1122893.7725,709907.7124999999,0.0,0.0,1456.4025000000001,916400.7424999999
2025-10-26 15:00:00+00:00,-27366.590558,111253.573836,164,0.954999993651891,0.955,0.7440023948262691,0.845,0.845,5,1420.276,1344.5459999999998,1122746.2759999998,707520.8119999999,0.0,0.0,1382.411,915133.5439999999
2025-10-26 16:30:00+00:00,48594.962558,79262.487946,170,0.953,0.046,0.5853520501119424,0.845,0.845,3,1327.4966666666667,1083.19,1122464.5633333332,708749.1533333333,0.0,0.0,1205.3433333333332,915606.8583333333
2025-10-26 17:15:00+00:00,24725.516667999997,165519.850614,295,0.9530000001656244,0.9549999772709988,0.6275933265963195,0.855,0.855,2,13683.08,5073.525,1135476.635,713314.475,0.0,0.0,9378.3025,924395.5549999999
2025-10-26 18:00:00+00:00,137716.174166,181627.864684,277,0.954999996882438,0.9519998197545806,0.7893884333279599,0.855,0.855,4,13533.08,5055.1,1135304.6475,712526.71,0.0,0.0,9294.09,923915.67875
2025-10-26 19:30:00+00:00,97712.932712,192904.13791,463,0.951,0.9499995724997649,0.7286946420171033,0.855,0.855,6,13004.955,5081.745,1137369.765,712805.0216666665,0.0,0.0,9043.35,925087.3933333332
2025-10-26 20:15:00+00:00,33174.49502,162669.405418,548,0.95,0.054,0.781949192292144,0.855,0.86,3,12885.996666666666,4575.316666666667,1136629.14,712887.9833333333,0.0050000000000000044,0.5000000000000004,8730.656666666666,924758.5616666665
2025-10-26 21:00:00+00:00,-14282.233296,58706.29387,171,0.0530000010953256,0.053,0.6123572699762195,0.865,0.865,3,2555.3333333333335,4937.09,1125352.24,709144.1999999998,0.0,0.0,3746.211666666667,917248.22
2025-10-26 21:45:00+00:00,18142.983626,53834.004758,222,0.0520000011376004,0.053,0.48388738736486125,0.865,0.865,3,6079.333333333333,4288.349999999999,1129057.6166666665,705824.2499999999,0.0,0.0,5183.841666666666,917440.9333333331
2025-10-26 22:30:00+00:00,-19245.039868,49309.89401,225,0.053,0.9479999864330664,0.5618310923699411,0.865,0.87,4,10224.0,5353.775,1131355.2025000001,703381.5449999999,0.0050000000000000044,0.5000000000000004,7788.8875,917368.37375
2025-10-26 23:15:00+00:00,12779.604608,243097.482096,300,0.9479999935798812,0.949999997168574,0.816979929253645,0.865,0.865,2,10210.52,463.29,1128478.09,702692.7699999999,0.0,0.0,5336.905000000001,915585.4299999999
2025-10-27 00:00:00+00:00,17358.119488,52865.06706,326,0.95,0.95,0.789711504633702,0.865,0.865,1,10197.04,428.8,1130164.56,702497.1199999999,0.0,0.0,5312.92,916330.84
2025-10-27 00:45:00+00:00,-12850.650862,74749.49486,319,0.9509996452764228,0.049000009510133,0.8545153255591651,0.865,0.865,2,9441.43,418.8,1124941.95,702362.1199999999,0.0,0.0,4930.115,913652.0349999999
2025-10-27 01:30:00+00:00,3327.9630979999997,34201.600796,234,0.05,0.9509999898433196,0.5269529908636617,0.865,0.865,8,9866.43,469.15500000000003,1128706.77,716314.3925,0.0,0.0,5167.7925000000005,922510.58125
2025-10-27 02:15:00+00:00,53914.851969999996,152271.292674,257,0.9509999975297876,0.951,0.7439883034031213,0.87,0.87,3,11139.43,7640.203333333334,1129502.363333333,717017.2033333331,0.0,0.0,9389.816666666668,923259.7833333331
2025-10-27 03:00:00+00:00,47941.761056,181640.195182,234,0.95,0.048,0.6964771764050173,0.875,0.875,5,2913.6400000000003,5951.762,1124821.566,716825.034,0.0,0.0,4432.701,920823.3
2025-10-27 03:45:00+00:00,-23984.199306,121224.346342,220,0.951,0.952,0.713709075990122,0.88,0.88,7,7888.4400000000005,9657.35,1133959.0414285713,719655.6371428572,0.0,0.0,8772.895,926807.3392857143
2025-10-27 04:30:00+00:00,17679.419656,71493.198862,313,0.952999932250344,0.952,0.8397447338916443,0.88,0.88,4,9752.2225,7907.025,1136901.5975000001,718349.955,0.0,0.0,8829.623749999999,927625.7762500001
2025-10-27 05:15:00+00:00,-21233.394902,75522.158936,262,0.048,0.048,0.7903282308280981,0.88,0.88,4,9815.02,5814.2225,1137378.5,716069.6525,0.0,0.0,7814.62125,926724.0762499999
2025-10-27 06:00:00+00:00,-16973.523717999997,177774.315394,266,0.953,0.952,0.541007508258461,0.89,0.89,5,730.0440000000001,7168.294,1135590.42,715172.2019999998,0.0,0.0,3949.169,925381.3109999999
2025-10-27 06:45:00+00:00,-8123.601519999999,66944.189894,197,0.04700000014295,0.9520000449280028,0.741157356364724,0.89,0.885,13,1060.95,4040.6015384615384,1125705.296923077,716252.9023076922,-0.0050000000000000044,-0.5000000000000004,2550.775769230769,920979.0996153846
2025-10-27 07:30:00+00:00,60977.53285000001,474858.789776,258,0.9529999037469136,0.0450000047750429,0.6407743601491631,0.885,0.89,5,570.12,5140.314,1125104.704,717326.8919999999,0.0050000000000000044,0.5000000000000004,2855.217,921215.798
2025-10-27 08:15:00+00:00,20881.268042000003,218964.90843,299,0.955,0.957,0.7090869900814478,0.895,0.89,6,147.2,8116.139999999999,1124143.1499999997,717829.5916666667,-0.0050000000000000044,-0.5000000000000004,4131.67,920986.3708333331
2025-10-27 09:00:00+00:00,90102.323888,270272.924724,474,0.9579999948268,0.042,0.6525849538468261,0.89,0.885,7,341.7,7144.075714285714,1123683.1985714284,717481.7242857142,-0.0050000000000000044,-0.5000000000000004,3742.887857142857,920582.4614285713
2025-10-27 09:45:00+00:00,92078.03476600001,382247.26732,499,0.957,0.9589999979411252,0.6479779591687839,0.885,0.88,3,13779.81,1333.2733333333333,1123750.2899999998,716515.4399999998,-0.0050000000000000044,-0.5000000000000004,7556.541666666666,920132.8649999998
2025-10-27 10:30:00+00:00,133090.818424,194072.131412,328,0.9589999983559996,0.956999974578152,0.6448978730726017,0.885,0.895,5,8910.784,7917.494000000001,1127336.514,715430.0819999998,0.010000000000000009,1.0000000000000009,8414.139,921383.298
2025-10-27 11:15:00+00:00,179026.134214,294319.38593,357,0.956999873101766,0.9580000040068,0.5730111910166559,0.895,0.895,3,8445.660000000002,4315.876666666667,1125339.1566666665,714001.4433333332,0.0,0.0,6380.768333333334,919670.2999999998
2025-10-27 12:00:00+00:00,10750.378256,65785.504108,185,0.958999799568641,0.9579999937179814,0.5421308995293012,0.895,0.895,9,8204.66888888889,4062.983333333333,1127592.8355555555,715975.3744444443,0.0,0.0,6133.8261111111115,921784.105
2025-10-27 12:45:00+00:00,501254.559622,979872.765528,394,0.957,0.948,0.6212923256823469,0.895,0.895,14,7810.994285714286,3433.9785714285713,1106213.3357142857,713771.482142857,0.0,0.0,5622.486428571428,909992.4089285714
2025-10-27 13:30:00+00:00,144509.29238,340279.805962,433,0.052,0.946,0.5796229942603093,0.895,0.895,9,7677.536666666667,2152.777777777778,1101173.933333333,710038.7066666665,0.0,0.0,4915.157222222222,905606.3199999998
2025-10-27 14:15:00+00:00,301913.21704,699916.427868,501,0.0530000007696174,0.0580000000428676,0.5150544932586488,0.895,0.895,12,3484.27,2591.6691666666666,1093055.903333333,715241.6266666665,0.0,0.0,3037.9695833333335,904148.7649999998
2025-10-27 15:00:00+00:00,23129.070724,312209.381136,558,0.058,0.942,0.517403942982425,0.895,0.89,7,1654.6928571428573,4955.558571428572,1092229.984285714,718026.1685714284,-0.0050000000000000044,-0.5000000000000004,3305.1257142857144,905128.0764285713
2025-10-27 15:45:00+00:00,51792.783898,269176.55773,517,0.9419999952831836,0.062,0.5262815697440996,0.89,0.89,9,9227.438888888888,7331.969999999999,1099539.0466666664,719703.3177777777,0.0,0.0,8279.704444444444,909621.182222222
2025-10-27 16:30:00+00:00,41295.069756000004,779859.535926,711,0.062,0.916,0.6160439030838063,0.89,0.885,4,8871.8225,3637.85,1101621.1524999999,714699.3049999999,-0.0050000000000000044,-0.5000000000000004,6254.83625,908160.2287499999
2025-10-27 17:15:00+00:00,71447.481966,244837.85152999999,522,0.916,0.9248520231872284,0.5751694201878776,0.885,0.895,16,5282.33125,8385.900625,1107082.6749999998,724228.850625,0.010000000000000009,1.0000000000000009,6834.115937500001,915655.7628124999
2025-10-27 18:00:00+00:00,44083.423502,173587.70936,452,0.076,0.0670000076623206,0.5241757646958101,0.895,0.895,3,1716.1933333333334,7965.43,1109027.4999999998,726783.6033333332,0.0,0.0,4840.8116666666665,917905.5516666665
2025-10-27 18:45:00+00:00,93492.104096,239590.25678599998,311,0.06700000020526,0.926,0.6313318227780363,0.895,0.9,7,2124.1471428571426,16653.875714285714,1107592.2957142855,727099.1357142857,0.0050000000000000044,0.5000000000000004,9389.011428571428,917345.7157142856
2025-10-27 19:30:00+00:00,473584.20839,599903.796246,612,0.0739999975139107,0.909,0.6007681277749455,0.895,0.9,6,2848.2916666666665,23404.431666666667,1112218.148333333,728993.4666666667,0.0050000000000000044,0.5000000000000004,13126.361666666668,920605.8074999999
2025-10-27 20:15:00+00:00,42398.063896,394377.820686,374,0.0939999936803076,0.9079994915192678,0.6651324852064362,0.9,0.9,3,6449.186666666666,29933.5,1117675.3299999998,732048.6733333332,0.0,0.0,18191.343333333334,924862.0016666665
2025-10-27 21:00:00+00:00,77019.14126,149126.05062,285,0.9079994915192678,0.913,0.6230425222350132,0.895,0.895,4,6813.1175,1878.9075,1117678.2524999995,727092.6874999999,0.0,0.0,4346.0125,922385.4699999997
2025-10-27 21:45:00+00:00,289891.24641,380312.76433,533,0.913,0.896,0.6230238586021981,0.895,0.895,3,6156.356666666667,2146.1233333333334,1114416.1199999996,727718.2966666665,0.0,0.0,4151.24,921067.208333333
2025-10-27 22:30:00+00:00,70997.143166,187265.999866,420,0.104,0.91,0.6416016774612274,0.9,0.9,1,7569.85,28445.3,1117830.5699999998,728313.46,0.0,0.0,18007.575,923072.0149999999
2025-10-27 23:15:00+00:00,4556.260891999999,100160.702556,455,0.089,0.095,0.7887644479208841,0.9,0.9,4,6832.2325,27423.32,1116652.9149999998,729042.4424999999,0.0,0.0,17127.77625,922847.6787499998
2025-10-28 00:00:00+00:00,39956.911688,202593.883516,386,0.905,0.097,0.7279874825841537,0.9,0.9,5,4965.2080000000005,24436.184,1110733.3239999998,725085.1499999998,0.0,0.0,14700.696,917909.2369999997
2025-10-28 00:45:00+00:00,48127.911758,92676.808186,339,0.902,0.901,0.6769350885639375,0.9,0.895,13,3387.0415384615385,17257.223846153844,1106149.9915384613,727072.3746153845,-0.0050000000000000044,-0.5000000000000004,10322.13269230769,916611.1830769229
2025-10-28 01:30:00+00:00,8873.86907,120723.019882,436,0.902,0.8989999894704623,0.6448373333117438,0.895,0.895,6,3488.67,779.7683333333333,1104534.3133333332,725509.4666666664,0.0,0.0,2134.2191666666668,915021.8899999999
2025-10-28 02:15:00+00:00,7875.6220379999995,52147.85198,187,0.8989999989952849,0.1,0.7284812700898746,0.895,0.895,8,2361.46625,2614.42,1103200.5724999998,726309.4599999998,0.0,0.0,2487.943125,914755.0162499999
2025-10-28 03:00:00+00:00,401501.225816,488064.200426,720,0.9,0.8779998958304914,0.6072054600779604,0.895,0.895,1,4609.4,2160.85,1104389.7099999995,731649.3599999999,0.0,0.0,3385.125,918019.5349999997
2025-10-28 03:45:00+00:00,14871.773445999997,135906.514168,452,0.8779999117739657,0.878,0.6736365402091085,0.895,0.895,1,5710.51,4601.8,1104590.8199999998,726026.48,0.0,0.0,5156.155000000001,915308.6499999999
2025-10-28 04:30:00+00:00,136232.003778,347756.821582,467,0.878,0.89,0.5280776136698296,0.895,0.895,2,5718.53,4335.21,1106882.84,726261.8899999999,0.0,0.0,5026.87,916572.365
2025-10-28 05:15:00+00:00,38151.644088,173743.66785600001,453,0.888,0.098,0.5760327375618743,0.895,0.895,4,5832.0125,1977.5025,1106557.3225,725640.605,0.0,0.0,3904.7574999999997,916098.96375
2025-10-28 06:45:00+00:00,138797.015032,266898.458244,505,0.90399999934912,0.901,0.6375105011809552,0.895,0.895,10,7196.3009999999995,1522.468,1109547.611,725503.868,0.0,0.0,4359.3845,917525.7395
2025-10-28 07:30:00+00:00,212905.138662,384135.54977599997,529,0.099,0.099,0.6043608257211226,0.895,0.895,5,7032.188,1532.452,1111438.344,727585.7339999999,0.0,0.0,4282.32,919512.039
2025-10-28 08:15:00+00:00,77462.759404,277902.613444,771,0.901,0.889,0.6117192193046327,0.895,0.895,6,5470.428333333333,5306.866666666667,1107535.968333333,734454.4383333331,0.0,0.0,5388.6475,920995.2033333331
2025-10-28 09:00:00+00:00,68340.108052,446682.432314,912,0.8899998431716957,0.107,0.5702681305796097,0.895,0.895,3,4658.7699999999995,7717.94,1107846.9766666666,735863.1266666664,0.0,0.0,6188.355,921855.0516666665
2025-10-28 09:45:00+00:00,500437.50584,860371.297138,1013,0.1058037116345467,0.101,0.5082155539826084,0.895,0.895,2,4440.645,7016.34,1107125.1849999998,736475.0849999997,0.0,0.0,5728.4925,921800.1349999998
2025-10-28 10:30:00+00:00,285135.695134,679987.744858,1031,0.899,0.905,0.525609547891192,0.895,0.895,7,2830.9271428571433,5470.395714285715,1105690.181428571,734453.9757142855,0.0,0.0,4150.6614285714295,920072.0785714283
2025-10-28 11:15:00+00:00,237142.567574,425154.421086,637,0.9059998721260674,0.8939999987483999,0.5795936691799741,0.89,0.89,2,9882.84,5180.7,1102927.42,736521.1799999999,0.0,0.0,7531.77,919724.2999999999
2025-10-28 12:00:00+00:00,78418.69174,196595.722088,351,0.1060000035760071,0.899,0.5578248289406973,0.885,0.885,5,9158.044,2992.812,1101870.6239999996,737458.9419999998,0.0,0.0,6075.428,919664.7829999997
2025-10-28 12:45:00+00:00,188234.566676,270909.904896,531,0.101,0.111,0.551309969018743,0.885,0.885,6,9057.296666666667,4456.546666666666,1101526.5433333328,735618.8249999998,0.0,0.0,6756.921666666667,918572.6841666664
2025-10-28 13:30:00+00:00,236360.780046,345932.732152,381,0.888,0.11299999902481,0.5337431777608972,0.885,0.885,4,9571.13,3863.3950000000004,1102738.7099999995,738232.3649999998,0.0,0.0,6717.2625,920485.5374999996
2025-10-28 15:45:00+00:00,177789.811044,391248.98917200003,577,0.1200000004883801,0.875,0.5470342428572391,0.885,0.88,3,3479.4933333333333,1792.26,1077534.1566666665,742913.6966666664,-0.0050000000000000044,-0.5000000000000004,2635.8766666666666,910223.9266666665
2025-10-28 17:15:00+00:00,95766.500544,149582.133268,582,0.116,0.8819999942573241,0.5355714490965169,0.875,0.875,4,3658.19,1451.0500000000002,1078386.2650000001,745816.1174999999,0.0,0.0,2554.62,912101.19125
2025-10-28 18:00:00+00:00,20884.485112000002,48560.644618,225,0.881,0.883,0.579927064548718,0.875,0.875,1,3034.94,1100.36,1078740.04,745640.7599999998,0.0,0.0,2067.65,912190.3999999999
2025-10-28 18:45:00+00:00,107491.006704,204041.79793,460,0.883,0.1170000014943079,0.5268384470688308,0.875,0.875,1,2384.96,1258.65,1077695.96,746446.4099999998,0.0,0.0,1821.805,912071.1849999998
2025-10-28 19:30:00+00:00,55036.715811999995,318988.29695,422,0.1170000302992265,0.117,0.5126706266248193,0.875,0.875,1,2658.85,1615.88,1085443.85,750906.6599999998,0.0,0.0,2137.365,918175.2549999999
2025-10-28 20:15:00+00:00,26081.234603999997,200431.488662,287,0.8839998960415706,0.119,0.6984842265795544,0.875,0.875,4,2143.025,2207.1400000000003,1083408.6,752129.9799999997,0.0,0.0,2175.0825000000004,917769.2899999999
2025-10-28 21:00:00+00:00,4634.997106,68149.796028,192,0.88,0.8809999790762495,0.7103995946602463,0.875,0.875,3,4500.18,1259.8566666666666,1087003.2133333331,750822.4266666664,0.0,0.0,2880.0183333333334,918912.8199999998
2025-10-28 22:30:00+00:00,133940.09932799998,688902.85489,515,0.880999738080687,0.8839999557999654,0.5780518228765733,0.875,0.875,5,3816.594,1109.94,1087937.594,750553.5799999998,0.0,0.0,2463.267,919245.5869999999
2025-10-28 23:15:00+00:00,33172.65876,110274.451426,295,0.883,0.885,0.6577765224631247,0.875,0.84,13,2913.8561538461536,443.1715384615385,1079462.3723076922,751440.5115384614,-0.03500000000000003,-3.500000000000003,1678.513846153846,915451.4419230768
2025-10-29 00:00:00+00:00,14433.981942,180637.751192,276,0.115,0.115,0.6815676055544433,0.835,0.835,2,9013.2,2404.175,1068741.06,753603.6249999998,0.0,0.0,5708.6875,911172.3424999999
2025-10-29 00:45:00+00:00,18994.994664,102666.694048,265,0.113,0.886,0.5745958875580629,0.835,0.835,2,5389.535,782.52,1070223.995,765197.2049999998,0.0,0.0,3086.0275,917710.6
2025-10-29 01:30:00+00:00,54237.086128,107715.41981,400,0.114,0.887,0.48857101596158825,0.835,0.835,4,799.99,1028.46,1071431.06,764743.5049999998,0.0,0.0,914.225,918087.2825
2025-10-29 02:15:00+00:00,36632.033928,89329.80048,308,0.887,0.8879999984930909,0.5628798618320904,0.835,0.835,4,1899.99,1030.1925,1072716.57,764091.4974999998,0.0,0.0,1465.09125,918404.03375
2025-10-29 03:00:00+00:00,125884.434744,246644.43351,422,0.8879999945300584,0.115,0.6467246876204192,0.835,0.85,14,1869.0985714285712,2150.489285714286,1076351.5357142857,763022.495,0.015000000000000013,1.5000000000000013,2009.7939285714285,919687.0153571428
2025-10-29 03:45:00+00:00,40166.012164,135519.728396,315,0.886,0.8869999909525911,0.44730158235906115,0.85,0.85,2,1109.75,1348.295,1074321.79,767389.4849999999,0.0,0.0,1229.0225,920855.6375
2025-10-29 04:30:00+00:00,53068.204474,114929.97182800001,360,0.886,0.887,0.6588694314975008,0.855,0.85,4,382.6775,1421.335,1073148.2100000002,761833.4275,-0.0050000000000000044,-0.5000000000000004,902.00625,917490.8187500001
2025-10-29 05:15:00+00:00,49543.974354,139713.569358,556,0.886,0.887,0.7600394882860925,0.84,0.84,1,6990.42,210.32,1072522.47,761994.4999999999,0.0,0.0,3600.37,917258.4849999999
2025-10-29 06:00:00+00:00,85659.13049000001,693580.048634,527,0.887,0.111,0.5744394716911023,0.84,0.85,5,3490.076,1677.382,1071436.7560000003,765246.6019999998,0.010000000000000009,1.0000000000000009,2583.7290000000003,918341.679
2025-10-29 06:45:00+00:00,291015.771822,408447.399154,689,0.8889999918439919,0.114,0.5374372583487992,0.85,0.85,3,2343.3333333333335,925.5766666666667,1077089.16,766439.5633333331,0.0,0.0,1634.4550000000002,921764.3616666666
2025-10-29 07:30:00+00:00,316292.897366,454024.75151000003,851,0.8869999953901425,0.88,0.6998611543768553,0.85,0.855,3,3733.7933333333335,1470.8766666666668,1080059.7533333332,763615.8233333332,0.0050000000000000044,0.5000000000000004,2602.335,921837.7883333332
2025-10-29 08:15:00+00:00,36539.088488,162825.744066,466,0.8809997652855331,0.117,0.5623118290525251,0.855,0.855,3,1434.8166666666666,2069.72,1079232.1933333334,766611.36,0.0,0.0,1752.2683333333332,922921.7766666666
2025-10-29 09:00:00+00:00,187900.750874,659895.5642660001,753,0.883,0.89,0.5668409999470263,0.855,0.855,3,66.05666666666667,3342.7966666666666,1442715.0366666669,1062747.2000000002,0.0,0.0,1704.4266666666667,1252731.1183333336
2025-10-29 09:45:00+00:00,1614221.7566240001,1806688.96346,644,0.891,0.123,0.5574315207590348,0.85,0.845,5,1418.848,2954.736,1572423.926,1567473.122,-0.0050000000000000044,-0.5000000000000004,2186.792,1569948.524
2025-10-29 10:30:00+00:00,40485.338950000005,248514.636514,684,0.877,0.8729999985664532,0.5971635639629757,0.845,0.845,3,1307.1733333333334,2733.6133333333332,1573768.9466666665,1567305.6433333333,0.0,0.0,2020.3933333333334,1570537.295
2025-10-29 11:15:00+00:00,155928.555892,405188.64005600003,348,0.8729999918985599,0.1190000030835007,0.46476794225293083,0.845,0.845,2,562.105,2710.28,1572393.2750000001,1567644.31,0.0,0.0,1636.1925,1570018.7925
2025-10-29 12:00:00+00:00,-25824.95838,148851.013438,326,0.12,0.883,0.5519030857549101,0.845,0.855,5,2610.9939999999997,3566.0979999999995,1574637.506,1564987.196,0.010000000000000009,1.0000000000000009,3088.5459999999994,1569812.351
2025-10-29 12:45:00+00:00,-13861.502102,89508.082878,310,0.883,0.1179999966079018,0.6462314096874671,0.855,0.845,15,1752.5153333333333,2201.0026666666668,1572290.8846666666,1562771.226,-0.010000000000000009,-1.0000000000000009,1976.759,1567531.0553333333
2025-10-29 13:30:00+00:00,132356.723684,239867.816694,485,0.883,0.117,0.5260124238606602,0.84,0.845,8,2669.0062500000004,2379.265,1571702.86875,1563225.41625,0.0050000000000000044,0.5000000000000004,2524.135625,1567464.1425
2025-10-29 14:15:00+00:00,317372.270798,531068.00678,528,0.884,0.8909999874697377,0.6019898536682764,0.845,0.845,5,415.196,1148.9859999999999,1569779.8280000002,1562566.3900000001,0.0,0.0,782.0909999999999,1566173.1090000002
2025-10-29 15:00:00+00:00,34858.88524799999,345191.023544,463,0.89,0.11,0.5714900013462861,0.845,0.85,7,1569.6028571428571,3857.108571428572,1570964.2814285716,1562971.4728571433,0.0050000000000000044,0.5000000000000004,2713.3557142857144,1566967.8771428573
2025-10-29 15:45:00+00:00,-197.68,1306.8,9,0.889,0.109,0.45633333333333337,0.85,0.845,18,3628.641111111111,1935.2622222222224,1571414.5433333335,1562391.6583333334,-0.0050000000000000044,-0.5000000000000004,2781.951666666667,1566903.1008333336
2025-10-30 10:30:00+00:00,128109.939184,269689.303268,582,0.943,0.941,0.49230611501831,0.705,0.695,55,2969.7176363636363,19717.705636363637,1469533.2118181817,1333438.1441818182,-0.010000000000000009,-1.0000000000000009,11343.711636363636,1401485.6779999998
2025-10-30 11:15:00+00:00,40920.924028,95986.410346,373,0.058,0.943,0.64349302900632,0.695,0.695,40,12538.70025,1017.0762500000001,1481749.16525,1327497.5285000005,0.0,0.0,6777.88825,1404623.3468750003
2025-10-30 12:00:00+00:00,66269.16342,121084.004158,407,0.942999966994988,0.942,0.7122863372414531,0.695,0.695,47,9858.47,2176.964680851064,1472279.8076595743,1301690.5395744685,0.0,0.0,6017.717340425532,1386985.1736170214
2025-10-30 12:45:00+00:00,75713.106406,195186.85046000002,446,0.942,0.943,0.6455728191556168,0.695,0.685,42,4815.984047619048,10889.21261904762,1474598.4278571429,1339938.712619048,-0.009999999999999898,-0.9999999999999898,7852.598333333333,1407268.5702380955
2025-10-30 13:30:00+00:00,-216310.36927400003,532659.851928,542,0.941,0.947,0.5639697196418328,0.685,0.685,29,5696.247586206896,9339.543793103448,1516401.4113793103,1401703.436896552,0.0,0.0,7517.895689655172,1459052.4241379313
2025-10-30 14:15:00+00:00,-97178.241898,154295.988452,231,0.946,0.947,0.6760373683124096,0.685,0.685,70,15302.413857142858,5507.162571428572,1545656.972285714,1424624.7402857146,0.0,0.0,10404.788214285714,1485140.8562857143
2025-10-30 15:00:00+00:00,20732.430906,72026.645574,237,0.9479999998475698,0.05,0.6342521861239342,0.685,0.695,34,6576.276176470587,60120.97,1568516.0685294117,1445507.667647059,0.009999999999999898,0.9999999999999898,33348.6230882353,1507011.8680882354
2025-10-30 15:45:00+00:00,315524.55313,423690.539258,442,0.05,0.055,0.6223233320819634,0.695,0.695,24,8743.569166666666,14721.155833333332,1590995.08625,1401271.425833334,0.0,0.0,11732.3625,1496133.256041667
2025-10-30 16:30:00+00:00,4549.305206,82068.265234,216,0.0559998988386884,0.941,0.7535808559542192,0.695,0.695,29,14693.309310344828,6917.151379310345,1603576.2927586208,1398195.522068966,0.0,0.0,10805.230344827587,1500885.9074137933
2025-10-30 17:15:00+00:00,116.01914999999968,68836.736782,356,0.941,0.9419999993992678,0.7604279592886675,0.695,0.695,30,32554.663,14824.618333333334,1627266.4173333333,1408258.1913333337,0.0,0.0,23689.640666666666,1517762.3043333334
2025-10-30 18:00:00+00:00,12996.41016,35258.998316,209,0.942,0.94,0.6709840292006171,0.695,0.705,17,14428.665882352941,21722.15117647059,1638950.9935294117,1402538.367647059,0.010000000000000009,1.0000000000000009,18075.408529411765,1520744.6805882354
2025-10-30 18:45:00+00:00,63305.563708,128118.443212,390,0.941,0.056,0.6546000024637285,0.705,0.695,20,14420.3905,20220.686,1626439.103,1403502.0895000002,-0.010000000000000009,-1.0000000000000009,17320.53825,1514970.59625
2025-10-30 19:30:00+00:00,4991.306138000001,66993.57162,353,0.943,0.055,0.687493595616969,0.695,0.695,42,121451.50571428573,16413.26095238095,1683697.579761905,1370781.187857143,0.0,0.0,68932.38333333333,1527239.3838095241
2025-10-30 20:15:00+00:00,14855.625571999999,52545.898498,375,0.055,0.945,0.7311701794578892,0.7,0.7,31,104098.29225806452,16827.875806451615,1695829.1258064515,1382490.3380645164,0.0,0.0,60463.08403225807,1539159.7319354839
2025-10-30 21:00:00+00:00,9367.045138000001,66236.11065,331,0.944,0.944,0.7727639379095222,0.7,0.695,26,37159.564230769225,22146.283846153845,1673355.4392307694,1401484.4188461541,-0.0050000000000000044,-0.5000000000000004,29652.924038461533,1537419.9290384618
2025-10-30 21:45:00+00:00,33378.823052,235551.945778,289,0.945,0.9449999989261362,0.729197145775759,0.695,0.695,25,55401.3208,19129.5588,1636284.4384,1401746.8736000005,0.0,0.0,37265.4398,1519015.6560000004
2025-10-30 22:30:00+00:00,5913.34285,88989.102946,274,0.944,0.944,0.7985928427652228,0.695,0.695,21,109482.0638095238,4602.689523809524,1618657.2542857141,1394075.458571429,0.0,0.0,57042.37666666666,1506366.3564285715
2025-10-30 23:15:00+00:00,26662.31428,165593.102132,540,0.9449997196498964,0.056,0.7354981393552826,0.695,0.705,20,25990.0495,28469.7155,1618492.3885,1409062.7930000003,0.010000000000000009,1.0000000000000009,27229.8825,1513777.59075
2025-10-31 00:00:00+00:00,10836.031952,220873.425184,652,0.9449999857178836,0.947,0.5629586485046829,0.705,0.715,40,6109.46125,62292.947250000005,1619436.9797500002,1379841.7432500003,0.010000000000000009,1.0000000000000009,34201.20425,1499639.3615
2025-10-31 00:45:00+00:00,70391.136022,177724.861062,569,0.946,0.0530000132580528,0.7031792503103308,0.715,0.715,43,8025.628604651162,19392.746744186046,1632453.2813953487,1351272.5027906979,0.0,0.0,13709.187674418605,1491862.8920930233
2025-10-31 01:30:00+00:00,146763.749144,354373.335192,561,0.946,0.949,0.5420160361076989,0.715,0.72,65,3498.014,10817.109538461538,1638852.992153846,1357687.0821538463,0.0050000000000000044,0.5000000000000004,7157.56176923077,1498270.0371538461
2025-10-31 02:15:00+00:00,-1479.5042620000002,85658.971414,295,0.949,0.949,0.7084169311352595,0.72,0.715,55,10123.78690909091,9492.218909090909,1640882.3581818182,1379334.4621818184,-0.0050000000000000044,-0.5000000000000004,9808.002909090908,1510108.4101818183
2025-10-31 03:00:00+00:00,87644.80085799999,431937.076878,653,0.9489997532598174,0.949,0.6671817524697689,0.715,0.715,30,17275.458666666666,3335.199666666667,1648060.3690000002,1361555.208,0.0,0.0,10305.329166666666,1504807.7885000003
2025-10-31 03:45:00+00:00,33353.180322,410727.109648,496,0.9499999762499982,0.05,0.6885007257743614,0.715,0.715,16,16584.708125,7507.7475,1668651.9906249999,1410731.8550000002,0.0,0.0,12046.227812500001,1539691.9228125
2025-10-31 04:30:00+00:00,17863.96204,545401.757126,549,0.9499999712469672,0.9509999887773484,0.7123515091943957,0.715,0.715,20,13231.856,17493.956,1610501.436,1424087.7995000002,0.0,0.0,15362.905999999999,1517294.6177500002
2025-10-31 05:15:00+00:00,36597.011357999996,202388.3231,422,0.95,0.951,0.7135040126669387,0.715,0.705,43,37245.866744186045,28738.17813953488,1562164.9546511627,1449138.2941860466,-0.010000000000000009,-1.0000000000000009,32992.02244186046,1505651.6244186047
2025-10-31 06:00:00+00:00,182210.33725799999,388432.383126,572,0.0489999964743426,0.952,0.5458899995086867,0.705,0.71,51,32924.633725490196,24019.51666666667,1570608.7203921569,1461682.3941176473,0.0050000000000000044,0.5000000000000004,28472.075196078433,1516145.557254902
2025-10-31 06:45:00+00:00,147292.555276,241820.202496,363,0.952,0.0520000000832,0.6600869748552519,0.715,0.705,27,28534.816666666666,7098.690740740741,1561181.065185185,1475944.9085185186,-0.010000000000000009,-1.0000000000000009,17816.753703703704,1518562.986851852
2025-10-31 07:30:00+00:00,46296.36692,127225.606996,351,0.052,0.0539999504279959,0.6949544667251852,0.705,0.705,21,11778.872857142858,9385.513333333332,1548274.5604761902,1515436.2123809524,0.0,0.0,10582.193095238095,1531855.3864285713
2025-10-31 08:15:00+00:00,283975.997854,464817.788478,768,0.9469999981171068,0.9389996441184232,0.6884547691708747,0.705,0.705,22,16162.793181818182,12762.089545454544,1547372.6831818179,1509043.3686363637,0.0,0.0,14462.441363636364,1528208.0259090909
2025-10-31 09:00:00+00:00,13823.861523999998,119004.682752,400,0.062,0.059,0.5372459769574575,0.705,0.705,33,29016.364242424243,13622.270909090908,1549809.798181818,1507911.9215151516,0.0,0.0,21319.317575757574,1528860.8598484849
2025-10-31 09:45:00+00:00,24804.261464,83828.479348,387,0.941,0.9419999999882755,0.5466503317102984,0.705,0.695,53,52228.029811320754,10105.291698113208,1546580.7996226414,1505684.4401886791,-0.010000000000000009,-1.0000000000000009,31166.66075471698,1526132.6199056604
2025-10-31 10:30:00+00:00,35782.631466,107490.568994,399,0.0580000017915917,0.943,0.6361130961261257,0.695,0.695,48,149981.37208333335,5464.197291666666,1423090.8622916664,1519767.9052083334,0.0,0.0,77722.78468750001,1471429.38375
2025-10-31 11:15:00+00:00,176229.462152,308891.860354,532,0.944,0.94099999600075,0.6028036074861071,0.695,0.685,67,89578.66298507462,9265.32104477612,1321018.4880597014,1535218.66880597,-0.009999999999999898,-0.9999999999999898,49421.992014925374,1428118.5784328356
2025-10-31 12:00:00+00:00,31913.833282,146781.775594,594,0.059,0.941,0.5832901634612797,0.685,0.685,64,23129.39390625,43466.8859375,1226555.1165625,1580941.5190625,0.0,0.0,33298.139921875,1403748.3178125
2025-10-31 12:45:00+00:00,5529.153998000001,103592.336546,466,0.06,0.942,0.6648801971379367,0.685,0.675,87,17244.878505747125,44356.18137931034,1221593.7698850576,1551252.8109195405,-0.010000000000000009,-1.0000000000000009,30800.529942528734,1386423.290402299
2025-10-31 13:30:00+00:00,41826.652583999996,70648.552584,183,0.057,0.942,0.5361707840072859,0.67,0.655,48,9339.039166666667,10464.224791666666,1168898.956875,1545031.5833333333,-0.015000000000000013,-1.5000000000000013,9901.631979166666,1356965.2701041666
2025-10-31 14:15:00+00:00,26070.361346,105398.20902,253,0.058,0.9419999413605,0.571545421088553,0.655,0.645,66,6762.245303030303,8884.496969696971,1193187.2645454544,1531559.820909091,-0.010000000000000009,-1.0000000000000009,7823.371136363638,1362373.5427272727
2025-10-31 15:00:00+00:00,-7999.463036,123462.496586,278,0.9419999481810896,0.0560000015104009,0.6527008498491494,0.645,0.645,30,13529.529666666667,14388.894666666667,1244926.6653333334,1558968.2093333337,0.0,0.0,13959.212166666668,1401947.4373333335
2025-10-31 15:45:00+00:00,137942.966146,204894.119986,365,0.9421269389811892,0.942,0.7383501588286122,0.645,0.645,36,10308.399722222222,3697.917777777778,1244407.8866666667,1562813.953055556,0.0,0.0,7003.1587500000005,1403610.9198611113
2025-10-31 16:30:00+00:00,107956.509872,289790.576656,312,0.942,0.056,0.6528793054225756,0.645,0.645,31,19485.412580645163,5335.46064516129,1261404.699354839,1555399.7648387097,0.0,0.0,12410.436612903226,1408402.2320967745
2025-10-31 17:15:00+00:00,24507.572808,56879.35722,290,0.945,0.9429993474431464,0.6439936458360549,0.645,0.645,28,6269.125714285714,4553.992142857142,1248233.3185714285,1571126.9817857144,0.0,0.0,5411.558928571429,1409680.1501785715
2025-10-31 18:00:00+00:00,145973.642468,287738.102788,433,0.942,0.053,0.5563701120591374,0.645,0.645,29,5732.243793103448,8982.588965517241,1250615.6110344827,1568638.9103448275,0.0,0.0,7357.416379310345,1409627.260689655
2025-10-31 18:45:00+00:00,341756.107502,727733.211278,660,0.946,0.06,0.5805976851117655,0.645,0.645,28,1377.1910714285714,1039.7692857142858,1253000.5249999997,1567302.3917857143,0.0,0.0,1208.4801785714285,1410151.458392857
2025-10-31 19:30:00+00:00,29640.972265999997,115912.973236,489,0.94,0.9399999982500964,0.712909179457216,0.645,0.645,23,4273.675652173913,26652.371304347827,1256408.4234782609,1568362.641304348,0.0,0.0,15463.02347826087,1412385.5323913044
2025-10-31 20:15:00+00:00,199773.449184,397824.484696,838,0.939,0.946,0.6349872856054233,0.645,0.645,19,19354.533684210528,4749.327368421053,1278298.9168421053,1557703.363157895,0.0,0.0,12051.930526315791,1418001.1400000001
2025-10-31 21:00:00+00:00,107383.377262,183235.598722,592,0.055,0.9459999895250342,0.7442339347260724,0.645,0.645,20,32389.720500000003,6293.2855,1307150.7445,1556160.2995000002,0.0,0.0,19341.503,1431655.522
2025-10-31 21:45:00+00:00,28693.524105999997,164036.918704,501,0.946,0.943,0.6787223996681312,0.645,0.645,19,30504.076315789473,6070.531052631579,1306539.7494736842,1556425.3636842105,0.0,0.0,18287.303684210525,1431482.5565789472
2025-10-31 22:30:00+00:00,46284.635032,188734.340656,959,0.9429997155282296,0.939,0.6706224196879109,0.645,0.645,4,31362.0175,7620.265,1295173.8175,1549159.045,0.0,0.0,19491.14125,1422166.43125
2025-10-31 23:15:00+00:00,82851.417646,259703.556332,531,0.939,0.9429997155282296,0.6741547736866282,0.645,0.645,23,36892.38739130435,5310.742173913044,1288518.7052173913,1550058.095652174,0.0,0.0,21101.564782608697,1419288.4004347827
